grid,172.3,290.12,668,716.3,315.2,315,290.11,609.1,292.1,386.1,313,367.8,333.3,292,315.1,389,389.2,367,381,label
R200075310,0,0,0,0,0,0,0,0,0,0,1,0,0,0,0,0,0,0,0,1
R200192757,0,0,0,0,1,1,0,0,1,0,0,0,0,1,1,0,0,0,1,1
R200221350,0,0,0,0,0,0,0,0,0,0,1,0,0,0,0,0,0,0,0,1
R200305920,0,0,0,0,0,0,0,0,0,0,1,0,0,0,0,0,0,0,0,1
R200323844,0,0,0,0,1,1,0,0,0,0,0,0,0,0,0,0,0,0,0,1
R200435080,0,0,0,0,1,1,0,0,0,0,0,0,0,0,0,1,1,0,1,1
R200654776,0,0,0,0,0,0,0,0,0,0,1,0,0,1,0,0,0,0,1,1
R200706377,0,0,0,0,1,1,0,0,0,0,1,0,0,1,0,0,0,0,0,1
R200715148,0,0,0,0,1,1,0,0,0,0,0,0,0,0,1,1,1,0,1,1
R200719527,0,0,0,0,1,1,0,0,0,0,0,0,0,0,0,0,0,0,0,1
R201039631,0,0,0,0,1,1,0,0,1,0,1,0,0,1,0,0,0,0,0,1
R201056202,0,0,0,0,1,1,0,0,0,0,0,0,0,0,0,0,0,0,0,1
R201069668,0,0,0,0,0,0,0,0,0,0,1,0,0,0,0,0,0,0,0,1
R201139488,0,0,0,0,0,0,0,0,0,0,0,0,0,0,0,0,0,1,0,1
R201143624,0,0,0,0,1,1,0,0,0,0,1,0,0,0,0,1,0,0,0,1
R201229911,0,0,0,0,1,1,0,0,0,0,0,0,0,0,0,0,0,0,0,1
R201403444,0,0,0,0,1,1,0,0,0,0,0,0,0,0,0,0,0,0,0,1
R201451537,0,0,0,0,1,1,0,0,0,0,0,0,0,0,0,0,0,0,0,1
R201474971,0,0,0,0,1,1,0,0,0,0,1,0,0,0,0,0,0,0,1,1
R201534094,0,0,0,0,1,1,0,0,0,0,0,1,0,0,0,1,1,1,1,1
R201716289,0,0,0,0,1,1,0,0,0,0,0,0,0,0,0,0,0,0,0,1
R201770710,0,0,0,0,0,0,0,0,0,0,1,0,0,0,0,0,0,0,0,1
R201837138,0,0,0,0,1,1,0,0,1,0,1,0,0,1,0,0,0,1,1,1
R201885974,0,0,0,0,1,1,0,0,0,0,0,0,0,0,0,0,0,0,0,1
R201928474,0,0,0,0,1,1,0,1,0,0,0,0,0,0,0,0,0,0,0,1
R201946684,0,0,0,0,1,1,0,0,0,0,0,0,0,1,0,0,0,0,1,1
R201954670,0,0,0,0,0,0,0,0,0,0,0,0,0,0,0,0,0,0,0,1
R201994018,0,0,0,0,1,1,0,0,0,0,0,0,0,0,0,0,0,0,1,1
R202056039,0,0,0,0,0,0,0,0,0,0,1,0,0,0,0,0,0,0,0,1
R202209106,0,0,0,0,0,1,0,0,0,0,0,0,0,0,1,0,0,1,1,1
R202324591,0,0,0,0,1,1,0,0,1,0,0,0,0,1,1,1,0,1,1,1
R202461963,0,0,0,0,1,1,0,0,1,0,0,0,0,1,0,0,0,0,0,1
R202478312,0,0,0,0,1,1,0,0,0,0,0,0,0,0,0,0,0,0,0,1
R202597494,0,0,0,0,1,1,0,0,0,0,1,0,0,0,0,0,0,0,1,1
R202634987,0,0,0,0,0,0,0,0,0,0,0,0,0,0,0,0,0,0,0,1
R202766949,0,0,0,0,1,1,0,0,0,0,0,1,0,0,0,0,0,1,1,1
R202782053,0,0,0,0,1,1,0,0,0,0,0,0,0,0,0,0,0,0,0,1
R202884500,0,0,0,0,1,1,0,0,0,0,0,1,0,0,0,1,0,1,1,1
R202990536,0,0,0,0,1,1,0,0,0,0,0,0,0,0,0,0,0,0,0,1
R203103724,0,0,0,0,0,0,0,0,0,0,1,0,0,0,0,0,0,0,0,1
R203110701,0,0,0,0,1,1,0,0,0,0,0,0,0,0,0,0,0,0,0,1
R203245756,0,0,0,0,0,0,0,0,0,0,1,0,0,0,0,0,0,0,0,1
R203259635,0,0,0,0,1,1,0,0,0,0,0,0,0,0,0,0,0,0,0,1
R203303372,0,0,0,0,1,1,0,0,0,0,0,0,0,0,0,0,0,0,1,1
R203397449,0,0,0,0,0,0,0,0,0,0,0,0,0,0,0,0,0,0,0,1
R203420060,0,0,0,0,1,1,0,0,1,0,0,0,0,1,0,1,0,0,1,1
R203675452,0,0,0,0,1,1,0,0,0,0,0,0,0,0,0,0,0,0,0,1
R203701898,0,0,0,0,1,1,0,0,0,0,0,0,0,0,0,1,1,0,1,1
R203917414,0,0,0,0,0,0,0,0,0,0,1,0,0,0,0,0,0,0,0,1
R203941769,0,0,0,0,1,1,0,0,0,0,1,1,0,0,0,1,0,1,1,1
R204075319,0,0,0,0,0,0,0,0,0,0,0,0,0,0,0,0,0,0,0,1
R204128929,0,0,0,0,0,0,0,0,0,0,1,0,0,0,0,0,0,0,0,1
R204155856,0,0,0,0,1,1,0,0,0,0,0,0,0,0,0,0,0,0,1,1
R204156541,0,0,0,0,1,1,0,0,0,0,0,0,0,0,0,1,1,1,1,1
R204240594,0,0,0,0,0,0,0,0,0,0,0,0,0,0,0,0,0,0,0,1
R204264837,0,0,0,0,1,1,0,0,0,0,0,0,0,0,0,0,0,0,0,1
R204275635,0,0,0,0,1,1,0,0,0,0,0,0,0,0,0,1,0,0,0,1
R204350065,0,0,0,0,1,1,0,0,0,0,1,0,0,0,0,0,0,0,0,1
R204529381,0,0,0,0,1,1,0,0,0,0,0,0,0,0,0,0,0,0,0,1
R204752503,0,0,0,0,1,1,0,0,0,0,1,0,0,0,0,0,0,0,0,1
R204785932,0,1,0,0,0,0,1,0,1,0,0,0,0,1,0,0,0,0,0,1
R204881496,0,0,0,0,1,1,0,0,1,0,0,0,0,1,0,0,0,0,1,1
R204943253,0,0,0,0,1,1,0,0,0,0,1,0,0,0,0,0,0,0,1,1
R205112141,0,0,0,0,1,1,0,0,0,0,0,0,0,0,0,0,0,1,0,1
R205163799,0,0,0,0,1,1,0,0,0,0,1,0,0,0,0,1,1,0,1,1
R205212180,0,0,0,0,0,0,0,0,0,0,0,0,0,0,0,0,0,0,0,1
R205280235,0,0,0,0,1,1,0,0,0,0,1,0,0,0,0,0,0,0,0,1
R205385200,0,0,0,0,1,1,0,0,0,0,1,0,0,0,0,0,0,0,1,1
R205537490,0,0,0,0,1,1,0,0,1,0,0,0,0,1,0,1,1,0,1,1
R205579400,0,0,0,0,1,1,0,0,0,0,0,0,0,0,0,0,0,0,0,1
R205674444,0,0,0,0,1,1,0,0,0,0,0,0,0,0,0,0,0,0,0,1
R205876985,0,0,0,0,1,1,0,0,0,0,0,0,0,0,0,0,0,0,0,1
R206140334,0,0,0,0,1,1,0,0,0,0,0,0,0,0,0,0,0,0,0,1
R206403041,0,0,0,0,1,1,0,0,0,0,0,0,0,0,0,0,0,0,0,1
R206435495,0,0,0,0,0,0,0,0,0,0,0,0,0,0,0,0,0,0,0,1
R206487173,0,0,0,0,1,1,0,0,1,0,0,0,0,1,0,0,0,0,0,1
R206529755,0,0,0,0,1,1,0,0,0,0,0,0,0,0,0,0,0,0,0,1
R206599173,0,0,0,0,0,0,0,0,0,0,1,0,0,0,0,1,0,0,0,1
R206647227,0,0,0,0,0,0,0,0,0,0,1,0,0,0,0,0,0,0,0,1
R206814803,0,0,0,0,1,1,0,0,0,0,0,0,0,0,0,0,0,0,0,1
R206887531,0,0,0,0,0,0,0,0,0,0,1,0,0,1,0,1,1,0,1,1
R206917012,0,0,0,0,1,1,0,0,1,0,1,1,0,1,0,0,0,1,1,1
R207027685,0,0,0,0,1,1,0,0,0,0,0,0,0,0,0,0,0,0,1,1
R207055411,0,0,0,0,0,0,0,0,0,0,0,0,0,0,0,0,0,0,0,1
R207070076,0,0,0,0,1,1,0,0,0,0,1,0,0,0,0,1,1,1,1,1
R207104197,0,0,0,0,1,1,0,0,0,0,1,1,0,0,0,1,1,1,1,1
R207128649,0,0,0,0,0,0,0,0,0,0,1,1,0,0,0,0,0,1,0,1
R207143137,0,0,0,0,1,1,0,0,0,0,0,0,0,0,0,0,0,0,0,1
R207248592,0,0,0,0,0,0,0,0,0,0,1,1,0,0,0,0,0,1,0,1
R207275244,0,0,0,0,1,1,0,0,0,0,0,0,0,0,0,0,0,0,0,1
R207417058,0,0,0,0,1,1,0,0,0,0,0,0,0,0,0,0,0,0,0,1
R207552598,0,0,0,0,1,1,0,0,0,0,1,0,0,0,0,1,1,0,1,1
R207641502,0,0,0,0,1,1,0,0,0,0,0,0,0,0,0,0,0,0,1,1
R207676827,0,0,0,0,1,1,0,0,0,0,1,0,0,0,0,0,0,0,0,1
R207753482,0,0,0,0,0,0,0,0,0,0,1,0,0,0,0,0,0,1,0,1
R207899349,0,0,0,0,1,1,0,0,0,0,1,0,0,0,0,0,0,0,0,1
R207923979,0,0,0,0,0,0,0,0,0,0,0,0,0,0,0,0,0,0,0,1
R207972990,0,0,0,0,1,1,0,0,0,0,0,0,0,0,0,0,0,0,0,1
R208054988,0,0,0,0,1,1,0,0,0,0,1,0,0,0,0,0,0,0,0,1
R208092432,0,0,0,0,0,0,0,0,0,0,0,0,0,0,0,0,0,0,0,1
R208239398,0,0,0,0,1,1,0,0,0,0,0,0,0,0,0,0,0,0,0,1
R208266061,0,0,0,0,1,1,0,0,0,0,1,0,0,0,0,0,0,0,0,1
R208317769,0,0,0,0,0,1,0,0,0,0,1,0,0,0,0,0,0,0,0,1
R208322736,0,0,0,0,1,1,0,0,0,0,1,0,0,0,0,0,0,0,0,1
R208457418,0,0,0,0,1,1,0,0,0,0,0,0,0,0,0,0,0,0,1,1
R208467891,0,0,0,0,0,0,0,0,0,0,1,0,0,0,0,0,0,0,0,1
R208541324,0,0,0,0,1,1,0,0,0,0,0,0,0,0,0,1,1,0,1,1
R208658303,0,0,0,0,1,1,0,0,0,0,0,0,0,0,0,0,0,0,0,1
R208763213,0,0,0,0,0,1,0,0,0,0,1,0,0,0,1,0,0,0,0,1
R208802069,0,0,0,0,1,1,0,0,0,0,0,0,0,0,0,0,0,0,1,1
R208922863,0,0,0,0,1,1,0,0,0,0,0,0,0,0,0,0,0,0,1,1
R208938229,0,0,0,0,1,1,0,0,0,0,0,0,0,0,0,0,0,0,0,1
R208968585,0,0,0,0,1,1,0,0,0,0,1,0,0,0,0,0,0,0,0,1
R209042390,0,0,0,0,1,1,0,0,0,0,1,0,1,0,1,0,0,0,0,1
R209192035,0,0,0,0,1,1,0,0,0,0,0,0,0,0,0,0,0,0,0,1
R209233977,0,0,0,0,1,1,0,0,0,0,0,0,0,0,0,0,0,0,0,1
R209250367,0,0,0,0,1,1,0,0,0,0,0,0,0,0,0,0,0,0,0,1
R209558246,0,0,0,0,0,0,0,0,0,0,0,0,0,0,0,0,0,0,0,1
R209593887,0,0,0,0,1,1,0,0,0,0,0,0,0,0,0,0,0,0,1,1
R209606839,0,0,0,0,1,1,0,0,0,0,0,0,0,0,0,0,0,0,0,1
R209656319,0,0,0,0,1,1,0,0,0,0,0,0,0,0,0,0,0,0,0,1
R209665820,0,0,0,0,1,1,0,0,0,0,0,0,0,0,0,0,0,0,0,1
R209774119,0,0,0,0,1,1,0,0,0,0,0,0,0,1,0,0,0,0,0,1
R210690433,0,0,0,0,1,1,0,0,1,0,0,0,0,1,0,1,0,1,0,1
R210758594,0,0,0,0,0,0,0,0,0,0,0,0,0,0,0,0,0,0,0,1
R210816340,0,0,0,0,1,1,0,0,0,0,0,0,0,0,0,0,0,0,0,1
R210854554,0,0,0,0,0,0,0,0,1,0,1,0,0,1,0,0,0,0,0,1
R210881627,0,0,0,0,1,1,0,0,0,0,1,0,0,0,0,1,1,0,1,1
R210884736,0,0,0,0,0,0,0,0,0,0,1,0,0,0,0,0,0,0,0,1
R210888081,1,0,0,0,1,1,0,0,1,0,0,0,0,1,0,0,0,0,0,1
R211014581,0,0,0,0,0,0,0,0,0,0,0,0,0,0,0,0,0,0,0,1
R211019206,0,0,0,0,0,0,0,0,0,0,0,0,0,0,0,0,0,0,0,1
R211117514,0,0,0,0,1,1,0,0,0,0,1,0,0,0,0,0,0,0,0,1
R211122959,0,0,0,0,0,0,0,0,0,0,0,0,0,0,0,0,0,0,0,1
R211189927,0,0,0,0,1,1,0,0,0,0,0,0,0,0,0,0,0,0,0,1
R211245203,0,0,0,0,0,0,0,0,0,0,1,0,0,0,0,0,0,0,0,1
R211251338,0,0,0,0,0,0,0,0,0,0,1,0,0,0,0,0,0,0,0,1
R211353684,0,0,0,0,1,1,0,0,0,0,0,0,0,0,0,0,0,0,1,1
R211402569,0,0,0,0,1,1,0,0,0,0,1,1,0,0,0,0,0,1,0,1
R211412197,0,0,0,0,1,1,0,0,0,0,0,0,0,0,0,1,0,0,0,1
R211469719,0,0,0,0,0,0,0,0,1,0,0,0,0,1,0,0,0,0,0,1
R211475724,0,0,0,0,1,1,0,0,0,0,1,0,0,0,0,0,0,0,0,1
R211542438,0,0,0,0,1,1,0,0,0,0,0,0,0,0,0,0,0,0,1,1
R211550110,0,0,0,0,0,0,0,0,0,0,0,0,0,0,0,0,0,0,0,1
R211672361,0,0,0,0,1,1,0,0,0,0,0,0,0,0,0,0,0,0,0,1
R211684612,0,0,0,0,0,0,0,0,0,0,0,0,0,0,0,0,0,1,0,1
R211787227,0,0,0,0,1,1,0,0,0,0,0,0,0,0,0,0,0,0,0,1
R211818063,0,0,0,0,1,1,0,0,0,0,0,1,0,0,0,0,0,1,0,1
R211922111,0,0,0,0,1,1,0,0,0,0,0,0,0,0,0,1,1,0,1,1
R211929523,0,0,0,0,1,1,0,0,1,0,1,0,0,1,0,1,0,0,0,1
R212587553,0,0,0,0,0,0,0,0,0,0,1,0,0,0,0,0,0,0,0,1
R212612078,0,0,0,0,1,1,0,0,0,0,0,0,0,0,0,0,0,0,0,1
R212618220,0,0,0,0,0,0,0,0,0,0,0,0,0,0,0,0,0,0,0,1
R212688369,0,0,0,0,1,1,0,0,0,0,1,0,0,0,0,0,0,0,0,1
R212755868,0,0,0,0,1,1,0,0,0,0,1,0,0,0,0,0,0,0,0,1
R212870908,0,0,0,0,1,1,0,0,0,0,0,0,0,0,0,0,0,0,0,1
R213182822,0,0,0,0,1,1,0,0,0,0,0,0,0,0,0,0,0,0,0,1
R213249808,0,0,0,0,1,1,0,0,0,0,0,0,0,0,0,0,0,0,0,1
R213293228,0,0,0,0,1,1,0,0,0,0,1,0,0,0,0,0,0,0,0,1
R213468921,0,0,0,0,1,1,0,0,0,0,1,0,0,0,0,1,1,0,1,1
R213585615,0,0,0,0,0,1,0,0,0,0,1,0,0,0,0,0,0,0,0,1
R213632811,0,0,0,0,1,1,0,0,0,0,0,0,0,0,0,0,0,0,0,1
R213675605,0,0,0,0,0,0,0,0,0,0,1,0,0,0,0,0,0,0,0,1
R213683269,0,0,0,0,0,0,0,0,0,0,0,0,0,0,0,1,1,0,0,1
R213719392,0,0,0,0,0,0,0,0,0,0,0,0,0,0,0,0,0,0,0,1
R213909606,0,0,0,0,1,1,0,0,0,0,1,0,0,0,0,0,0,0,0,1
R213930002,0,0,0,0,1,1,0,0,0,0,0,0,0,0,0,0,0,0,0,1
R214048591,0,0,0,0,1,1,0,0,0,0,1,0,1,0,0,0,0,0,0,1
R214098913,0,0,0,0,0,0,0,0,0,0,1,0,0,0,0,0,0,0,0,1
R214145336,0,0,0,0,1,1,0,0,0,0,0,0,0,0,0,0,0,0,1,1
R214163358,0,0,0,0,1,1,0,0,1,0,0,0,0,1,0,0,0,0,0,1
R214179664,0,0,0,0,0,0,0,0,0,0,1,1,0,0,0,1,0,1,0,1
R214265685,0,0,0,0,1,1,0,0,0,0,0,0,0,0,0,1,0,0,0,1
R214291859,0,0,0,0,1,1,0,0,0,0,0,0,0,0,0,0,0,0,0,1
R214401198,0,0,0,0,0,0,0,0,1,1,1,0,0,1,0,1,0,0,1,1
R214489307,0,0,0,0,1,1,0,0,0,0,0,0,0,0,0,0,0,0,0,1
R214771980,0,0,0,0,1,1,0,0,0,0,1,0,0,1,0,0,0,0,0,1
R214837518,0,0,0,0,1,1,0,0,0,0,0,0,0,0,0,0,0,0,0,1
R214851522,0,0,0,0,1,1,0,0,0,0,0,0,0,0,0,0,0,0,0,1
R214943618,0,0,0,0,1,1,0,0,1,0,0,0,0,1,1,0,0,0,1,1
R214948402,0,0,0,0,1,1,0,0,0,0,0,0,0,0,0,0,0,0,1,1
R214975718,0,0,0,0,1,1,0,0,0,0,0,0,0,0,0,0,0,0,0,1
R215060207,0,0,0,0,1,1,0,0,0,0,0,0,0,0,0,0,0,0,0,1
R215219319,0,0,0,0,0,0,0,0,0,0,0,0,0,0,0,1,1,0,0,1
R215230107,0,0,0,0,1,1,0,0,0,0,0,0,0,0,0,0,0,0,0,1
R215311366,0,0,0,0,0,0,0,0,0,0,1,0,0,0,0,0,0,0,0,1
R215502628,0,0,0,0,1,1,0,0,0,0,1,0,0,0,0,0,0,0,1,1
R215581648,0,0,0,0,1,1,0,0,0,0,1,0,0,0,0,0,0,0,0,1
R215693546,0,0,0,0,0,0,0,0,0,0,0,0,0,0,0,0,0,0,0,1
R215803936,0,0,0,0,1,1,0,0,1,0,1,0,0,1,0,0,0,0,1,1
R216169960,0,0,0,0,1,1,0,0,0,0,1,0,0,1,1,0,0,1,0,1
R216397909,0,0,0,0,0,0,0,0,0,0,0,0,0,0,0,0,0,0,0,1
R216527391,0,0,0,0,0,0,0,0,0,0,1,0,0,0,0,0,0,0,0,1
R216557820,0,0,0,0,1,1,0,0,0,0,0,0,0,0,0,0,0,0,0,1
R216716673,0,0,0,0,0,0,0,0,0,0,1,0,0,0,0,0,0,0,0,1
R216870830,0,0,0,0,0,1,0,0,0,0,1,0,0,0,0,0,0,0,0,1
R216871136,0,0,0,0,1,1,0,0,0,0,0,0,0,0,0,0,0,0,0,1
R216913212,0,0,0,0,0,0,0,0,0,0,0,0,0,0,0,1,0,0,0,1
R217104249,0,0,0,0,0,1,0,0,0,0,1,0,0,1,0,1,0,0,0,1
R217149231,0,0,0,0,1,1,0,0,0,0,0,0,0,0,0,1,0,0,0,1
R217210305,0,0,0,0,1,1,0,0,0,0,1,1,0,1,0,1,1,1,1,1
R217240402,0,0,0,0,0,0,0,0,0,0,1,0,0,0,0,0,0,0,1,1
R217243313,0,0,0,0,1,1,0,0,0,0,1,1,0,0,0,1,1,1,1,1
R217249129,0,0,0,0,0,0,0,0,0,0,1,0,0,0,0,0,0,0,0,1
R217249765,0,0,0,0,0,0,0,0,0,0,0,0,0,0,0,0,0,1,1,1
R217268839,0,0,0,0,1,1,0,0,1,0,1,0,0,1,0,1,0,1,0,1
R217397839,0,0,0,0,0,0,0,0,0,0,0,0,0,0,0,0,0,0,0,1
R217511326,0,0,0,0,1,1,0,0,0,0,0,0,0,0,0,0,0,0,1,1
R217589996,0,0,0,0,1,1,0,0,0,0,0,0,0,0,0,0,0,0,1,1
R217676207,0,0,0,0,1,1,0,0,1,0,1,0,0,1,0,0,0,0,0,1
R217766698,0,0,0,0,0,0,0,0,0,0,0,0,0,0,0,0,0,0,0,1
R217853844,0,0,0,0,1,1,0,0,0,0,0,0,0,0,1,1,0,0,0,1
R217882679,0,0,0,0,0,0,0,0,0,0,1,0,0,0,0,1,1,0,0,1
R218298806,0,0,0,0,1,1,0,0,0,0,1,0,0,0,0,1,1,0,1,1
R218395086,0,0,0,0,1,1,0,0,0,0,0,0,0,0,0,0,0,0,0,1
R218669768,0,0,0,0,1,1,0,0,1,0,0,0,0,1,0,0,0,0,0,1
R218674695,0,0,0,0,1,1,0,0,0,0,0,0,0,0,0,0,0,0,0,1
R218680237,0,0,0,0,1,1,0,0,0,0,1,0,0,0,1,0,0,0,0,1
R218754137,0,0,0,0,1,1,0,0,0,0,0,0,0,0,0,0,0,1,0,1
R219001184,0,0,0,0,1,1,0,0,0,0,1,0,0,0,0,1,1,0,1,1
R219046101,0,0,0,0,1,1,0,0,0,0,0,0,0,0,0,0,0,0,1,1
R219048871,0,0,0,0,0,0,0,0,1,0,0,0,0,1,0,1,0,0,0,1
R219093097,0,0,0,0,1,1,0,0,1,0,0,0,0,1,0,0,0,0,1,1
R219093210,0,0,0,0,0,0,0,0,0,0,1,0,0,0,0,0,0,0,0,1
R219147059,0,0,0,0,1,1,0,0,0,0,0,0,0,0,0,1,0,0,0,1
R219329539,0,0,0,0,1,1,0,0,0,0,1,0,0,0,0,0,0,0,0,1
R219372267,0,0,0,0,1,1,0,0,0,0,0,0,0,0,0,0,0,0,0,1
R219403112,0,0,0,0,1,1,0,0,0,0,0,0,0,0,0,0,0,0,0,1
R219721837,0,0,0,0,0,0,0,0,0,0,1,0,0,1,0,0,0,1,0,1
R220189278,0,0,0,0,1,1,0,0,0,0,1,0,1,0,0,0,0,0,0,1
R220289419,0,0,0,0,0,0,0,0,0,0,1,0,0,0,0,0,0,0,1,1
R220341451,0,0,0,0,1,1,0,0,0,0,0,0,0,0,0,0,0,0,0,1
R220354609,0,0,0,0,1,1,0,0,0,0,1,0,0,1,0,0,0,0,0,1
R220433478,0,0,0,0,0,1,0,0,0,0,1,0,0,0,1,0,0,0,1,1
R220589949,0,0,0,0,1,1,0,1,0,0,1,0,0,0,0,0,0,0,1,1
R220801020,0,0,0,0,1,1,0,0,0,0,0,0,0,0,0,0,0,0,1,1
R220859014,0,0,0,0,1,1,0,0,0,0,0,0,0,0,0,1,1,0,1,1
R220953328,0,0,0,0,1,1,0,0,0,0,0,0,0,0,0,0,0,0,0,1
R220981699,0,0,0,0,0,0,0,0,0,0,1,0,0,0,0,0,0,0,0,1
R221069857,0,0,0,0,1,1,0,0,0,0,1,0,0,0,0,1,0,0,0,1
R221119322,0,0,0,0,1,1,0,0,0,0,0,0,0,0,0,0,0,1,0,1
R221165889,0,0,0,0,1,1,0,0,0,0,1,0,0,0,0,0,0,0,0,1
R221212884,0,0,0,0,1,1,0,0,0,0,0,0,0,0,0,0,0,0,0,1
R221241925,0,0,0,0,1,1,0,0,0,0,0,0,0,0,0,0,0,0,1,1
R221389242,0,0,0,0,1,1,0,0,0,0,1,0,0,0,0,0,0,0,1,1
R221582757,0,0,0,0,1,1,0,0,0,0,0,0,0,0,0,0,0,0,0,1
R221584028,0,0,0,0,1,1,0,0,0,0,0,0,0,0,0,0,0,0,0,1
R221614599,0,0,0,0,1,1,0,0,0,0,0,0,0,0,0,0,0,0,0,1
R221730169,0,0,0,0,0,0,0,0,0,0,1,0,0,0,0,0,0,0,0,1
R221754899,0,0,0,0,1,1,0,0,0,0,0,0,0,0,0,0,0,0,0,1
R222150825,0,0,0,0,1,1,0,0,0,0,0,0,0,0,0,0,0,0,0,1
R222214700,0,0,0,0,1,1,0,0,0,0,0,0,0,0,0,0,0,0,0,1
R222331201,0,0,0,0,0,0,0,0,0,0,1,0,0,0,0,0,0,0,0,1
R222338907,0,0,0,0,0,0,0,0,0,0,1,0,0,0,0,0,0,0,0,1
R222518428,0,0,0,0,1,1,0,0,1,0,1,0,0,1,0,1,1,1,1,1
R222635182,0,0,0,0,1,1,0,0,0,0,0,0,0,0,0,1,0,0,1,1
R222809122,0,0,0,0,1,1,0,0,0,0,1,0,0,0,0,0,0,0,0,1
R222821496,0,0,0,0,1,1,0,0,1,0,0,0,0,1,0,0,0,0,1,1
R222889337,0,0,0,0,1,1,0,0,0,0,0,0,0,0,0,0,0,0,0,1
R223082497,0,0,0,0,0,0,0,0,0,0,1,0,0,0,0,0,0,0,0,1
R223194922,0,0,0,0,1,1,0,0,0,0,0,0,0,0,0,0,0,0,0,1
R223210086,0,0,0,0,0,0,0,0,0,0,0,0,0,0,0,0,0,0,0,1
R223274428,0,0,0,0,1,1,0,0,0,0,0,0,0,0,0,0,0,0,1,1
R223361340,0,0,0,0,1,1,0,0,0,0,0,0,0,0,0,0,0,0,0,1
R223372455,0,0,0,0,1,1,0,0,0,0,0,0,0,0,0,1,0,0,0,1
R223398971,0,0,0,0,1,1,0,0,0,0,1,0,0,0,0,0,0,0,0,1
R223415502,0,0,0,0,0,0,0,0,0,0,0,0,0,0,0,1,1,0,0,1
R223608314,0,0,0,0,1,1,0,0,0,0,0,0,0,0,0,1,1,0,1,1
R223617249,0,0,0,0,1,1,0,0,0,0,0,0,0,0,0,1,0,0,0,1
R223633517,0,0,0,0,1,1,0,0,0,0,0,0,0,0,0,1,0,0,0,1
R223971823,0,0,0,0,1,1,0,0,1,0,1,0,0,1,0,0,0,0,0,1
R223984062,0,0,0,0,1,1,0,0,0,0,0,0,0,0,0,0,0,0,0,1
R224012252,0,0,0,0,0,0,0,0,1,0,0,0,0,1,0,1,0,0,1,1
R224131657,0,0,0,0,1,1,0,0,0,0,0,0,0,0,0,1,0,0,0,1
R224150165,0,0,0,0,1,1,0,0,0,0,0,0,0,0,0,0,0,0,0,1
R224227851,0,0,0,0,1,1,0,0,0,0,0,0,0,0,0,0,0,0,0,1
R224460110,0,0,0,0,1,1,0,0,0,0,0,0,0,0,0,1,0,0,0,1
R224522749,0,0,0,0,1,1,0,0,0,0,1,0,0,0,0,0,0,0,0,1
R224524072,0,0,0,0,1,1,0,0,1,0,0,0,0,1,0,0,0,0,1,1
R224533795,0,0,0,0,1,1,0,0,0,0,0,0,0,0,0,0,0,0,0,1
R224539347,0,0,0,0,1,1,0,0,0,0,1,0,0,0,0,0,0,0,0,1
R224762051,0,0,0,0,1,1,0,0,0,0,0,0,0,0,0,0,0,0,1,1
R224764090,0,0,0,0,1,1,0,0,0,0,0,1,0,0,0,0,0,1,0,1
R224884616,0,0,0,0,0,0,0,0,0,0,1,0,0,0,0,0,0,0,0,1
R225014789,0,0,0,0,1,1,0,0,0,0,0,0,0,0,0,0,0,0,0,1
R225177693,0,0,0,0,1,1,0,0,0,0,0,0,0,0,0,0,0,0,0,1
R225245994,0,0,0,0,1,1,0,0,0,0,1,0,0,0,0,0,0,0,0,1
R225260477,0,0,0,0,0,0,0,0,0,0,0,0,0,0,0,0,0,0,0,1
R225266452,0,0,0,0,1,1,0,0,0,0,0,0,0,0,0,0,0,0,0,1
R225289285,0,0,0,0,1,1,0,0,0,0,0,0,0,0,0,0,0,0,0,1
R225393029,0,0,0,0,1,1,0,0,0,0,0,0,0,0,0,0,0,0,0,1
R225504557,0,0,0,0,1,1,0,0,0,0,1,0,0,0,0,0,0,0,1,1
R225690036,0,0,0,0,0,0,0,0,0,0,1,0,0,0,0,0,0,0,0,1
R225708423,0,0,0,0,1,1,0,0,0,0,1,0,0,0,0,0,0,0,0,1
R225718836,0,0,0,0,1,1,0,0,0,0,0,0,0,0,0,0,0,0,1,1
R225757341,0,0,0,0,0,0,0,0,0,0,1,0,0,0,0,0,0,0,0,1
R225945543,0,0,0,0,1,1,0,0,0,0,1,0,0,0,0,0,0,0,0,1
R225953000,0,0,0,0,1,1,0,0,0,0,1,0,0,0,0,0,0,0,1,1
R225977738,0,0,0,0,1,1,0,0,0,0,0,0,0,1,0,0,0,0,0,1
R226047673,0,0,0,0,0,0,0,0,0,0,1,0,0,0,0,0,0,0,0,1
R226212558,0,0,0,0,1,1,0,0,0,0,1,1,0,1,0,1,0,1,1,1
R226471867,0,0,0,0,1,1,0,0,0,0,0,0,0,0,0,0,0,0,0,1
R226481630,0,0,0,0,0,0,0,0,0,0,1,0,0,0,0,0,0,0,0,1
R226569769,0,0,0,0,1,1,0,0,0,0,1,0,0,0,0,1,0,0,1,1
R226724282,0,0,0,0,1,1,0,0,0,0,1,0,0,0,0,0,0,0,0,1
R226834517,0,0,0,0,0,0,0,0,0,0,0,0,0,0,0,0,0,1,0,1
R226995313,0,0,0,0,1,1,0,0,0,0,0,0,0,0,0,0,0,0,0,1
R227027737,0,0,0,0,1,1,0,0,1,0,0,0,0,1,0,1,0,0,1,1
R227035058,0,0,0,0,0,0,0,0,0,0,0,1,0,0,0,0,0,1,0,1
R227095712,0,0,0,0,1,1,0,0,0,0,0,0,0,0,0,1,0,0,0,1
R227272882,0,0,0,0,1,1,0,0,0,0,0,0,0,0,0,0,0,0,1,1
R227380646,0,0,0,0,0,0,0,0,0,0,1,0,0,0,0,1,1,0,1,1
R227425133,0,0,0,0,1,1,0,0,0,0,0,0,0,0,0,0,0,0,0,1
R227469206,0,0,0,0,1,1,0,0,0,0,0,0,0,0,0,0,0,0,0,1
R227616782,0,0,0,0,0,0,0,0,0,0,0,0,0,0,0,0,0,0,0,1
R228072566,0,0,0,0,0,0,0,0,0,0,1,0,0,0,0,0,0,0,0,1
R228078954,0,0,0,0,0,0,0,0,0,0,0,0,0,0,0,0,0,0,1,1
R228116072,0,0,0,0,1,1,0,0,0,0,0,0,0,0,0,0,0,0,0,1
R228243921,0,0,0,0,1,1,0,0,0,0,0,0,0,0,0,1,1,0,0,1
R228247150,0,0,0,0,1,1,0,0,0,0,0,0,0,1,0,0,0,0,0,1
R228248224,0,0,0,0,1,1,0,0,0,0,0,0,0,0,0,1,1,1,1,1
R228302947,0,0,0,0,1,1,0,0,1,0,1,0,0,1,0,1,0,0,1,1
R228416481,0,0,0,0,0,1,0,0,0,0,1,0,0,0,1,0,0,0,0,1
R228490501,0,0,0,0,1,1,0,0,0,0,1,0,0,0,0,0,0,0,1,1
R228566023,0,0,0,0,0,0,0,0,0,0,0,0,0,0,0,0,0,0,1,1
R228685587,0,0,0,0,1,1,0,0,0,0,0,0,0,0,0,0,0,0,0,1
R228730525,0,0,0,0,0,0,0,0,0,0,1,0,0,1,0,0,0,0,1,1
R228778252,0,0,0,0,0,0,0,0,0,0,1,0,0,0,0,0,0,0,1,1
R228868175,0,0,0,0,1,1,0,0,0,0,0,0,0,0,0,0,0,0,0,1
R229054457,0,0,0,0,1,1,0,0,0,0,0,0,0,0,0,0,0,0,1,1
R229108842,0,0,0,0,0,0,0,0,0,0,0,0,0,0,0,0,0,0,0,1
R229176373,0,0,0,0,0,0,0,0,0,0,1,1,0,0,0,0,0,1,1,1
R229212049,0,0,0,0,1,1,0,0,0,0,0,0,0,0,0,1,1,0,1,1
R229364690,0,0,0,0,1,1,0,0,1,0,1,0,0,1,0,0,0,0,0,1
R229404263,0,0,0,0,0,1,0,0,0,0,1,0,0,0,0,0,0,0,0,1
R229416227,0,0,0,0,1,1,0,0,0,0,1,0,0,1,0,0,0,1,0,1
R229430891,0,0,0,0,1,1,0,0,0,0,0,0,0,0,0,0,0,0,0,1
R229652007,0,0,0,0,1,1,0,0,0,0,0,1,0,0,0,0,0,1,0,1
R229656473,0,0,0,0,1,1,0,0,0,0,0,0,0,0,0,0,0,0,0,1
R229665310,0,0,0,0,1,1,0,0,0,0,0,0,0,0,0,0,0,0,0,1
R229826494,0,0,0,0,1,1,0,0,0,0,1,0,0,0,0,0,0,0,0,1
R229890996,0,0,0,0,1,1,0,0,0,0,1,1,0,1,1,1,1,1,1,1
R229906554,0,0,0,0,0,0,0,0,0,0,1,0,0,0,0,0,0,0,0,1
R229958654,0,0,0,0,0,0,0,0,0,0,1,0,0,0,0,0,0,0,0,1
R229997987,0,0,0,0,1,1,0,0,0,0,0,0,0,0,0,0,0,0,0,1
R230120048,0,0,0,0,1,1,0,0,0,0,1,0,0,1,0,0,0,0,0,1
R230438902,0,0,0,0,1,1,0,0,1,0,0,0,0,1,0,1,1,0,1,1
R230593358,0,0,0,0,1,1,0,0,0,0,0,0,0,0,0,0,0,0,0,1
R230693095,0,0,0,0,1,1,0,0,0,0,0,0,0,0,0,0,0,0,0,1
R230736303,0,0,0,0,1,1,0,0,0,0,0,0,0,0,0,1,1,0,1,1
R230746798,0,0,0,0,0,0,0,0,1,0,0,0,0,1,0,0,0,0,0,1
R230749370,0,0,0,0,1,1,0,0,0,0,0,0,0,0,0,1,1,0,1,1
R230817871,0,0,0,0,0,0,0,0,0,0,1,0,0,0,0,0,0,0,0,1
R230830301,0,0,0,0,0,0,0,0,0,0,0,0,0,0,0,0,0,0,0,1
R230881971,0,0,0,0,0,0,0,0,0,0,1,0,0,0,0,0,0,0,1,1
R230903071,0,0,0,0,1,1,0,0,0,0,0,0,0,0,0,1,0,0,1,1
R231113380,0,0,0,0,1,1,0,0,0,0,1,0,0,0,0,0,0,0,0,1
R231121575,0,0,0,0,1,1,0,0,0,0,0,0,0,0,0,1,0,0,1,1
R231242073,0,0,0,0,0,0,0,0,0,0,1,0,0,0,0,0,0,0,0,1
R231366981,0,0,0,0,1,1,0,0,0,0,0,0,0,0,0,0,0,0,0,1
R231468992,0,0,0,0,0,0,0,0,0,0,1,0,0,0,0,0,0,0,0,1
R231652315,0,0,0,0,1,1,0,0,0,0,0,0,0,0,0,1,0,0,1,1
R231728066,0,0,0,0,1,1,0,0,0,0,1,0,0,0,0,1,0,0,0,1
R231863629,0,0,0,0,1,1,0,0,0,0,1,0,0,0,0,1,1,0,1,1
R232112832,0,0,0,0,0,0,0,0,0,0,1,0,0,0,0,0,0,0,0,1
R232215141,0,0,0,0,1,1,0,0,0,0,1,0,0,0,0,0,0,0,0,1
R232372102,0,0,0,0,1,1,0,0,0,0,0,0,0,0,0,0,0,0,0,1
R232413883,0,0,0,0,0,0,0,0,0,0,1,0,0,0,0,0,0,0,0,1
R232540124,0,0,0,0,0,0,0,0,0,0,0,0,0,0,0,0,0,0,0,1
R232553664,0,0,0,0,1,1,0,0,0,0,0,0,0,0,0,0,0,0,0,1
R232614382,0,0,0,0,0,0,0,0,0,0,0,0,0,0,0,0,0,0,0,1
R232661468,0,0,0,0,1,1,0,0,0,0,0,0,0,0,0,0,0,1,1,1
R232668567,0,0,0,0,1,1,0,0,0,0,0,0,0,0,0,0,0,0,0,1
R232701057,0,0,0,0,0,0,0,0,0,0,1,0,0,0,0,0,0,0,0,1
R232982685,0,0,0,0,1,1,0,0,0,0,0,0,0,0,0,0,0,0,0,1
R233215223,0,0,0,0,0,1,0,0,0,0,1,0,0,0,0,0,0,0,1,1
R233245580,0,0,0,0,1,1,0,0,0,0,0,0,0,0,0,1,1,0,1,1
R233333100,0,0,0,0,1,1,0,0,0,0,0,0,0,0,0,0,0,0,0,1
R233342087,0,0,0,0,1,1,0,0,0,0,0,0,0,0,0,0,0,0,0,1
R233379454,0,0,0,0,1,1,0,0,0,0,0,0,0,0,0,0,0,0,0,1
R233514157,0,0,0,0,0,0,0,0,0,0,0,0,0,0,0,0,0,0,0,1
R233541271,0,0,0,0,1,1,0,0,0,0,0,0,0,0,0,1,0,0,0,1
R233634372,0,0,0,0,1,1,0,0,1,0,0,0,0,1,1,1,0,0,0,1
R233808556,0,0,0,0,1,1,0,0,0,0,0,0,0,0,0,0,0,0,0,1
R234013307,0,0,0,0,1,1,0,0,1,0,0,0,0,1,0,0,0,0,0,1
R234060640,0,0,0,0,1,1,0,0,0,0,1,0,0,0,0,1,0,0,0,1
R234103692,0,0,0,0,1,1,0,0,0,0,0,0,0,0,0,0,0,0,0,1
R234200042,0,0,0,0,1,1,0,0,0,0,0,0,0,0,0,0,0,0,0,1
R234227138,0,0,0,0,1,1,0,0,0,0,1,1,0,0,0,0,0,1,0,1
R234397173,0,0,0,0,1,1,0,0,0,0,0,0,0,0,0,0,0,0,0,1
R234526692,0,0,0,0,1,1,0,0,0,0,0,0,0,0,0,0,0,0,0,1
R234649360,0,0,0,0,1,1,0,0,0,0,1,1,0,0,1,0,0,1,0,1
R234672899,0,0,0,0,1,1,0,0,0,0,0,0,0,0,0,0,0,0,1,1
R234861961,0,0,0,0,1,1,0,0,0,0,1,0,0,0,0,1,0,0,0,1
R234870597,0,0,0,0,1,1,0,0,0,0,0,0,0,1,0,0,0,0,0,1
R234875051,0,0,0,0,1,1,0,0,1,0,1,1,0,1,0,1,1,1,1,1
R234884262,0,0,0,0,1,1,0,0,0,0,0,0,0,0,0,0,0,0,0,1
R234975821,0,0,0,0,0,0,0,0,0,0,0,0,0,0,0,0,0,0,0,1
R235005457,0,0,0,0,1,1,0,0,0,0,0,0,0,0,0,0,0,0,1,1
R235015398,0,0,0,0,1,1,0,0,0,0,0,0,0,0,0,0,0,0,1,1
R235057291,0,0,0,0,0,0,0,0,0,0,1,0,0,0,0,0,0,0,0,1
R235133898,0,0,0,0,1,1,0,0,0,0,1,0,0,0,0,0,0,0,0,1
R235142449,0,0,0,0,1,1,0,0,0,0,0,0,0,0,0,1,0,0,1,1
R235266096,0,0,0,0,1,1,0,0,0,0,0,0,0,0,0,0,0,1,0,1
R235325333,0,0,0,0,1,1,0,0,0,0,0,0,0,0,0,1,1,0,1,1
R235387128,0,0,0,0,0,0,0,0,0,0,0,0,0,0,0,0,0,0,1,1
R235509832,0,0,0,0,1,1,0,0,0,0,0,0,0,0,0,0,0,0,1,1
R235519070,0,0,0,0,1,1,0,0,0,0,1,0,0,0,0,0,0,0,0,1
R235524630,0,0,0,0,1,1,0,0,0,0,0,0,0,0,0,0,0,0,1,1
R235707976,0,0,0,0,1,1,0,0,0,0,0,0,0,0,0,1,1,0,1,1
R235848922,0,0,0,0,1,1,0,0,0,0,0,0,0,0,0,1,0,0,0,1
R236029836,0,0,0,0,0,0,0,0,0,0,0,1,0,0,0,0,0,1,0,1
R236132692,0,0,0,0,1,1,0,0,0,0,1,0,0,0,0,0,0,0,0,1
R236329110,0,0,0,0,1,1,0,0,0,0,0,0,0,0,0,0,0,0,0,1
R236382118,0,0,0,0,1,1,0,0,0,0,0,0,0,0,0,0,0,0,0,1
R236390044,0,0,0,0,1,1,0,0,0,0,0,0,0,0,0,0,0,0,0,1
R236504232,0,0,0,0,1,1,0,0,0,0,0,0,0,0,0,1,0,0,0,1
R236782541,0,0,0,0,0,0,0,0,0,0,0,0,0,0,0,0,0,0,0,1
R236812027,0,0,0,0,1,1,0,0,0,0,1,0,0,0,0,1,1,0,1,1
R236813391,0,0,0,0,1,1,0,0,0,0,1,0,0,0,0,0,0,0,0,1
R236819340,0,0,0,0,1,1,0,0,0,0,1,0,0,0,0,0,0,0,0,1
R236928203,0,0,0,0,0,0,0,0,0,0,1,0,0,0,0,0,0,0,0,1
R237103159,0,0,0,0,0,0,0,0,0,0,1,0,0,0,0,0,0,0,0,1
R237124537,0,0,0,0,1,1,0,0,1,0,1,0,0,1,0,0,0,0,1,1
R237152632,0,0,0,0,1,1,0,0,1,0,1,0,0,1,0,1,0,0,0,1
R237316462,0,0,0,0,1,1,0,0,1,0,1,0,0,1,0,0,0,0,0,1
R237446602,0,0,0,0,1,1,0,0,0,0,0,0,0,0,0,0,0,0,0,1
R237587226,0,0,0,0,1,1,0,0,0,0,0,0,0,0,0,0,0,0,0,1
R237813047,0,0,0,0,1,1,0,0,0,0,1,0,0,0,0,0,0,0,0,1
R237844982,0,0,0,0,1,1,0,0,0,0,0,0,0,0,0,0,0,0,0,1
R237880326,0,0,0,0,1,1,0,0,1,0,1,0,0,1,0,0,0,0,0,1
R237884125,0,0,0,0,1,1,0,0,0,0,0,0,0,0,0,0,0,0,0,1
R237984122,0,0,0,0,1,1,0,0,0,0,1,0,0,0,0,1,0,0,1,1
R238077824,0,0,0,0,1,1,0,0,0,0,0,0,0,0,0,0,0,0,0,1
R238116653,0,0,0,0,1,1,0,0,0,0,0,0,0,0,0,0,0,0,0,1
R238145585,0,0,0,0,1,1,0,0,0,0,0,0,0,0,0,0,0,0,1,1
R238205270,0,0,0,0,0,0,0,0,0,0,0,0,0,0,0,0,0,0,0,1
R238272146,0,0,0,0,1,1,0,0,0,0,0,0,0,0,0,0,0,0,0,1
R238310480,0,0,0,0,1,1,0,0,0,0,1,0,0,0,0,0,0,1,0,1
R238340365,0,0,0,0,0,0,0,0,0,0,1,0,0,0,0,0,0,0,0,1
R238372712,0,0,0,0,1,1,0,0,0,0,0,0,0,0,0,0,0,0,1,1
R238443038,0,0,0,0,0,0,0,0,0,0,0,0,0,0,0,0,0,0,1,1
R238468119,0,0,0,0,1,1,0,0,0,0,0,0,0,0,0,0,0,0,1,1
R238530274,0,0,0,0,1,1,0,0,0,0,0,0,0,0,0,1,0,0,0,1
R238561798,0,0,0,0,1,1,0,0,0,0,0,0,0,1,0,0,0,0,0,1
R238644085,0,0,0,0,1,1,0,0,1,0,1,1,0,1,0,0,0,1,0,1
R238664913,0,0,0,0,1,1,0,0,0,0,0,1,0,0,0,0,0,1,0,1
R238885297,0,0,0,0,0,0,0,0,0,0,1,0,0,0,0,0,0,0,0,1
R238921938,0,0,0,0,0,0,0,0,0,0,0,0,0,0,0,1,0,0,1,1
R238950222,0,0,0,0,1,1,0,0,0,0,1,0,0,0,1,0,0,0,0,1
R239005395,0,0,0,0,1,1,0,0,0,0,1,0,0,0,0,0,0,0,0,1
R239323059,0,0,0,0,1,1,0,0,1,0,1,0,0,1,0,0,0,0,0,1
R239358778,0,0,0,0,1,1,0,0,0,0,0,0,0,0,0,0,0,0,0,1
R239365348,0,0,0,0,1,1,0,0,0,0,0,0,0,0,0,1,0,0,1,1
R239370763,0,0,0,0,0,0,0,0,0,0,1,0,0,0,0,0,0,0,0,1
R239596058,0,0,0,0,1,1,0,0,0,0,1,0,0,0,0,0,0,0,1,1
R239652581,0,0,0,0,0,0,0,0,0,0,0,0,0,0,0,0,0,0,0,1
R239669935,0,0,0,0,1,1,0,0,0,0,0,0,0,0,0,0,0,0,1,1
R239876476,0,0,0,0,1,1,0,0,0,0,1,0,0,0,0,0,0,0,0,1
R239894350,0,0,0,0,1,1,0,0,0,0,0,0,0,0,0,0,0,0,0,1
R239901315,0,0,0,0,1,1,0,0,1,0,0,0,0,1,1,0,0,0,0,1
R240030337,0,0,0,0,0,0,0,0,0,0,0,0,0,0,0,0,0,0,0,1
R240120829,0,0,0,0,1,1,0,0,0,0,0,0,0,0,0,0,0,0,0,1
R240232244,0,0,1,0,1,1,0,0,0,0,0,0,0,0,0,0,0,0,1,1
R240251810,0,0,0,0,1,1,0,0,0,0,1,0,0,0,0,0,0,0,0,1
R240377337,0,0,0,0,0,1,0,0,0,0,1,0,0,0,1,0,0,0,0,1
R240400085,0,0,0,0,1,1,0,0,0,0,0,0,0,0,0,1,1,0,1,1
R240710369,0,0,0,0,0,0,0,0,0,0,1,0,0,1,0,0,0,0,1,1
R240728029,0,0,0,0,0,0,0,0,0,0,1,0,0,0,0,0,0,0,0,1
R240741491,0,0,0,0,1,1,0,0,0,0,1,0,0,0,0,0,0,0,0,1
R240800704,0,0,0,0,1,1,0,0,0,0,0,0,0,0,0,0,0,0,0,1
R240811002,0,0,0,0,1,1,0,0,0,0,0,0,0,0,0,0,0,0,0,1
R240839367,0,0,0,0,0,0,0,0,0,0,1,0,1,0,0,0,0,0,0,1
R240919038,0,0,0,0,1,1,0,0,0,0,0,0,0,0,0,0,0,0,0,1
R240923179,0,0,0,0,1,1,0,0,0,0,0,0,0,1,0,0,0,1,1,1
R240967129,0,0,0,0,1,1,0,0,0,0,1,0,0,0,0,0,0,0,1,1
R240970206,0,0,0,0,1,1,0,0,0,0,0,0,0,0,0,0,0,0,0,1
R240973074,0,0,0,0,0,0,0,0,0,0,1,0,0,0,0,0,0,0,0,1
R241330540,0,0,0,0,1,1,0,0,0,0,0,0,0,0,0,1,0,0,1,1
R241416997,0,0,0,0,1,1,0,0,0,0,0,0,0,0,0,0,0,0,0,1
R241428286,0,0,0,0,1,1,0,0,0,0,1,0,0,0,0,0,0,0,0,1
R241497971,0,0,0,0,1,1,0,0,0,0,1,0,0,0,0,0,0,0,0,1
R241529080,0,0,0,0,0,0,0,0,0,0,1,0,0,0,0,0,0,0,0,1
R241690569,0,0,0,0,0,0,0,0,0,0,0,0,0,0,0,0,0,0,1,1
R241707634,0,0,0,0,0,0,0,0,0,0,0,0,0,0,0,0,0,0,1,1
R241770926,0,0,0,0,1,1,0,0,0,0,0,0,0,0,0,1,1,0,1,1
R241772609,0,0,0,0,1,1,0,0,0,0,0,0,0,1,0,0,0,0,0,1
R241826088,0,0,0,0,1,1,0,0,0,0,0,0,0,0,0,0,0,1,0,1
R241916356,0,0,0,0,1,1,0,0,1,0,1,0,0,1,0,0,0,0,0,1
R241920256,0,0,0,0,1,1,0,0,0,0,0,0,0,0,0,0,0,0,0,1
R241948874,0,0,0,0,1,1,0,0,0,0,1,0,0,0,0,0,0,0,0,1
R242011136,0,0,0,0,0,1,0,0,0,0,1,0,1,1,1,1,0,0,0,1
R242132252,0,0,0,0,0,0,0,0,0,0,1,0,0,0,0,0,0,0,0,1
R242193397,0,0,0,0,1,1,0,0,0,0,0,0,0,0,0,0,0,0,0,1
R242542075,0,0,0,0,0,0,0,0,0,0,1,0,0,0,0,0,0,0,0,1
R242549734,0,0,0,0,1,1,0,0,0,0,0,0,0,0,0,0,0,0,0,1
R242715234,0,0,0,0,1,1,0,0,0,0,0,0,0,0,0,1,1,0,1,1
R242773315,0,0,0,0,1,1,0,0,0,0,0,0,0,0,0,0,0,0,1,1
R243012277,0,0,0,0,1,1,0,0,0,0,1,0,0,0,0,0,0,0,0,1
R243191453,0,0,0,0,0,0,0,0,0,0,1,0,0,0,0,0,0,0,0,1
R243297900,0,0,0,0,0,0,0,0,0,0,0,0,0,0,0,0,0,0,0,1
R243304383,0,0,0,0,0,0,0,0,0,0,1,0,0,0,0,0,0,0,0,1
R243346115,0,0,0,0,1,1,0,0,0,0,1,0,0,0,1,1,0,0,1,1
R243350450,0,0,0,0,0,0,0,0,0,0,1,0,0,1,0,0,0,1,1,1
R243411040,0,0,0,0,1,1,0,0,1,0,0,0,0,1,0,1,0,1,1,1
R243459033,0,0,0,0,1,1,0,0,0,0,0,0,0,0,0,0,0,0,0,1
R243641111,0,0,0,0,0,0,0,0,0,0,1,0,0,0,0,0,0,0,1,1
R243755990,0,0,0,0,1,1,0,0,0,0,0,0,0,0,0,0,0,0,1,1
R243817121,0,0,0,0,1,1,0,0,0,0,0,0,0,0,0,1,1,0,0,1
R243949342,0,0,0,0,1,1,0,0,0,0,0,0,0,0,0,0,0,0,0,1
R243960023,0,0,0,0,0,0,0,0,0,0,1,0,0,0,0,0,0,0,0,1
R243986460,0,0,0,0,1,1,0,0,0,0,0,0,0,0,0,0,0,0,0,1
R243990338,0,0,0,0,1,1,0,0,1,0,0,0,0,1,0,1,1,0,1,1
R243991400,0,0,0,0,1,1,0,0,0,0,1,0,0,1,0,0,0,0,0,1
R244048656,0,0,0,0,0,0,0,0,0,0,0,0,0,0,0,0,0,0,0,1
R244361582,0,0,0,0,1,1,0,0,1,0,0,0,0,1,0,0,0,0,1,1
R244504220,0,0,0,0,1,1,0,0,0,0,1,0,0,0,0,0,0,0,0,1
R244526359,0,0,0,0,1,1,0,0,0,0,1,0,0,0,0,0,0,0,0,1
R244568815,0,0,0,0,1,1,0,0,1,0,0,0,0,1,1,0,0,0,1,1
R244725827,0,0,0,0,1,1,0,0,1,0,0,0,0,1,0,0,0,1,0,1
R244812926,0,0,0,0,0,0,0,0,0,0,1,0,0,0,0,0,0,0,0,1
R244894449,0,0,0,0,0,0,0,0,0,0,1,0,0,0,0,0,0,0,0,1
R244939170,0,0,0,0,0,0,0,0,0,0,0,0,0,0,0,1,0,0,0,1
R245008995,0,0,0,0,1,1,0,0,0,0,1,0,0,0,0,0,0,0,0,1
R245067840,0,0,0,0,1,1,0,0,0,0,0,0,0,0,0,0,0,0,1,1
R245339399,0,0,0,0,1,1,0,0,0,0,0,0,0,0,0,0,0,0,0,1
R245368022,0,0,0,0,1,1,0,0,0,0,0,0,0,0,0,1,1,0,1,1
R245745780,0,0,0,0,1,1,0,0,1,0,1,0,0,1,0,0,0,0,1,1
R245790529,0,0,0,0,1,1,0,0,0,0,0,0,0,0,0,0,0,0,0,1
R245876051,0,0,0,0,1,1,0,0,0,0,0,1,0,0,0,0,0,1,0,1
R245894765,0,0,0,0,1,1,0,0,0,0,0,0,0,0,0,0,0,0,0,1
R246042457,0,0,0,0,0,0,0,0,0,0,1,0,0,0,0,0,0,0,0,1
R246089839,0,0,0,0,1,1,0,0,0,0,0,0,0,0,0,0,0,0,0,1
R246322128,0,0,0,0,1,1,0,0,0,0,0,0,0,0,0,1,0,0,1,1
R246354322,0,0,0,0,1,1,0,0,0,0,1,1,0,0,0,1,1,1,1,1
R246354407,0,0,0,0,1,1,0,0,0,0,1,0,0,0,0,0,0,0,0,1
R246393267,0,0,0,0,1,1,0,0,0,0,0,0,0,0,0,0,0,0,1,1
R246480716,0,0,0,0,1,1,0,0,0,0,0,0,0,0,0,0,0,0,1,1
R246587563,0,0,0,0,0,0,0,0,0,0,1,0,0,0,0,0,0,0,0,1
R246673389,0,0,0,0,0,0,0,0,0,0,0,0,0,0,0,0,0,0,1,1
R246846812,0,0,0,0,1,1,0,0,1,0,0,0,0,1,0,0,0,0,1,1
R246854511,0,0,0,0,1,1,0,0,0,0,1,0,0,0,0,0,0,0,0,1
R246986855,0,0,0,0,0,0,0,0,0,0,1,0,0,0,0,0,0,0,0,1
R247237479,0,0,0,0,0,1,0,0,1,0,1,0,0,1,1,0,0,0,0,1
R247296436,0,0,0,0,1,1,0,0,0,0,0,0,0,0,0,0,0,0,0,1
R247312947,0,0,0,0,0,0,0,0,0,0,0,0,0,0,0,0,0,0,0,1
R247681273,0,0,0,0,0,0,0,0,0,0,1,0,0,0,0,0,0,0,0,1
R247741268,0,0,0,0,1,1,0,0,0,0,1,0,0,0,0,0,0,0,0,1
R247804377,0,0,0,0,0,0,0,0,0,0,0,1,0,0,0,0,0,1,0,1
R247875684,0,0,0,0,1,1,0,0,0,0,0,0,0,0,0,0,0,0,0,1
R247949197,0,0,0,0,0,0,0,0,0,0,0,0,0,0,0,0,0,0,0,1
R248028003,0,0,0,0,0,0,0,0,0,0,1,0,0,0,0,0,0,0,0,1
R248126507,0,0,0,0,1,1,0,0,0,0,0,0,0,0,0,1,0,0,1,1
R248177937,0,0,0,0,0,0,0,0,1,0,1,0,0,1,0,1,1,0,1,1
R248184091,0,0,0,0,1,1,0,0,0,0,0,0,0,0,0,0,0,0,0,1
R248382748,0,0,0,0,1,1,0,0,0,0,0,0,0,0,0,0,0,0,1,1
R248396536,0,0,0,0,1,1,0,0,0,0,0,0,0,0,0,0,0,0,0,1
R248470376,0,0,0,0,0,0,0,0,0,0,0,0,0,0,0,0,0,0,0,1
R248539891,0,0,0,0,1,1,0,0,0,0,0,0,0,0,0,1,1,0,1,1
R248712420,0,0,0,0,1,1,0,0,0,0,0,0,0,0,0,0,0,0,0,1
R248714112,0,0,0,0,0,0,0,0,0,0,0,0,0,0,0,0,0,0,0,1
R248721896,0,0,0,0,1,1,0,0,0,0,0,0,0,0,0,1,0,0,0,1
R248751916,0,0,0,0,1,1,0,0,0,0,0,0,0,0,0,0,0,0,0,1
R248755884,0,0,0,0,0,0,0,0,0,0,1,0,0,0,0,0,0,0,0,1
R248757598,0,0,0,0,1,1,0,0,1,0,0,0,0,1,0,0,0,0,0,1
R248888597,0,0,0,0,1,1,0,0,1,0,0,0,0,1,0,1,0,0,0,1
R248941024,0,0,0,0,1,1,0,0,1,0,0,0,0,1,0,1,0,1,0,1
R248985497,0,0,0,0,0,0,0,0,0,0,0,0,0,0,0,0,0,0,0,1
R249022036,0,0,0,0,0,0,0,0,0,0,0,0,0,0,0,0,0,0,0,1
R249109000,0,0,0,0,0,1,0,0,0,0,1,0,0,0,1,0,0,1,1,1
R249132301,0,0,0,0,1,1,0,0,0,0,0,0,0,0,0,1,0,0,0,1
R249225050,0,0,0,0,1,1,0,0,0,0,0,0,0,0,0,0,0,0,0,1
R249247740,0,0,0,0,1,1,0,0,0,0,1,0,0,0,0,0,0,0,1,1
R249348057,0,0,0,0,1,1,0,0,0,0,1,0,0,0,0,1,1,0,1,1
R249488323,0,0,0,0,1,1,0,0,0,0,0,0,0,0,0,0,0,0,0,1
R249504856,0,0,0,0,1,1,0,0,0,0,1,0,0,1,0,1,0,0,0,1
R249563952,0,0,0,0,0,0,0,0,0,0,1,0,1,0,0,0,0,0,0,1
R249755366,0,0,0,0,0,0,0,0,1,0,1,0,0,1,0,0,0,0,1,1
R249768626,0,0,0,0,0,0,0,0,0,0,0,0,0,0,0,0,0,0,0,1
R249822746,0,0,0,0,1,1,0,0,0,0,1,0,0,0,0,0,0,0,0,1
R249838817,0,0,0,0,0,0,0,0,0,0,1,0,0,0,0,0,0,0,1,1
R249844452,0,0,0,0,1,1,0,0,0,0,0,0,0,0,0,0,0,0,0,1
R249865511,0,0,0,0,1,1,0,0,0,0,0,0,0,1,0,0,0,0,1,1
R249876813,0,0,0,0,0,1,0,0,0,0,1,0,0,0,1,0,0,0,0,1
R249916382,0,0,0,0,1,1,0,0,0,0,1,0,0,0,0,1,1,0,0,1
R249945422,0,0,0,0,1,1,0,0,0,0,0,0,0,0,0,1,0,0,1,1
R249977179,0,0,0,0,0,0,0,0,0,0,0,0,0,0,0,0,0,0,1,1
R249984218,0,0,0,0,0,0,0,0,0,0,0,0,0,0,0,0,0,0,0,1
R250110067,0,0,0,0,0,0,0,0,0,0,0,0,0,0,0,0,0,0,0,1
R250115464,0,0,0,0,0,0,0,0,0,0,0,0,0,0,0,0,0,0,0,1
R250117357,0,0,0,0,1,1,0,0,0,0,1,0,0,1,0,0,0,1,0,1
R250130073,0,0,0,0,1,1,0,0,0,0,0,0,0,0,0,0,0,0,0,1
R250131158,0,0,0,0,1,1,0,0,0,0,0,0,0,0,0,0,0,0,1,1
R250136494,0,0,0,0,1,1,0,0,1,0,0,0,0,1,0,0,0,0,1,1
R250275636,0,0,0,0,1,1,0,0,0,0,0,0,0,0,0,0,0,0,0,1
R250335684,0,0,0,0,0,0,0,0,0,0,0,0,0,0,0,1,1,0,1,1
R250422403,0,0,0,0,1,1,0,0,0,0,0,0,0,0,0,0,0,0,1,1
R250554900,0,0,0,0,1,1,0,0,0,0,0,0,0,0,0,0,0,0,1,1
R250727248,0,0,0,0,1,1,0,0,0,0,0,0,0,0,0,0,0,0,0,1
R250778273,0,0,0,0,1,1,0,0,0,0,0,0,0,0,0,0,0,0,0,1
R250783902,0,0,0,0,0,0,0,0,0,0,1,0,0,0,0,0,0,0,1,1
R250830486,0,0,0,0,1,1,0,0,1,0,1,0,0,1,1,1,1,0,1,1
R250859821,0,0,0,0,1,1,0,0,0,0,0,0,0,0,0,0,0,0,0,1
R250916913,0,0,0,0,1,1,0,0,0,0,0,0,0,0,0,0,0,0,1,1
R250975591,0,0,0,0,1,1,0,0,0,0,0,0,0,0,0,0,0,0,1,1
R250986268,0,0,0,0,0,0,0,0,0,0,0,0,0,0,0,0,0,0,1,1
R251064873,0,0,0,0,0,0,0,0,0,0,1,0,0,0,0,0,0,0,0,1
R251298644,0,0,0,0,0,0,0,0,0,0,0,0,0,1,0,0,0,0,0,1
R251649332,0,0,0,0,1,1,0,0,0,0,1,0,0,0,0,0,0,0,1,1
R251697773,0,0,0,0,0,0,0,0,0,0,1,0,0,0,0,0,0,0,0,1
R251791689,0,0,0,0,1,1,0,0,0,0,0,0,0,0,0,0,0,0,0,1
R252017038,0,0,0,0,1,1,0,0,0,0,1,0,0,0,1,0,0,0,1,1
R252231537,0,0,0,0,1,1,0,0,0,0,0,1,0,0,0,0,0,1,1,1
R252305668,0,0,0,0,0,1,0,0,0,0,1,0,0,0,1,0,0,0,1,1
R252590287,0,0,0,0,1,1,0,0,0,0,0,0,0,0,0,0,0,0,0,1
R252599011,0,0,0,0,0,0,0,0,1,0,0,0,0,1,0,0,0,0,0,1
R252850474,0,0,0,0,1,1,0,0,1,0,1,0,1,1,0,0,0,0,0,1
R252879919,0,0,0,0,1,1,0,0,0,0,0,0,0,0,0,0,0,0,1,1
R252973455,0,0,0,0,0,0,0,0,0,0,0,0,0,0,0,0,0,0,1,1
R252988560,0,0,0,0,1,1,0,0,0,0,1,0,0,0,0,0,0,0,1,1
R253079197,0,0,0,0,0,1,0,0,0,0,0,0,0,0,0,0,0,0,0,1
R253102032,0,0,0,0,1,1,0,0,0,0,1,0,0,0,0,0,0,0,0,1
R253108673,0,0,0,0,1,1,0,0,0,0,0,0,0,0,0,0,0,0,0,1
R253109613,0,0,0,0,1,1,0,0,0,0,0,0,1,0,0,0,0,0,0,1
R253208323,0,0,0,0,0,0,0,0,0,0,0,0,0,0,0,0,0,0,0,1
R253282428,0,0,0,0,1,1,0,0,0,0,0,0,0,0,0,0,0,0,1,1
R253294246,0,0,0,0,1,1,0,0,0,0,1,0,0,0,0,0,0,0,0,1
R253298843,0,0,0,0,1,1,0,0,0,0,1,0,0,0,0,0,0,0,0,1
R253426008,0,0,0,0,1,1,0,0,0,0,0,0,0,1,0,1,0,0,1,1
R253484214,0,0,0,0,1,1,0,0,0,0,0,0,0,0,0,0,0,0,0,1
R253522700,0,0,0,0,0,0,0,0,0,0,1,0,0,0,0,0,0,0,0,1
R253523168,0,0,0,0,0,0,0,0,0,0,0,0,0,0,0,0,0,0,0,1
R253560902,0,0,0,0,0,0,0,0,0,0,0,0,0,1,0,1,0,0,0,1
R253645862,0,0,0,0,0,0,0,0,0,0,0,0,0,0,0,0,0,0,0,1
R253831660,0,0,0,0,1,1,0,0,0,0,1,0,0,0,0,0,0,0,1,1
R253861034,0,0,0,0,1,1,0,0,0,0,0,0,0,0,0,0,0,0,0,1
R253894782,0,0,0,0,1,1,0,0,0,0,0,0,0,0,0,0,0,0,0,1
R254022505,0,0,0,0,1,1,0,0,1,0,0,0,0,1,0,1,1,0,1,1
R254026376,0,0,0,0,0,0,0,0,0,0,1,0,0,0,0,0,0,0,0,1
R254040876,0,0,0,0,1,1,0,0,0,0,1,0,0,0,0,0,0,0,0,1
R254064220,0,0,0,0,1,1,0,0,0,0,0,0,0,0,0,0,0,0,0,1
R254095935,0,0,0,0,1,1,0,0,1,0,1,0,0,1,0,1,0,0,1,1
R254165410,0,0,0,0,1,1,0,0,0,0,1,0,0,0,0,0,0,0,0,1
R254232710,0,0,0,0,1,1,0,0,0,0,0,0,0,0,0,1,0,0,0,1
R254291753,0,0,0,0,1,1,0,0,0,0,1,0,0,0,0,1,1,1,0,1
R254323897,0,0,0,0,1,1,0,0,0,0,1,0,0,0,0,1,0,0,0,1
R254357441,0,0,0,0,1,1,0,0,0,0,1,0,0,0,1,1,1,0,1,1
R254385776,0,0,0,0,1,1,0,0,1,0,0,0,0,1,0,1,1,0,1,1
R254391394,0,0,0,0,1,1,0,0,0,0,0,0,0,0,0,0,0,0,0,1
R254673754,0,0,0,0,1,1,0,0,0,0,0,0,0,0,0,0,0,0,0,1
R254710799,0,0,0,0,1,1,0,0,1,0,0,0,0,1,0,1,0,0,0,1
R254781796,0,0,0,0,0,0,0,0,0,0,1,0,0,0,0,0,0,0,1,1
R254863889,0,0,0,0,0,0,0,0,0,0,0,0,0,0,0,0,0,0,0,1
R254899637,0,0,0,0,1,1,0,0,0,0,0,0,0,0,0,1,0,0,0,1
R255287134,0,0,0,0,1,1,0,0,1,0,0,0,0,1,1,0,0,0,1,1
R255339660,0,0,0,0,0,0,0,0,0,0,0,0,0,1,0,1,1,0,1,1
R255347503,0,0,0,0,0,0,0,0,0,0,1,0,0,0,0,0,0,1,0,1
R255367611,0,0,0,0,1,1,0,0,0,0,0,0,0,0,0,0,0,0,0,1
R255382768,0,0,0,0,1,1,0,0,0,0,1,0,0,0,0,0,0,0,0,1
R255438009,0,0,0,0,0,0,0,0,0,0,0,0,0,0,0,0,0,0,0,1
R255599560,0,0,0,0,0,1,0,0,0,0,1,0,0,0,1,0,0,0,0,1
R255602583,0,0,0,0,1,1,0,0,0,0,0,0,0,0,0,1,1,0,0,1
R255670949,0,0,0,0,1,1,0,0,1,0,1,0,0,1,0,0,0,0,0,1
R255737636,0,0,0,0,1,1,0,0,0,0,1,0,0,0,0,0,0,0,0,1
R256234596,0,0,0,0,1,1,0,0,0,0,1,0,0,0,0,0,0,0,1,1
R256537364,0,0,0,0,1,1,0,0,0,0,1,0,0,0,0,0,0,0,0,1
R256817534,0,0,0,0,1,1,0,0,0,0,0,0,0,0,0,0,0,0,0,1
R256856238,0,0,0,0,1,1,0,0,0,0,0,1,0,0,0,0,0,1,0,1
R256944219,0,0,0,0,1,1,0,0,0,0,1,0,0,0,0,1,0,0,1,1
R257016144,0,0,0,0,0,0,0,0,0,0,0,0,0,0,0,0,0,0,1,1
R257192834,0,0,0,0,0,0,0,0,0,0,0,0,0,0,0,0,0,0,0,1
R257245089,0,0,0,0,0,1,0,0,0,0,0,0,0,0,0,1,1,0,1,1
R257270341,0,0,0,0,1,1,0,0,0,0,0,1,0,0,0,0,0,1,0,1
R257279627,0,0,0,0,1,1,0,0,0,0,0,0,0,0,0,0,0,0,0,1
R257376792,0,0,0,0,1,1,0,0,0,0,1,0,0,0,0,0,0,0,0,1
R257395166,0,0,0,0,1,1,0,0,0,0,1,0,0,0,0,0,0,0,0,1
R257646475,0,0,0,0,0,0,0,0,0,0,1,0,0,0,0,0,0,0,1,1
R257834569,0,0,0,0,1,1,0,0,0,0,0,0,1,0,0,0,0,0,0,1
R258025046,0,0,0,0,1,1,0,0,0,0,0,0,0,0,0,0,0,0,0,1
R258034953,0,0,0,0,1,1,0,0,0,0,0,0,0,0,0,0,0,0,1,1
R258053305,0,0,0,0,1,1,0,0,0,0,0,1,0,0,0,0,0,1,1,1
R258090689,0,0,0,0,1,1,0,0,0,0,1,0,0,0,0,0,0,0,0,1
R258092763,0,0,0,0,1,1,0,0,0,0,0,0,0,0,0,0,0,0,0,1
R258203475,0,0,0,0,1,1,0,0,0,0,0,0,0,0,0,0,0,0,0,1
R258378892,0,0,0,0,1,1,0,0,0,0,0,0,0,0,0,0,0,0,0,1
R258397844,0,0,0,0,1,1,0,0,0,0,1,0,0,0,0,0,0,0,0,1
R258457318,0,0,0,0,1,1,0,0,0,0,0,0,0,0,0,0,0,0,0,1
R258476069,0,0,0,0,0,0,0,0,0,0,0,0,0,0,0,0,0,0,0,1
R258685502,0,0,0,0,1,1,0,0,0,0,0,0,0,0,0,0,0,0,0,1
R258806790,0,0,0,0,1,1,0,0,0,0,0,1,0,0,0,0,0,1,0,1
R258996117,0,0,0,0,1,1,0,0,0,0,0,0,0,0,0,0,0,0,0,1
R258997496,0,0,0,0,1,1,0,0,0,0,1,0,0,1,0,0,0,0,1,1
R259113032,0,0,0,0,1,1,0,0,0,0,0,0,0,0,0,1,0,0,1,1
R259253164,0,0,0,0,0,0,0,0,0,0,1,0,0,0,0,0,0,0,1,1
R259478220,0,0,0,0,1,1,0,0,1,0,0,0,0,1,0,1,0,0,1,1
R259635891,0,0,0,0,1,1,0,0,0,0,0,0,0,0,0,1,1,0,1,1
R259762215,0,0,0,0,0,1,0,0,0,0,1,0,0,0,0,1,1,0,0,1
R259880545,0,0,0,0,1,1,0,0,0,0,0,0,0,0,0,1,0,0,0,1
R259927194,0,0,0,0,0,0,0,0,0,0,1,0,0,0,0,0,0,0,0,1
R259941508,0,0,0,0,1,1,0,0,0,0,1,0,0,0,0,1,1,0,1,1
R260373022,0,0,0,0,0,0,0,0,0,0,1,0,0,0,0,0,0,0,0,1
R260404345,0,0,0,0,1,1,0,0,0,0,0,0,0,0,0,0,0,0,0,1
R260443115,0,0,0,0,0,0,0,0,0,0,0,0,0,0,0,0,0,0,0,1
R260452690,0,0,0,0,0,0,0,0,0,0,1,0,0,0,0,0,0,0,0,1
R260516492,0,0,0,0,0,0,0,0,0,0,1,0,0,0,0,0,0,0,1,1
R260564600,0,0,0,0,1,1,0,0,0,0,1,0,0,0,0,1,1,0,1,1
R260607966,0,0,0,0,1,1,0,0,0,0,0,0,0,0,0,0,0,0,0,1
R260652367,0,0,0,0,1,1,0,0,0,0,1,0,0,1,0,1,0,0,0,1
R260654548,0,0,0,0,1,1,0,0,1,0,0,0,1,1,0,0,0,0,0,1
R260752429,0,0,0,0,1,1,0,0,0,0,0,0,0,1,0,0,0,0,0,1
R260877259,0,0,0,0,0,0,0,0,0,0,0,0,0,0,0,0,0,0,0,1
R260907244,0,0,0,0,1,1,0,0,0,0,1,0,0,0,1,0,0,1,0,1
R260923616,0,0,0,0,1,1,0,0,1,0,1,0,0,1,1,0,0,1,0,1
R261048839,0,0,0,0,1,1,0,0,0,0,0,0,0,0,0,1,0,0,0,1
R261475182,0,0,0,0,0,0,0,0,0,0,1,0,0,0,0,0,0,0,0,1
R261490105,0,0,0,0,1,1,0,0,1,0,0,0,0,1,0,1,1,1,1,1
R261581329,0,0,0,0,1,1,0,0,0,0,1,1,0,0,0,0,0,1,0,1
R261795458,0,0,0,0,1,1,0,0,0,0,0,0,0,0,0,0,0,0,1,1
R261828449,0,0,0,0,0,0,0,0,0,0,0,0,0,0,0,0,0,0,1,1
R261911635,0,0,0,0,1,1,0,0,0,0,0,0,0,0,0,0,0,0,0,1
R262125921,0,0,0,0,1,1,0,0,0,0,0,0,0,0,0,0,0,1,1,1
R262147548,0,0,0,0,1,1,0,0,0,0,1,0,0,0,1,1,0,1,1,1
R262169984,0,0,0,0,1,1,0,0,0,0,1,0,0,0,0,0,0,0,0,1
R262304095,0,0,0,0,1,1,0,0,0,0,1,0,0,0,0,1,1,0,1,1
R262413040,0,0,0,0,1,1,0,0,0,0,0,0,0,0,0,1,1,0,1,1
R262783800,0,0,0,0,1,1,0,0,0,0,0,0,0,0,0,0,0,0,0,1
R262877706,0,0,0,0,1,1,0,0,0,0,1,0,0,0,0,1,1,0,1,1
R262917858,0,0,0,0,0,0,0,0,0,0,1,0,0,0,0,0,0,0,0,1
R263003285,0,0,0,0,0,0,0,0,0,0,0,0,0,0,0,0,0,0,1,1
R263045515,0,0,0,0,1,1,0,0,0,0,0,0,0,0,0,0,0,0,0,1
R263068171,0,0,0,0,1,1,0,0,0,0,0,0,0,0,0,0,0,1,0,1
R263085308,0,0,0,0,0,0,0,0,0,0,0,0,0,0,0,0,0,0,0,1
R263134465,0,0,0,0,1,1,0,0,0,0,0,0,0,0,0,0,0,0,0,1
R263236608,0,0,0,0,1,1,0,0,0,0,1,1,0,0,0,0,0,1,0,1
R263249849,0,0,0,0,0,0,0,0,0,0,0,0,0,0,0,0,0,0,0,1
R263281226,0,0,0,0,0,0,0,0,0,0,1,0,0,0,0,0,0,0,1,1
R263415408,0,0,0,0,0,0,0,0,0,0,1,0,0,0,0,1,1,0,1,1
R263428828,0,0,0,0,1,1,0,0,0,0,0,0,0,0,0,1,0,0,0,1
R263489842,0,0,0,0,1,1,0,0,0,0,1,0,0,1,0,0,0,0,0,1
R263508911,0,0,0,0,0,0,0,0,0,0,0,0,0,0,0,0,0,0,0,1
R263528971,0,0,0,0,1,1,0,0,0,0,1,0,0,0,1,1,1,0,1,1
R263531920,0,0,0,0,1,1,0,0,0,0,1,0,0,0,0,0,0,0,1,1
R263689835,0,0,0,0,1,1,0,0,0,0,0,0,0,0,0,0,0,0,1,1
R263698856,0,0,0,0,0,0,0,0,0,0,1,0,0,0,0,0,0,0,0,1
R263724114,0,0,0,0,0,0,0,0,0,0,1,0,0,0,0,0,0,0,1,1
R264066080,0,0,0,0,1,1,0,0,0,0,0,0,0,1,0,0,0,0,1,1
R264108040,0,0,0,0,1,1,0,0,0,0,0,0,0,0,0,1,0,0,0,1
R264514693,0,0,0,0,1,1,0,0,0,0,0,0,0,0,0,0,0,0,0,1
R264629233,0,0,0,0,0,0,0,0,0,0,1,0,0,0,0,0,0,0,0,1
R264766352,0,0,0,0,1,1,0,0,0,0,1,0,0,0,1,0,0,0,1,1
R264817862,0,0,0,0,1,1,0,0,0,0,0,0,0,0,0,0,0,0,0,1
R264864957,0,0,0,0,1,1,0,0,0,0,1,0,0,1,1,1,0,0,1,1
R264910116,0,0,0,0,1,1,0,0,0,0,0,0,0,0,0,1,0,0,0,1
R264942122,0,0,0,0,1,1,0,0,0,0,1,0,0,0,0,1,1,0,1,1
R265069230,0,0,0,0,0,0,0,0,0,0,0,0,0,0,0,0,0,0,0,1
R265138643,0,0,0,0,1,1,0,0,1,0,0,0,0,1,0,0,0,0,1,1
R265171649,0,0,0,0,1,1,0,0,0,0,0,0,0,0,0,0,0,0,0,1
R265188599,0,0,0,0,1,1,0,0,0,0,1,0,1,0,0,0,0,0,0,1
R265362685,0,0,0,0,0,0,0,0,0,0,1,0,0,0,0,0,0,0,0,1
R265365069,0,0,0,0,1,1,0,0,1,0,1,1,0,1,0,1,1,1,1,1
R265512338,0,0,0,0,1,1,0,0,0,0,1,0,0,0,0,0,0,0,0,1
R265616351,0,0,0,0,1,1,0,0,1,0,1,0,0,1,1,0,0,0,1,1
R265653819,0,0,0,0,1,1,0,0,0,0,1,1,0,0,0,1,1,1,1,1
R265707204,0,0,0,0,1,1,0,0,0,0,0,0,0,0,0,0,0,1,1,1
R265755340,0,0,0,0,1,1,0,0,0,0,0,0,0,0,0,0,0,0,0,1
R265863939,0,0,0,0,0,0,0,0,0,0,0,0,0,0,0,0,0,1,1,1
R266033472,0,0,0,0,1,1,0,0,0,0,0,0,0,0,0,0,0,0,0,1
R266058624,0,0,0,0,1,1,0,0,1,0,0,0,0,1,0,0,0,0,1,1
R266343608,0,0,0,0,0,0,0,0,0,0,1,0,0,0,0,0,0,0,0,1
R266343911,0,0,0,0,1,1,0,0,0,0,1,0,0,0,0,0,0,0,0,1
R266365249,0,0,0,0,1,1,0,0,0,0,0,0,0,0,0,0,0,0,1,1
R266546556,0,0,0,0,1,1,0,0,0,0,0,0,0,0,0,0,0,0,1,1
R266625808,0,0,0,0,0,0,0,0,0,0,1,0,0,0,0,0,0,0,0,1
R266664865,0,0,0,0,0,0,0,0,0,0,0,0,0,0,0,0,0,0,0,1
R266925308,0,0,0,0,1,1,0,0,0,0,0,1,0,0,0,0,0,1,0,1
R266966352,0,0,0,0,1,1,0,0,0,0,0,0,0,0,0,0,0,0,0,1
R267188740,0,0,0,0,1,1,0,0,1,0,1,0,0,1,0,0,0,1,1,1
R267216393,0,0,0,0,1,1,0,0,0,0,0,0,0,0,1,0,0,0,0,1
R267286150,0,0,0,0,1,1,0,0,0,0,1,0,0,0,0,0,0,0,1,1
R267304977,0,0,0,0,1,1,0,0,1,0,0,0,0,1,1,0,0,0,1,1
R267701000,0,0,0,0,0,0,0,0,0,0,0,0,0,1,0,0,0,0,0,1
R267720786,0,0,0,0,1,1,0,0,0,0,0,0,0,0,0,0,0,0,0,1
R267876908,0,0,0,0,1,1,0,0,0,0,0,0,0,0,0,1,0,0,1,1
R267944425,0,0,0,0,1,1,0,0,0,0,0,0,0,0,0,1,1,1,1,1
R267991600,0,0,0,0,0,1,0,0,0,0,1,0,0,0,0,1,0,0,0,1
R268086624,0,0,0,0,1,1,0,0,0,0,0,0,0,0,0,1,1,0,1,1
R268133502,0,0,0,0,1,1,0,0,0,0,0,0,0,0,0,0,0,0,0,1
R268134239,0,0,0,0,1,1,0,0,0,0,0,0,0,0,0,0,0,0,0,1
R268201012,0,0,0,0,0,1,0,0,0,0,0,0,0,0,1,0,0,0,0,1
R268231992,0,0,0,0,1,1,0,0,0,0,0,0,0,0,0,0,0,0,0,1
R268309656,0,0,0,0,0,0,0,0,0,0,1,0,0,0,0,0,0,0,0,1
R268361885,0,0,0,0,1,1,0,0,0,0,1,0,0,0,0,0,0,0,0,1
R268371285,0,0,0,0,0,0,0,0,0,0,1,0,0,0,0,0,0,0,0,1
R268466675,0,0,0,0,1,1,0,0,1,0,0,0,0,1,0,0,0,0,0,1
R268526578,0,0,0,0,1,1,0,0,0,0,0,0,0,0,0,0,0,0,0,1
R268583026,0,0,0,0,1,1,0,0,0,0,0,0,0,0,1,0,0,0,0,1
R268585550,0,0,0,0,1,1,0,0,0,0,1,0,0,0,0,0,0,0,0,1
R268588728,0,0,0,0,1,1,0,0,1,0,1,0,0,1,0,1,1,0,1,1
R268999168,0,0,0,0,1,1,0,0,0,0,0,0,0,0,0,0,0,0,1,1
R269139853,0,0,0,0,1,1,0,0,0,0,1,0,1,0,0,1,0,0,0,1
R269146437,0,0,0,0,1,1,0,0,0,0,0,0,0,0,0,0,0,0,1,1
R269448498,0,0,0,0,1,1,0,0,0,0,1,0,0,0,0,0,0,0,1,1
R269566642,0,0,0,0,1,1,0,0,0,0,0,0,0,0,0,0,0,0,0,1
R269703129,0,0,0,0,1,1,0,0,0,0,0,0,0,0,0,0,0,0,1,1
R269746559,0,0,0,0,0,1,0,0,0,0,0,0,0,0,1,0,0,0,1,1
R269761655,0,0,0,0,1,1,0,0,0,0,0,0,0,0,0,0,0,0,0,1
R269805482,0,0,0,0,1,1,0,0,0,0,1,0,0,0,0,0,0,0,0,1
R269838595,0,0,0,0,1,1,0,0,0,0,0,0,0,0,0,0,0,0,0,1
R269902861,0,0,0,0,1,1,0,0,0,0,0,0,0,0,0,0,0,0,0,1
R270102921,0,0,0,0,1,1,0,0,0,0,0,0,0,0,0,0,0,0,0,1
R270237659,0,0,0,0,1,1,0,0,0,0,0,0,0,0,0,0,0,0,1,1
R270307979,0,0,0,0,0,1,0,0,0,0,1,0,0,0,1,0,0,0,0,1
R270316795,0,0,0,0,1,1,0,0,0,0,0,0,0,0,0,0,0,0,0,1
R270444939,0,0,0,0,0,0,0,0,0,0,1,0,0,0,0,0,0,0,0,1
R270527245,0,0,0,0,1,1,0,0,0,0,1,0,0,0,0,0,0,0,0,1
R270625169,0,0,0,0,1,1,0,0,0,0,0,0,0,0,0,0,0,0,0,1
R270639531,0,0,0,0,0,0,0,0,0,0,1,1,0,0,0,0,0,1,0,1
R270658865,0,0,0,0,0,0,0,0,0,0,0,0,0,0,0,0,0,0,0,1
R270793566,0,0,0,0,0,0,0,0,0,0,1,0,0,0,0,0,0,0,0,1
R270916977,0,0,0,0,1,1,0,0,0,0,1,0,0,0,0,0,0,0,0,1
R270964759,0,0,0,0,1,1,0,0,1,0,0,0,0,1,0,1,0,0,0,1
R271080803,0,0,0,0,1,1,0,0,0,0,1,0,0,0,0,1,1,0,1,1
R271143315,0,0,0,0,0,0,0,0,0,0,1,0,1,0,0,0,0,0,0,1
R271169320,0,0,0,0,1,1,0,0,0,0,0,0,0,0,0,0,0,0,1,1
R271201914,0,0,0,0,1,1,0,0,0,0,1,0,0,0,0,0,0,0,1,1
R271335995,0,0,0,0,1,1,0,0,0,0,0,0,0,0,0,1,1,0,1,1
R271558687,0,0,0,0,1,1,0,0,0,0,0,0,0,0,0,0,0,0,0,1
R271603470,0,0,0,0,1,1,0,0,0,0,0,0,0,0,1,1,0,0,1,1
R271631688,0,0,0,0,1,1,0,0,0,0,0,0,0,0,0,0,0,0,0,1
R271852209,0,0,0,0,1,1,0,0,0,0,0,0,0,0,0,1,1,0,1,1
R272093719,0,0,0,0,1,1,0,0,0,0,1,1,0,0,0,1,0,1,1,1
R272127461,0,0,0,0,1,1,0,0,0,0,0,0,0,0,0,0,0,0,1,1
R272131186,0,0,0,0,1,1,0,0,0,0,0,0,0,0,0,1,1,0,1,1
R272197998,0,0,0,0,0,1,0,0,1,0,1,0,0,1,0,0,0,0,1,1
R272232368,0,0,0,0,1,1,0,0,0,0,0,0,0,0,0,0,0,0,0,1
R272250197,0,0,0,0,1,1,0,0,0,0,0,0,0,1,0,1,0,0,0,1
R272341531,0,0,0,0,1,1,0,0,0,0,0,0,0,0,0,0,0,0,0,1
R272348258,0,0,0,0,1,1,0,0,0,0,0,0,0,0,0,0,0,0,0,1
R272401695,0,0,0,0,1,1,0,0,0,0,1,0,0,0,0,0,0,0,0,1
R272733546,0,0,0,0,1,1,0,0,0,0,0,0,0,0,0,0,0,0,0,1
R272812581,0,0,0,0,1,1,0,0,0,0,0,0,0,0,0,0,0,0,0,1
R272837566,0,0,0,0,0,0,0,0,0,0,1,0,1,0,0,0,0,0,0,1
R273002104,0,0,0,0,0,0,0,0,0,0,1,0,0,0,0,0,0,0,0,1
R273021392,0,0,0,0,1,1,0,0,0,0,1,0,0,0,1,0,0,0,0,1
R273071112,0,0,0,0,1,1,0,0,0,0,0,0,0,0,0,1,1,0,0,1
R273143310,0,0,0,0,1,1,0,0,0,0,0,0,0,0,0,1,0,0,1,1
R273193935,0,0,0,0,1,1,0,0,0,0,1,0,0,0,0,1,0,0,1,1
R273251126,0,0,0,0,1,1,0,0,0,0,0,0,0,0,0,0,0,0,1,1
R273313931,0,0,0,0,0,0,0,0,0,0,1,0,0,0,0,0,0,0,1,1
R273560255,0,0,0,0,1,1,0,0,0,0,1,0,0,0,0,0,0,0,0,1
R273683819,0,0,0,0,1,1,0,0,0,0,0,0,0,0,0,0,0,0,1,1
R274117623,0,0,0,0,0,0,0,0,0,0,1,0,0,0,0,0,0,0,0,1
R274305841,0,0,0,0,1,1,0,0,0,0,0,0,0,0,0,0,0,0,0,1
R274341254,0,0,0,0,0,0,0,0,0,0,1,0,0,0,0,0,0,0,1,1
R274369995,0,0,0,0,0,0,0,0,0,0,1,0,0,0,0,0,0,0,1,1
R274373452,0,0,0,0,0,0,0,0,0,0,1,0,0,0,0,0,0,0,0,1
R274422672,0,0,0,0,0,0,0,0,0,0,1,0,0,0,0,0,0,0,0,1
R274506822,0,0,0,0,1,1,0,0,0,0,0,0,0,0,0,0,0,0,0,1
R274582591,0,0,0,0,1,1,0,0,0,0,1,0,0,0,0,0,0,0,0,1
R274707337,0,0,0,0,0,0,0,0,0,0,1,0,0,0,0,0,0,0,1,1
R274719878,0,0,0,0,0,0,0,0,1,0,0,0,0,1,0,1,0,0,1,1
R274744700,0,0,0,0,1,1,0,0,0,0,0,0,0,0,0,0,0,0,0,1
R274757086,0,0,0,0,1,1,0,0,0,0,1,0,0,0,0,0,0,0,0,1
R274857051,0,0,0,0,0,0,0,0,0,0,0,0,0,0,0,0,0,0,1,1
R274874620,0,0,0,0,1,1,0,0,0,0,0,0,0,0,0,0,0,0,0,1
R275078358,0,0,0,0,1,1,0,0,0,0,0,0,0,0,0,0,0,0,0,1
R275086314,0,0,0,0,1,1,0,0,1,0,0,0,0,1,0,0,0,0,0,1
R275395145,0,0,0,0,1,1,0,0,0,0,0,0,0,0,0,1,1,1,1,1
R275597327,0,0,0,0,0,0,0,0,1,0,1,0,0,1,0,0,0,0,0,1
R275667300,0,0,0,0,1,1,0,0,0,0,0,0,0,0,0,0,0,0,0,1
R275680473,0,0,0,0,0,0,0,0,0,0,1,0,0,0,0,0,0,0,0,1
R275714704,0,0,0,0,1,1,0,0,1,0,0,1,0,1,1,1,1,1,1,1
R275818161,0,0,0,0,1,1,0,0,0,0,1,0,0,0,0,0,0,0,0,1
R275903216,0,0,0,0,0,0,0,0,1,0,1,0,0,1,0,0,0,0,0,1
R275943673,0,0,0,0,0,0,0,0,0,0,1,0,0,0,0,0,0,0,0,1
R275972495,0,0,0,0,1,1,0,0,0,0,0,1,0,0,0,0,0,1,1,1
R276081031,0,0,0,0,1,1,0,0,0,0,0,0,0,0,0,0,0,0,1,1
R276157520,0,0,0,0,1,1,0,0,0,0,0,0,0,0,0,1,1,0,1,1
R276352818,0,0,0,0,1,1,0,0,0,0,0,0,0,0,0,0,0,0,1,1
R276374765,0,0,0,0,1,1,0,0,0,0,0,0,0,0,0,0,0,0,1,1
R276405259,0,0,0,0,1,1,0,0,0,0,0,0,0,0,0,1,1,0,1,1
R276412130,0,0,0,0,1,1,0,0,1,0,1,0,0,1,0,1,1,0,1,1
R276460509,0,0,0,0,1,1,0,0,0,0,0,1,0,0,0,0,0,1,1,1
R276531626,0,0,0,0,1,1,0,0,0,0,1,0,0,0,0,1,0,0,1,1
R276659900,0,0,0,0,1,1,0,0,0,0,1,0,0,0,0,0,0,0,0,1
R277092596,0,0,0,0,0,0,0,0,0,0,0,0,0,0,0,1,0,0,1,1
R277231714,0,0,0,0,1,1,0,0,0,0,1,0,0,0,1,0,0,0,1,1
R277415560,0,0,0,0,0,0,0,0,0,0,1,0,0,0,0,0,0,0,0,1
R277463631,0,0,0,0,1,1,0,0,0,0,0,0,0,0,0,0,0,0,0,1
R277464859,0,0,0,0,1,1,0,0,0,0,1,0,0,0,0,1,0,0,1,1
R277804891,0,0,0,0,1,1,0,0,0,0,0,0,0,0,0,0,0,0,0,1
R277806247,0,0,0,0,1,1,0,0,1,0,0,0,0,1,0,0,0,0,1,1
R277972541,0,0,0,0,1,1,0,0,0,0,0,0,0,0,0,0,0,0,0,1
R278002148,0,0,0,0,1,1,0,0,0,0,0,0,0,0,0,1,1,0,1,1
R278237003,0,0,0,0,1,1,0,0,0,0,0,0,0,0,0,0,0,0,0,1
R278525307,0,0,0,0,0,0,0,0,0,0,1,0,0,0,0,0,0,0,0,1
R278560663,0,0,0,0,0,0,0,0,0,0,1,0,0,0,0,0,0,0,0,1
R278638650,0,0,0,0,0,0,0,0,0,0,1,0,0,0,0,0,0,0,0,1
R278966610,0,0,0,0,0,0,0,0,0,0,1,0,0,0,0,0,0,0,0,1
R279176769,0,0,0,0,1,1,0,0,0,0,0,0,0,0,0,0,0,0,0,1
R279248188,0,0,0,0,1,1,0,0,0,0,0,0,0,0,0,0,0,0,1,1
R279452468,0,0,0,0,1,1,0,0,0,0,0,0,0,0,0,0,0,0,0,1
R279557194,0,0,0,0,0,0,0,0,0,0,1,0,0,0,0,0,0,0,0,1
R279566111,0,0,0,0,0,0,0,0,0,0,1,0,0,0,0,0,0,0,1,1
R279584573,0,0,0,0,0,0,0,0,0,0,1,0,0,0,0,0,0,0,0,1
R279778615,0,0,0,0,1,1,0,0,0,0,0,0,0,0,0,0,0,0,0,1
R280141238,0,0,0,0,1,1,0,0,0,0,0,0,0,0,0,0,0,0,0,1
R280396715,0,0,0,0,0,0,1,0,1,0,0,0,0,1,0,0,0,0,0,1
R280418497,0,0,0,0,1,1,0,0,1,0,0,0,0,1,0,1,0,0,1,1
R280436521,0,0,0,0,1,1,0,0,0,0,1,0,0,0,0,0,0,0,1,1
R280597961,0,0,0,0,0,0,0,0,0,0,1,0,0,0,0,0,0,0,0,1
R280643371,0,0,0,0,1,1,0,0,0,0,0,0,0,0,0,0,0,0,0,1
R280701135,0,0,0,0,0,0,0,0,0,0,1,0,0,0,0,0,0,0,0,1
R280803123,0,0,0,0,1,1,0,0,1,0,0,0,0,1,0,0,0,0,0,1
R280821368,0,0,0,0,1,1,0,0,1,0,0,0,0,1,0,0,0,0,1,1
R280834390,0,0,0,0,1,1,0,0,0,0,0,0,0,0,0,0,0,0,1,1
R280841053,0,0,0,0,1,1,0,0,0,0,1,0,0,0,0,0,0,0,0,1
R280857920,0,0,0,0,1,1,0,0,0,0,0,0,0,0,0,0,0,0,1,1
R281037054,0,0,0,0,0,0,0,0,0,0,0,0,0,0,0,1,1,0,1,1
R281088889,0,0,0,0,1,1,0,0,0,0,0,0,0,0,0,0,0,0,1,1
R281148671,0,0,0,0,1,1,0,0,0,0,0,0,0,0,0,0,0,0,1,1
R281271570,0,0,0,0,1,1,0,0,0,0,1,0,0,0,0,1,0,0,1,1
R281304350,0,0,0,0,0,0,0,0,0,0,1,0,0,0,0,0,0,0,0,1
R281320845,0,0,0,0,1,1,0,0,1,0,0,0,0,1,0,0,0,0,0,1
R281405897,0,0,0,0,1,1,0,0,0,0,0,0,0,0,0,1,0,0,0,1
R281450867,0,0,0,0,1,1,0,0,0,0,0,0,0,0,0,0,0,0,0,1
R281485678,0,0,0,0,1,1,0,0,0,0,0,0,0,0,0,0,0,0,0,1
R281605935,0,0,0,0,1,1,0,0,1,0,0,0,0,1,0,0,0,0,0,1
R281676738,0,0,0,0,1,1,0,0,0,0,0,0,0,0,0,0,0,0,0,1
R281723216,0,0,0,0,1,1,0,0,0,0,0,0,0,0,0,0,0,0,0,1
R281761163,0,0,0,0,1,1,0,0,0,0,0,0,0,0,0,0,0,0,0,1
R281841460,0,0,0,0,1,1,0,0,0,0,0,0,0,0,0,0,0,0,0,1
R281873632,0,0,0,0,1,1,0,0,0,0,1,0,0,1,0,0,0,0,1,1
R281875060,0,0,0,0,0,0,0,0,0,0,0,0,0,0,0,0,0,0,0,1
R281943211,0,0,0,0,1,1,0,0,0,0,0,0,0,0,0,0,0,0,0,1
R281999974,0,0,0,0,1,1,0,0,1,0,0,0,0,1,0,0,0,0,0,1
R282789467,0,0,0,0,1,1,0,0,0,0,0,0,0,0,0,1,0,0,1,1
R282843060,0,0,0,0,1,1,0,0,0,0,0,0,0,0,0,0,0,0,0,1
R282925737,0,0,0,0,1,1,0,0,0,0,0,0,0,0,0,0,0,0,0,1
R283077345,0,0,0,0,0,0,0,0,0,0,0,0,0,1,0,1,0,0,0,1
R283103314,0,0,0,0,1,1,0,0,0,0,1,0,0,0,0,0,0,0,0,1
R283214496,0,0,0,0,1,1,0,0,0,0,1,0,0,0,0,1,1,0,1,1
R283339109,0,0,0,0,1,1,0,0,0,0,0,0,0,0,0,0,0,0,0,1
R283388525,0,0,0,0,0,0,0,0,0,0,0,1,0,0,0,1,1,1,1,1
R283455754,0,0,0,0,1,1,0,0,1,0,0,0,0,1,0,1,0,1,1,1
R283503345,0,0,0,0,0,0,0,0,0,0,0,0,0,0,0,0,0,0,1,1
R283640721,0,0,0,0,1,1,0,0,0,0,1,0,0,0,0,1,0,0,1,1
R283798429,0,0,0,0,1,1,0,0,0,0,0,0,0,0,0,0,0,0,0,1
R283821816,0,0,0,0,1,1,0,0,0,0,0,0,0,0,0,0,0,0,1,1
R284187786,0,0,0,0,0,0,0,0,1,0,1,0,0,1,0,0,0,1,0,1
R284201648,0,0,0,0,1,1,0,0,0,0,0,0,0,1,0,0,0,1,0,1
R284288620,0,0,0,0,1,1,0,0,1,0,0,0,0,1,0,1,1,0,1,1
R284371317,0,0,0,0,1,1,0,0,0,0,0,0,0,0,0,1,0,0,1,1
R284521328,0,0,0,0,1,1,0,0,0,0,1,0,0,0,0,1,1,1,0,1
R284539596,0,0,0,0,1,1,0,0,0,0,0,0,0,0,0,0,0,0,1,1
R284573140,0,0,0,0,1,1,0,0,0,0,0,0,0,1,0,1,1,1,1,1
R284656655,0,0,0,0,0,0,0,0,0,0,1,0,0,0,0,0,0,0,0,1
R284835982,0,0,0,0,0,0,0,0,0,0,1,0,0,0,0,0,0,0,0,1
R284916384,0,0,0,0,1,1,0,0,0,0,1,0,0,1,0,0,0,0,0,1
R285135007,0,0,0,0,1,1,0,0,0,0,0,0,0,0,0,0,0,0,1,1
R285342596,0,0,0,0,1,1,0,0,0,0,0,0,0,0,0,0,0,0,1,1
R285525959,0,0,0,0,1,1,0,0,0,0,0,0,0,0,0,0,0,0,0,1
R285591388,0,0,0,0,0,0,0,0,0,0,0,0,0,0,0,0,0,0,0,1
R285626973,0,0,0,0,1,1,0,0,0,0,0,0,0,0,0,1,1,0,0,1
R285688636,0,0,0,0,0,0,0,0,0,0,1,0,0,0,0,0,0,0,0,1
R285700819,0,0,0,0,1,1,0,0,0,0,1,0,0,0,0,0,0,0,0,1
R285814374,0,0,0,0,1,1,0,0,0,0,1,0,0,1,1,0,0,0,0,1
R285898424,0,0,0,0,1,1,0,0,0,0,0,0,0,0,0,1,0,0,1,1
R286151970,0,0,0,0,1,1,0,0,0,1,0,0,0,0,0,1,0,0,0,1
R286211176,0,0,0,0,1,1,0,0,0,0,1,0,0,0,0,0,0,0,0,1
R286216574,0,0,0,0,1,1,0,0,1,0,1,0,0,1,0,1,0,0,0,1
R286382071,0,0,0,0,1,1,0,0,1,0,0,0,0,1,0,1,0,0,0,1
R286424921,0,0,0,0,0,1,0,0,0,0,0,0,0,0,0,0,0,0,0,1
R286485568,0,0,0,0,1,1,0,0,0,0,0,0,0,0,0,0,0,0,0,1
R286521740,0,0,0,0,1,1,0,0,0,0,0,0,0,0,0,0,0,0,1,1
R286572241,0,0,0,0,1,1,0,0,0,0,0,0,0,0,0,1,1,0,1,1
R286748001,0,0,0,0,0,0,0,0,0,0,1,0,0,0,0,0,0,0,1,1
R287027960,0,0,0,0,1,1,0,0,0,0,1,0,1,1,0,1,0,0,1,1
R287148013,0,0,0,0,1,1,0,0,0,0,1,0,0,0,0,0,0,0,0,1
R287159031,0,0,0,0,0,0,0,0,0,0,1,0,0,0,0,0,0,0,0,1
R287289385,0,0,0,0,1,1,0,0,0,0,0,0,0,0,0,0,0,0,0,1
R287301484,0,0,0,0,0,1,0,0,0,0,0,0,0,1,0,0,0,0,0,1
R287395653,0,0,0,0,1,1,0,0,0,0,0,0,0,0,0,1,0,0,0,1
R287406949,0,0,0,0,1,1,0,0,0,0,0,0,0,0,0,0,0,0,0,1
R287421980,0,0,0,0,1,1,0,0,0,0,1,0,0,0,0,0,0,0,1,1
R287511444,0,0,0,0,1,1,0,0,1,0,0,0,0,1,0,1,1,1,1,1
R287565986,0,0,0,0,1,1,0,0,0,0,0,0,0,0,0,1,1,0,1,1
R287592672,0,0,0,0,0,0,0,0,0,0,0,0,0,0,0,1,1,0,1,1
R287610540,0,0,0,0,1,1,0,0,0,0,0,0,0,0,0,0,0,1,0,1
R287731329,0,0,0,0,0,0,0,0,0,0,1,0,0,0,0,0,0,0,1,1
R287841455,0,0,0,0,0,0,0,0,0,0,1,0,0,0,0,0,0,0,0,1
R287923023,0,0,0,0,1,1,0,0,1,0,0,0,0,1,0,1,0,1,0,1
R288201763,0,0,0,0,0,0,0,0,0,0,1,0,0,0,0,0,0,0,0,1
R288235299,0,0,0,0,0,1,0,0,0,0,1,0,0,0,0,0,0,0,0,1
R288478343,0,0,0,0,0,0,0,0,0,0,0,0,0,0,0,0,0,0,0,1
R288484066,0,0,0,0,0,0,0,0,0,0,1,0,0,0,0,0,0,0,0,1
R288535614,0,0,0,0,0,0,0,0,0,0,0,0,0,0,0,0,0,0,1,1
R288831198,0,0,0,0,0,0,0,0,0,0,0,0,0,1,0,0,0,0,0,1
R289171819,0,0,0,0,0,0,0,0,0,0,1,0,0,0,0,0,0,0,0,1
R289194075,0,0,0,0,1,1,0,0,0,0,0,0,0,0,0,0,0,0,1,1
R289219415,0,0,0,0,0,0,0,0,0,0,1,0,0,0,0,1,0,1,1,1
R289526786,0,0,0,0,1,1,0,0,0,0,0,0,0,0,0,0,0,0,0,1
R289534477,0,0,0,0,1,1,0,0,0,0,1,1,0,0,0,0,0,1,0,1
R289611831,0,0,0,0,1,1,0,0,0,0,0,0,0,0,0,0,0,0,0,1
R289693336,0,0,0,0,1,1,0,1,0,0,0,0,0,0,0,0,0,1,0,1
R289936872,0,0,0,0,1,1,0,0,0,0,1,0,0,0,0,0,0,0,1,1
R289937274,0,0,0,0,1,1,0,0,0,0,0,0,0,0,0,0,0,0,0,1
R289949718,0,0,0,0,1,1,0,0,0,0,0,0,0,0,0,0,0,0,0,1
R289976775,0,0,0,0,0,0,0,0,0,0,1,0,0,0,0,0,0,0,0,1
R290040058,0,0,0,0,0,0,0,0,0,0,0,0,0,0,0,0,0,1,0,1
R290101867,0,0,0,0,1,1,1,0,0,0,0,0,0,0,0,0,0,0,0,1
R290210509,0,0,0,0,1,1,0,0,0,0,0,0,0,0,0,1,1,1,1,1
R290384052,0,0,0,0,1,1,0,0,0,0,1,0,0,0,0,0,0,0,1,1
R290469028,0,0,0,0,0,0,0,0,0,0,1,0,0,0,0,0,0,0,0,1
R290589825,0,0,0,0,0,1,0,0,0,0,1,0,0,0,0,1,1,0,1,1
R290824767,0,0,0,0,1,1,0,0,0,0,0,0,0,0,0,0,0,0,0,1
R290912249,0,0,0,0,0,0,0,0,0,0,1,0,0,0,0,0,0,0,0,1
R291137408,0,0,0,1,1,1,0,0,0,0,1,0,0,0,0,0,0,0,1,1
R291193416,0,0,0,0,0,0,0,0,0,0,1,0,0,0,0,0,0,0,0,1
R291247778,0,0,0,0,1,1,0,0,0,0,0,0,0,0,0,0,0,0,0,1
R291340321,0,0,0,0,1,1,0,0,0,0,1,0,0,0,0,0,0,0,0,1
R291355667,0,0,0,0,1,1,0,0,0,0,1,0,0,0,0,0,0,0,0,1
R291485103,0,0,0,0,1,1,0,0,0,0,0,1,0,0,0,0,0,1,0,1
R291529963,0,0,0,0,1,1,0,0,0,0,0,1,0,0,0,1,0,1,1,1
R291752631,0,0,0,0,0,0,0,0,0,0,1,0,0,0,0,0,0,0,0,1
R291787643,0,0,0,0,0,0,0,0,0,0,0,0,0,0,0,1,0,0,0,1
R291849057,0,0,0,0,0,0,0,0,0,0,0,0,0,0,0,0,0,1,0,1
R291924895,0,0,0,0,0,0,0,0,1,0,0,0,0,1,0,0,0,0,0,1
R292010134,0,0,0,0,1,1,0,0,0,0,0,0,0,0,0,0,0,0,0,1
R292016935,0,0,0,0,0,0,0,0,0,0,0,0,0,0,0,0,0,0,0,1
R292185410,0,0,0,0,0,0,0,0,1,0,1,0,0,1,0,0,0,0,1,1
R292438368,0,0,0,0,0,0,0,0,0,0,1,0,0,0,0,0,0,0,0,1
R292536554,0,0,0,0,1,1,0,0,0,0,0,0,0,0,0,0,0,0,0,1
R292565290,0,0,0,0,0,0,0,0,0,0,0,0,0,0,0,1,0,0,0,1
R292595545,0,0,0,0,1,1,0,0,0,0,1,1,0,0,0,0,0,1,0,1
R292799294,0,0,0,0,0,0,0,0,0,0,0,0,0,0,0,0,0,0,0,1
R292852004,0,0,0,0,1,1,0,0,0,0,0,0,0,0,0,0,0,0,0,1
R292859502,0,0,0,0,1,1,0,0,0,0,0,0,0,0,0,0,0,0,0,1
R292914734,0,0,0,0,0,0,0,0,0,0,0,0,0,0,0,0,0,0,0,1
R292979924,0,0,0,0,0,0,0,0,0,0,0,0,0,0,0,0,0,0,0,1
R293059125,0,0,0,0,0,0,0,0,0,0,1,0,0,0,0,0,0,0,0,1
R293365501,0,0,0,0,0,0,0,0,0,0,0,0,0,0,0,0,0,0,0,1
R293448565,0,0,0,0,1,1,0,0,0,0,0,0,0,0,0,0,0,0,1,1
R293492549,0,0,0,0,0,0,0,0,0,0,0,0,0,0,0,1,0,0,0,1
R293650823,0,0,0,0,0,0,0,0,1,0,1,0,0,1,0,0,0,0,0,1
R293758494,0,0,0,0,1,1,0,0,1,0,0,0,0,1,0,0,0,0,0,1
R293761903,0,0,0,0,1,1,0,0,0,0,0,1,0,0,1,1,1,1,1,1
R294073192,0,0,0,0,1,1,0,0,0,0,0,0,0,0,0,1,0,0,0,1
R294226512,0,0,0,0,1,1,0,0,0,0,1,0,0,0,0,0,0,0,1,1
R294341740,0,0,0,0,1,1,0,0,0,0,1,0,0,0,0,0,0,0,0,1
R294369167,0,0,0,0,1,1,0,0,0,0,0,0,0,0,0,0,0,0,0,1
R294533494,0,0,0,0,0,0,0,0,0,0,1,0,0,0,0,0,0,0,0,1
R294576907,0,0,0,0,0,0,0,0,0,0,1,0,0,0,0,0,0,0,0,1
R294638829,0,0,0,0,1,1,0,0,0,0,0,0,0,0,0,0,0,0,0,1
R294672766,0,0,0,0,1,1,0,0,0,0,1,0,0,0,0,1,0,0,1,1
R294861784,0,0,0,0,0,1,0,0,0,0,1,0,0,0,0,0,0,0,0,1
R295055053,0,0,0,0,0,0,0,0,0,0,0,0,0,1,0,0,0,0,0,1
R295071090,0,0,0,0,1,1,0,0,0,0,1,0,0,0,0,1,1,0,1,1
R295099795,0,0,0,0,1,1,0,0,0,0,0,0,0,0,0,0,0,0,0,1
R295122515,0,0,0,0,1,1,0,0,0,0,1,0,0,0,0,0,0,0,0,1
R295234652,0,0,0,0,0,0,0,0,0,0,1,0,0,0,0,0,0,0,0,1
R295245179,0,0,0,0,1,1,0,0,0,0,1,0,0,0,0,0,0,0,0,1
R295246492,0,0,0,0,1,1,0,0,0,0,0,0,0,0,0,0,0,0,0,1
R295346239,0,0,0,0,0,1,0,0,0,0,1,0,0,0,1,0,0,0,1,1
R295555497,0,0,0,0,0,0,0,0,0,0,1,0,0,0,0,1,0,0,1,1
R295888730,0,0,0,0,1,1,0,0,0,0,0,0,0,0,0,0,0,0,1,1
R295976616,0,0,0,0,1,1,0,0,0,0,0,0,0,0,0,1,0,0,1,1
R296027933,0,0,0,0,1,1,0,0,1,0,1,0,0,1,0,0,0,0,0,1
R296088249,0,0,0,0,0,0,0,0,0,0,0,0,0,0,0,0,0,0,0,1
R296358213,0,0,0,0,1,1,0,0,0,0,0,0,0,0,0,0,0,0,1,1
R296380751,0,0,0,0,1,1,0,0,0,0,0,0,0,0,0,0,0,0,0,1
R296505393,0,0,0,0,1,1,0,0,0,0,0,1,0,0,0,0,0,1,0,1
R296588461,0,0,0,0,1,1,0,0,0,0,1,0,0,0,0,0,0,0,0,1
R296692148,0,0,0,0,0,0,0,0,0,0,0,0,0,0,0,0,0,0,0,1
R296742474,0,0,0,0,0,0,0,0,0,0,1,0,0,0,0,0,0,0,0,1
R297026414,0,0,0,0,1,1,0,0,0,0,0,0,0,0,0,0,0,0,0,1
R297113663,0,0,0,0,1,1,0,0,1,0,1,0,0,1,0,1,1,0,1,1
R297201267,0,0,0,0,1,1,0,0,0,0,1,0,0,0,0,0,0,0,0,1
R297377952,0,0,0,0,1,1,0,0,1,0,1,0,0,1,0,1,0,0,1,1
R297460071,0,0,0,0,1,1,0,0,0,0,0,0,0,0,0,0,0,0,0,1
R297527974,0,0,0,0,1,1,0,0,1,0,0,1,0,1,0,1,1,1,1,1
R297538841,0,0,0,0,0,1,0,0,0,0,1,0,0,0,1,0,0,0,0,1
R297552015,0,0,0,0,1,1,0,0,0,0,0,0,0,0,0,0,0,0,1,1
R297579655,0,0,0,0,1,1,0,0,1,0,0,0,0,1,0,1,0,0,0,1
R297686744,0,0,0,0,1,1,0,0,0,0,0,0,0,0,0,0,0,0,0,1
R297730842,0,0,0,0,1,1,0,0,0,0,1,0,0,0,0,1,0,0,0,1
R297841672,0,0,0,0,1,1,0,0,0,0,0,1,0,0,1,0,0,1,0,1
R297919293,0,0,0,0,1,1,0,0,0,0,0,0,0,0,0,0,0,0,0,1
R297925956,0,0,0,0,0,0,0,0,0,0,0,0,0,0,0,0,0,0,0,1
R297933867,0,0,0,0,1,1,0,0,0,0,1,0,0,0,0,0,0,0,0,1
R298117961,0,0,0,0,0,0,0,0,0,0,0,0,0,0,0,0,0,0,0,1
R298254196,0,0,0,0,1,1,0,0,0,0,0,0,0,0,0,0,0,0,0,1
R298305823,0,0,0,0,1,1,0,0,0,0,0,0,0,0,0,1,0,0,0,1
R298489623,0,0,0,0,1,1,0,0,0,0,0,0,0,0,0,1,0,0,0,1
R298669851,0,0,0,0,1,1,0,0,0,0,0,0,0,0,0,0,0,0,0,1
R298671898,0,0,0,0,0,0,0,0,0,0,1,0,0,0,0,0,0,0,0,1
R298695806,0,0,0,0,0,0,0,0,0,0,0,0,0,1,0,0,0,0,0,1
R298727546,0,0,0,0,0,0,0,0,0,0,1,0,0,0,0,0,0,0,0,1
R298935585,0,0,0,0,1,1,0,0,0,0,0,0,0,0,0,0,0,0,0,1
R298996867,0,0,0,0,0,0,0,0,0,0,0,0,0,0,0,0,0,0,0,1
R299034717,0,0,0,0,1,1,0,0,0,0,1,0,0,0,0,0,0,0,0,1
R299308662,0,0,0,0,1,1,0,0,0,0,0,0,0,0,0,0,0,1,0,1
R299406025,0,0,0,0,0,0,0,0,0,0,1,0,0,0,0,0,0,0,0,1
R299444040,0,0,0,0,1,1,0,0,0,0,0,0,0,0,0,0,0,0,1,1
R299637663,0,0,0,0,0,0,0,0,0,0,1,0,0,0,0,0,0,0,0,1
R299782277,0,0,0,0,1,1,0,0,1,0,0,0,0,1,0,1,1,0,1,1
R299814330,0,0,0,0,1,1,0,0,0,0,1,0,0,0,0,0,0,0,1,1
R200031913,0,0,0,0,0,0,0,0,0,0,0,0,0,0,0,0,0,0,0,0
R200058413,0,0,0,0,0,0,0,0,0,0,1,0,0,0,0,1,0,0,0,0
R200082285,0,0,0,0,0,0,0,0,0,0,0,0,0,0,0,0,0,0,0,0
R200085136,0,0,0,0,0,0,0,0,0,0,0,0,0,0,0,1,0,0,1,0
R200099502,0,0,0,0,0,0,0,0,0,0,0,0,0,0,0,0,0,0,1,0
R200106422,0,0,0,0,0,0,0,0,0,0,0,0,0,0,0,0,0,0,0,0
R200136798,0,0,0,0,0,1,0,0,0,0,0,0,0,0,0,0,0,0,0,0
R200137567,0,0,0,0,0,0,0,0,0,0,0,0,0,0,0,0,0,0,0,0
R200143724,0,0,0,0,0,0,0,0,0,0,0,0,0,0,0,0,0,0,0,0
R200153289,0,0,0,0,1,1,0,0,1,0,0,0,0,1,0,1,1,0,1,0
R200179845,0,0,0,0,0,0,0,0,0,0,0,0,0,0,0,0,0,0,0,0
R200185448,0,0,0,0,0,0,0,0,0,0,0,0,0,0,0,0,0,0,0,0
R200211988,0,0,0,0,0,0,0,0,0,0,0,0,0,0,0,0,0,0,0,0
R200223862,0,0,0,0,0,0,0,0,0,0,0,0,0,0,0,0,0,0,0,0
R200251716,0,0,0,0,0,0,0,0,0,0,1,0,0,1,0,1,1,0,1,0
R200253061,0,0,0,0,0,0,0,0,0,0,0,0,0,0,0,0,0,0,0,0
R200277160,0,0,0,0,0,0,0,0,0,0,0,1,0,0,0,0,0,1,0,0
R200286960,0,0,0,0,0,0,0,0,0,0,0,0,0,0,0,0,0,0,0,0
R200325949,0,0,0,0,0,0,0,0,0,0,0,0,0,0,0,0,0,0,0,0
R200329390,0,0,0,0,0,0,0,0,0,0,0,0,0,0,0,0,0,0,0,0
R200330818,0,0,0,0,0,0,0,0,0,0,0,0,0,0,0,0,0,0,0,0
R200341685,0,0,0,0,0,0,0,0,0,0,0,0,0,0,0,1,0,1,1,0
R200351250,0,0,0,0,0,0,0,0,0,0,0,0,0,0,0,1,0,0,0,0
R200395765,0,0,0,0,0,1,0,0,0,0,1,0,0,0,1,0,0,1,0,0
R200413793,0,0,0,0,0,0,0,0,0,0,0,0,0,0,0,0,0,0,0,0
R200417837,0,0,0,0,0,0,0,0,0,0,0,0,0,0,0,0,0,0,0,0
R200439093,0,0,0,0,0,0,0,0,0,0,0,0,0,1,0,0,0,0,0,0
R200439244,0,0,0,0,0,0,0,0,0,0,0,0,0,0,0,0,0,0,0,0
R200467634,0,0,0,0,0,0,0,0,0,0,0,0,0,0,0,0,0,0,0,0
R200479157,0,0,0,0,0,0,0,0,0,0,0,0,0,0,0,0,0,0,1,0
R200490052,0,0,0,0,0,0,0,0,0,0,0,0,0,0,0,0,0,0,0,0
R200490757,0,0,0,0,1,1,0,0,0,0,1,0,0,0,0,0,0,0,1,0
R200490857,0,0,0,0,0,0,0,0,0,0,0,0,0,0,0,1,0,0,1,0
R200539048,0,0,0,0,0,0,0,0,0,0,0,0,0,0,0,1,1,0,1,0
R200546513,0,0,0,0,0,0,0,0,0,0,0,0,0,0,0,0,0,0,0,0
R200547284,0,0,0,0,0,0,0,0,0,0,0,0,0,0,0,0,0,0,0,0
R200580186,0,0,0,0,0,0,0,0,0,0,0,0,0,0,0,0,0,0,0,0
R200586434,0,0,0,0,0,0,0,0,0,0,0,0,0,0,0,0,0,0,1,0
R200601116,0,0,0,0,0,0,0,0,0,0,0,0,0,0,0,1,1,0,1,0
R200622624,0,0,0,0,0,0,0,0,0,0,0,0,0,0,0,0,0,0,0,0
R200645047,0,0,0,0,0,0,0,0,0,0,0,0,0,0,0,0,0,0,0,0
R200645078,0,0,0,0,0,0,0,0,0,0,0,0,0,0,0,0,0,0,0,0
R200645709,0,0,0,0,0,0,0,0,0,0,0,0,0,0,0,0,0,0,0,0
R200646200,0,0,0,0,0,0,0,0,0,0,0,0,0,0,0,0,0,0,0,0
R200651285,0,0,0,0,0,0,0,0,0,0,0,0,0,0,0,0,0,0,1,0
R200678150,0,0,0,0,0,0,0,0,1,0,0,0,0,1,0,0,0,0,0,0
R200683166,0,0,0,0,0,0,0,0,0,0,0,0,0,0,0,0,0,0,0,0
R200686416,0,0,0,0,1,1,0,0,0,0,0,0,0,0,0,1,1,0,0,0
R200695408,0,0,0,0,0,0,0,0,0,0,1,0,0,0,0,0,0,0,0,0
R200707547,0,0,0,0,1,1,0,0,0,0,1,0,0,0,0,0,0,0,0,0
R200709724,0,0,0,0,0,0,0,0,0,0,0,0,0,0,0,0,0,0,0,0
R200731304,0,0,0,0,0,0,0,0,0,0,1,0,0,0,0,0,0,0,0,0
R200749308,0,0,0,0,0,0,0,0,0,0,0,0,0,1,0,0,0,0,1,0
R200774776,0,0,0,0,0,0,0,0,0,0,0,0,0,0,0,0,0,0,0,0
R200808913,0,0,0,0,0,0,0,0,0,0,1,0,0,0,0,0,0,0,0,0
R200833702,0,0,0,0,0,0,0,0,0,0,0,0,0,0,0,0,0,0,0,0
R200843227,0,0,0,0,0,0,0,0,0,0,0,1,0,1,0,0,0,1,0,0
R200858123,0,0,0,0,1,1,0,0,0,0,1,0,0,0,0,1,0,0,0,0
R200878271,0,0,0,0,0,0,0,0,1,0,1,0,0,1,0,1,0,0,1,0
R200885530,0,0,0,0,0,0,0,0,0,0,0,0,0,0,0,0,0,0,0,0
R200887708,0,0,0,0,0,1,0,0,0,0,0,0,0,1,0,0,0,1,1,0
R200893066,0,0,0,0,0,0,0,0,0,0,0,0,0,0,0,0,0,0,0,0
R200895900,0,0,0,0,0,0,0,0,0,0,0,0,0,0,0,0,0,0,0,0
R200919480,0,0,0,0,0,0,0,0,0,0,0,0,0,0,0,0,0,0,0,0
R200954099,0,0,0,0,0,1,0,0,0,0,0,0,0,0,0,0,0,0,0,0
R201036945,0,0,0,0,0,0,0,0,0,0,0,0,0,0,0,0,0,0,0,0
R201088226,0,0,0,0,0,0,0,0,1,0,0,0,0,1,0,0,0,0,0,0
R201090466,0,0,0,0,0,0,0,0,0,0,0,0,0,0,0,0,0,0,0,0
R201094423,0,0,0,0,0,0,0,0,0,0,0,0,0,0,0,0,0,0,0,0
R201120630,0,0,0,0,0,0,0,0,0,0,0,0,0,0,0,0,0,0,0,0
R201132114,0,0,0,0,0,0,0,0,0,0,0,0,0,0,0,0,0,0,0,0
R201154605,0,0,0,0,0,0,0,0,0,0,1,0,0,0,0,0,0,0,0,0
R201158337,0,0,0,0,0,0,0,0,0,0,0,0,0,0,0,0,0,0,0,0
R201164633,0,0,0,0,0,0,0,0,0,0,0,0,0,0,0,0,0,0,0,0
R201183597,0,0,0,0,0,0,0,0,0,0,0,0,0,0,0,0,0,0,0,0
R201204599,0,0,0,0,0,0,0,0,0,0,0,0,0,0,0,1,1,0,1,0
R201221059,0,0,0,0,0,0,0,0,0,0,0,0,0,0,0,0,0,0,0,0
R201222492,0,0,0,0,0,0,0,0,0,0,1,0,0,0,0,0,0,0,1,0
R201247747,0,0,0,0,0,0,0,0,0,0,0,0,0,0,0,0,0,0,0,0
R201276775,0,0,0,0,0,0,0,0,1,0,0,0,0,1,0,1,0,0,0,0
R201305301,0,0,0,0,0,0,0,0,0,0,0,0,0,0,0,0,0,0,0,0
R201322764,0,0,0,0,0,0,0,0,0,0,0,0,0,0,0,0,0,0,0,0
R201361258,0,0,0,0,0,1,0,0,0,0,1,0,0,0,0,0,0,0,0,0
R201409058,0,0,0,0,0,0,0,0,0,0,0,0,0,0,0,0,0,0,0,0
R201418187,0,0,0,0,0,1,0,0,0,0,1,0,0,0,1,1,1,1,1,0
R201441059,0,0,0,0,0,0,0,0,0,0,0,0,0,0,0,0,0,0,1,0
R201460390,0,0,0,0,0,0,0,0,0,0,0,0,0,0,0,0,0,0,0,0
R201462142,0,0,0,0,0,0,0,0,0,0,0,0,0,0,0,0,0,0,0,0
R201462199,0,0,0,0,0,1,0,0,0,0,0,0,0,0,0,1,1,0,1,0
R201491494,0,0,0,0,0,0,0,0,0,0,0,0,0,0,0,0,0,0,1,0
R201540588,0,0,0,0,0,0,0,0,0,0,0,0,0,0,0,0,0,0,0,0
R201547655,0,0,0,0,0,0,0,0,0,0,0,0,0,0,0,0,0,0,0,0
R201552813,0,0,0,0,1,1,0,0,0,0,1,0,0,0,0,0,0,0,0,0
R201555952,0,0,0,0,0,0,0,0,0,0,0,0,0,0,0,0,0,0,0,0
R201558067,0,0,0,0,0,0,0,0,0,0,0,0,0,0,0,0,0,0,0,0
R201565291,0,0,0,0,0,0,0,0,0,0,0,0,0,0,0,0,0,0,0,0
R201602166,0,0,0,0,0,0,0,0,0,0,0,0,0,0,0,0,0,0,0,0
R201607736,0,0,0,0,0,0,0,0,0,0,0,0,0,0,0,0,0,0,0,0
R201607825,0,0,0,0,0,0,0,0,0,0,0,0,0,0,0,0,0,0,0,0
R201639278,0,0,0,0,0,0,0,0,0,0,0,0,0,0,0,0,0,0,0,0
R201648518,0,0,0,0,0,0,0,0,0,0,0,0,0,0,0,0,0,0,0,0
R201652519,0,0,0,0,0,0,0,0,0,0,0,0,0,0,0,0,0,0,0,0
R201664526,0,0,0,0,0,0,0,0,0,0,0,0,0,0,0,0,0,0,1,0
R201711703,0,0,0,0,0,0,0,0,0,0,1,0,0,0,0,0,0,0,1,0
R201731406,0,0,0,0,0,0,0,0,0,0,0,0,0,0,0,0,0,0,0,0
R201763496,0,0,0,0,0,0,0,0,0,0,0,0,0,0,0,0,0,0,0,0
R201782838,0,0,0,0,0,0,0,0,0,0,0,0,0,0,0,0,0,0,0,0
R201787465,0,0,0,0,0,0,0,0,0,0,0,0,0,0,0,1,0,0,0,0
R201803329,0,0,0,0,1,1,0,0,0,0,1,0,0,0,1,0,0,0,0,0
R201845542,0,0,0,0,0,0,0,0,0,0,0,0,0,0,0,0,0,0,0,0
R201901560,0,0,0,0,0,0,0,0,0,0,0,0,0,0,0,0,0,0,0,0
R201905740,0,0,0,0,0,0,0,0,0,0,0,0,0,0,0,1,0,0,1,0
R201912856,0,0,0,0,0,0,0,0,0,0,0,0,0,0,0,0,0,0,0,0
R201996771,0,0,0,0,1,1,0,0,0,0,0,0,0,0,0,1,1,0,1,0
R202014457,0,0,0,0,0,0,0,0,0,0,0,0,0,0,0,0,0,0,0,0
R202015723,0,0,0,0,0,0,0,0,0,0,0,0,0,0,0,0,0,0,0,0
R202092972,0,0,0,0,0,0,0,0,0,0,0,0,0,0,0,1,1,0,1,0
R202120867,0,0,0,0,0,0,0,0,0,0,0,0,0,0,0,1,1,0,1,0
R202132463,0,0,0,0,0,0,0,0,0,0,1,0,0,1,0,1,1,0,1,0
R202134941,0,0,0,0,0,0,0,0,0,0,0,0,0,0,0,1,1,1,1,0
R202144242,0,0,0,0,0,0,0,0,0,0,0,1,0,0,0,0,0,1,0,0
R202169898,0,0,0,0,0,0,0,0,0,0,0,0,0,0,0,0,0,0,0,0
R202175525,0,0,0,0,1,1,0,0,0,0,1,0,0,0,0,0,0,0,0,0
R202208582,0,0,0,0,0,0,0,0,0,0,0,0,0,0,0,0,0,0,0,0
R202221149,0,0,0,0,1,1,0,0,0,0,0,0,0,0,0,0,0,1,1,0
R202221170,0,0,0,0,0,0,0,0,0,0,0,0,0,0,0,0,0,0,0,0
R202221402,0,0,0,0,0,0,0,0,0,0,0,0,0,0,0,0,0,0,0,0
R202246832,0,0,0,0,0,0,0,0,0,0,0,0,0,0,0,0,0,0,0,0
R202253421,0,0,0,0,0,0,0,0,0,0,1,0,0,1,0,0,0,1,0,0
R202262236,0,0,0,0,1,1,0,0,1,0,0,0,0,1,0,1,1,1,0,0
R202273995,0,0,0,0,0,0,0,0,0,0,0,0,0,0,0,0,0,0,1,0
R202274139,0,0,0,0,0,0,0,0,0,0,0,0,0,0,0,0,0,0,0,0
R202274713,0,0,0,0,0,0,0,0,0,0,0,1,0,0,0,0,0,1,1,0
R202285574,0,0,0,0,0,0,0,0,0,0,0,0,0,0,0,0,0,0,0,0
R202286702,0,0,0,0,0,0,0,0,0,0,0,0,0,0,0,0,0,0,1,0
R202289008,0,0,0,0,0,0,0,0,0,0,0,0,0,0,0,0,0,0,0,0
R202315313,0,0,0,0,0,1,0,0,0,0,1,0,0,0,0,0,0,0,0,0
R202315345,0,0,0,0,0,0,0,0,0,0,0,0,0,0,0,0,0,1,0,0
R202344104,0,0,0,0,1,1,0,0,0,0,0,1,0,0,0,0,0,1,1,0
R202396546,0,0,0,0,0,0,0,0,0,0,0,0,0,0,0,0,0,0,0,0
R202425421,0,0,0,0,0,0,0,0,0,0,1,0,0,0,0,0,0,0,0,0
R202431332,0,0,0,0,0,0,0,0,0,0,0,0,0,0,0,0,0,0,0,0
R202456055,0,0,0,0,0,0,0,0,0,0,1,0,0,0,0,1,1,0,1,0
R202456673,0,0,0,0,0,0,0,0,0,0,1,1,0,0,0,0,0,1,0,0
R202471151,0,0,0,0,0,0,0,0,0,0,0,0,0,0,0,0,0,0,0,0
R202485773,0,0,0,0,0,0,0,0,0,0,0,0,0,0,0,0,0,0,0,0
R202491290,0,0,0,0,0,0,0,0,0,0,0,0,0,0,0,0,0,0,0,0
R202513281,0,0,0,0,0,0,0,0,0,0,0,0,0,0,0,0,0,0,0,0
R202575376,0,0,0,0,0,0,0,0,0,0,1,0,0,0,0,0,0,0,1,0
R202578397,0,0,0,0,0,0,0,0,0,0,0,0,0,0,0,0,0,0,0,0
R202589135,0,0,0,0,0,0,0,0,0,0,0,0,0,0,0,0,0,0,0,0
R202599607,0,0,0,0,0,0,0,0,0,0,0,0,0,0,0,0,0,1,0,0
R202663404,0,0,0,0,0,0,0,0,0,0,0,0,0,0,0,0,0,0,0,0
R202670982,0,0,0,0,0,0,0,0,0,0,0,0,0,0,0,0,0,0,0,0
R202674294,0,0,0,0,0,0,0,0,0,0,0,0,0,0,0,1,1,0,1,0
R202674471,0,0,0,0,0,1,0,0,0,0,0,0,0,0,0,0,0,0,0,0
R202678398,0,0,0,0,0,0,0,0,0,0,0,0,0,0,0,0,0,0,0,0
R202679488,0,0,0,0,0,0,0,0,0,0,0,0,0,0,0,0,0,0,0,0
R202684438,0,0,0,0,0,0,0,0,0,0,1,0,0,0,0,0,0,0,0,0
R202750683,0,0,0,0,0,0,0,0,0,0,0,0,0,0,0,0,0,0,1,0
R202752160,0,0,0,0,0,0,0,0,0,0,0,0,0,0,0,0,0,0,0,0
R202753992,0,0,0,0,0,0,0,0,0,0,0,0,0,0,0,0,0,0,1,0
R202780028,0,0,0,0,1,1,0,0,0,0,0,0,0,0,0,0,0,0,1,0
R202788413,0,0,0,0,0,0,0,0,0,0,1,0,0,0,0,0,0,0,0,0
R202815624,0,0,0,0,0,0,0,0,0,0,0,0,0,0,0,0,0,0,0,0
R202827943,0,0,0,0,0,0,0,0,0,0,0,0,0,0,0,0,0,0,0,0
R202829292,0,0,0,0,0,1,0,0,0,0,1,0,0,0,1,0,0,0,0,0
R202862740,0,0,0,0,0,1,0,0,0,0,0,0,0,1,0,0,0,0,0,0
R202887189,0,0,0,0,0,0,0,0,0,0,0,0,0,0,0,0,0,0,0,0
R202903077,0,0,0,0,0,0,0,0,0,0,0,0,0,0,0,0,0,0,1,0
R202911119,0,0,0,0,0,0,0,0,0,0,0,0,0,0,0,0,0,0,1,0
R202933174,0,0,0,0,0,0,0,0,0,0,0,0,0,0,0,1,1,0,0,0
R202935424,0,0,0,0,0,0,0,0,0,0,0,0,0,0,0,0,0,0,0,0
R202939731,0,0,0,0,0,0,0,0,0,0,0,0,0,0,0,0,0,0,0,0
R202947264,0,0,0,0,0,1,0,0,0,0,1,0,0,0,1,0,0,0,0,0
R202957123,0,0,0,0,0,0,0,0,0,0,0,0,0,0,0,0,0,0,0,0
R202978864,0,0,0,0,0,0,0,0,0,0,1,0,0,1,0,0,0,0,1,0
R202993298,0,0,0,0,0,0,0,0,0,0,0,0,0,0,0,0,0,0,1,0
R203033541,0,0,0,0,0,0,0,0,0,0,0,0,0,0,0,0,0,0,0,0
R203049387,0,0,0,0,0,0,0,0,0,0,1,0,0,0,0,0,0,0,0,0
R203050380,0,0,0,0,0,0,0,0,0,0,0,0,0,0,0,0,0,0,0,0
R203132381,0,0,0,0,1,1,0,0,0,0,0,0,0,0,0,1,0,0,1,0
R203134678,0,0,0,0,0,0,0,0,0,0,0,0,0,0,0,0,0,0,0,0
R203155120,0,0,0,0,0,0,0,0,0,0,0,0,0,0,0,0,0,0,0,0
R203175014,0,0,0,0,0,0,0,0,0,0,0,0,0,0,0,0,0,0,0,0
R203196242,0,0,0,0,0,0,0,0,0,0,0,0,0,0,0,0,0,0,1,0
R203203528,0,0,0,0,0,0,0,0,0,0,0,0,0,0,0,1,0,0,1,0
R203205799,0,0,0,0,0,0,0,0,0,0,0,0,0,0,0,0,0,0,0,0
R203232108,0,0,0,0,0,1,0,0,0,0,0,0,0,0,0,0,0,0,0,0
R203237167,0,0,0,0,0,0,0,0,0,0,0,0,0,0,0,0,0,0,0,0
R203239539,0,0,0,0,0,0,0,0,0,0,0,0,0,0,0,0,0,0,0,0
R203239660,0,0,0,0,0,0,0,0,0,0,0,0,0,0,0,0,0,0,0,0
R203242324,0,0,0,0,0,0,0,0,0,0,0,0,0,0,0,0,0,0,0,0
R203243304,0,0,0,0,0,0,0,0,0,0,0,0,0,0,0,0,0,0,0,0
R203271619,0,0,0,0,0,1,0,0,0,0,1,0,0,1,0,0,0,0,0,0
R203271830,0,0,0,0,1,1,0,0,1,0,0,0,0,1,0,1,1,0,1,0
R203280660,0,0,0,0,0,0,0,0,0,0,0,0,0,0,0,0,0,0,0,0
R203339463,0,0,0,0,0,0,0,0,0,0,0,0,0,0,0,0,0,0,1,0
R203340335,0,0,0,0,1,1,0,0,1,0,0,0,0,1,0,0,0,0,1,0
R203341570,0,0,0,0,0,0,0,0,0,0,0,0,0,0,0,0,0,0,0,0
R203342920,0,0,0,0,0,0,0,0,0,0,0,0,0,0,0,1,0,0,0,0
R203349383,0,0,0,0,0,0,0,0,0,0,0,0,0,0,0,0,0,0,0,0
R203364573,0,0,0,0,0,0,0,0,0,0,0,0,0,0,0,1,1,0,1,0
R203428766,0,0,0,0,0,0,0,0,0,0,0,0,0,0,0,0,0,0,0,0
R203445598,0,0,0,0,0,0,0,0,0,0,0,0,0,0,0,0,0,0,0,0
R203448056,0,0,0,0,0,0,0,0,0,0,0,0,0,0,0,0,0,0,0,0
R203456693,0,0,0,0,0,0,0,0,0,0,0,0,0,0,0,0,0,0,0,0
R203461519,0,0,0,0,0,0,0,0,0,0,0,0,0,0,0,0,0,0,0,0
R203486201,0,0,0,0,1,1,0,0,0,0,0,0,0,0,0,0,0,0,1,0
R203518802,0,0,0,0,0,0,0,0,0,0,0,0,0,0,0,0,0,0,1,0
R203530814,0,0,0,0,0,0,0,0,0,0,0,0,0,0,0,0,0,0,0,0
R203601291,0,0,0,0,0,0,0,0,0,0,0,0,0,0,0,0,0,0,0,0
R203626016,0,0,0,0,0,0,0,0,0,0,1,1,0,1,0,0,0,1,1,0
R203635454,0,0,0,0,1,1,0,0,0,0,1,0,0,0,0,0,0,0,0,0
R203645905,0,0,0,0,0,0,0,0,0,0,0,0,0,0,0,0,0,0,0,0
R203652012,0,0,0,0,1,1,0,0,1,0,0,1,0,1,0,1,1,1,1,0
R203666550,0,0,0,0,0,0,0,0,0,0,1,0,0,0,0,1,1,1,1,0
R203676870,0,0,0,0,0,0,0,0,0,0,0,0,0,0,0,0,0,0,1,0
R203677965,0,0,0,0,0,0,0,0,0,0,0,0,0,0,0,0,0,0,1,0
R203680734,0,0,0,0,0,1,0,0,0,0,0,0,0,0,0,0,0,0,0,0
R203728392,0,0,0,0,1,1,0,0,0,0,1,1,0,0,0,0,0,1,0,0
R203769347,0,0,0,0,0,0,0,0,0,0,0,0,0,0,0,0,0,0,0,0
R203814665,0,0,0,0,0,0,0,0,0,0,0,0,0,0,0,0,0,0,0,0
R203841015,0,0,0,0,0,0,0,0,0,0,0,0,0,0,0,0,0,0,1,0
R203859478,0,0,0,0,0,0,0,0,0,0,0,0,0,0,0,0,0,0,0,0
R203861195,0,0,0,0,0,0,0,0,0,0,0,0,0,0,0,0,0,0,0,0
R203868646,0,0,0,0,0,0,0,0,0,0,1,0,0,0,0,0,0,0,0,0
R203892777,0,0,0,0,1,1,0,0,0,0,0,0,0,0,0,0,0,0,0,0
R203937014,0,0,0,0,0,0,0,0,1,0,1,0,0,1,0,0,0,0,0,0
R203937035,0,0,0,0,0,0,0,0,0,0,0,0,0,0,0,0,0,0,0,0
R203947117,0,0,0,0,0,0,0,0,0,0,0,0,0,0,0,0,0,0,1,0
R203989708,0,0,0,0,0,0,0,0,0,0,0,0,0,0,0,1,0,0,0,0
R203997160,0,0,0,0,0,0,0,0,0,0,0,0,0,0,0,0,0,0,0,0
R203998990,0,0,0,0,0,0,0,0,0,0,0,0,0,0,0,0,0,0,0,0
R204030394,0,0,0,0,1,1,0,0,0,0,0,0,0,0,0,0,0,0,1,0
R204038492,0,0,0,0,0,0,0,0,0,0,0,0,0,0,0,0,0,0,0,0
R204096689,0,0,0,0,0,0,0,0,0,0,0,0,0,0,0,0,0,0,1,0
R204098093,0,0,0,0,1,1,0,0,1,0,1,0,0,1,0,1,1,1,1,0
R204154813,0,0,0,0,0,0,0,0,0,0,0,0,0,0,0,0,0,0,0,0
R204174332,0,0,0,0,0,0,0,0,0,0,0,0,0,0,0,0,0,0,0,0
R204178042,0,0,0,0,0,0,0,0,0,0,0,0,0,0,0,0,0,0,0,0
R204179253,0,0,0,0,0,0,0,0,0,0,0,0,0,0,0,0,0,0,0,0
R204180462,0,0,0,0,0,0,0,0,0,0,0,0,0,0,0,0,0,0,1,0
R204205135,0,0,0,0,0,0,0,0,0,0,0,0,0,1,0,0,0,0,1,0
R204238407,0,0,0,0,0,0,0,0,0,0,0,0,0,0,0,0,0,0,0,0
R204245795,0,0,0,0,0,0,0,0,0,0,0,0,0,0,0,0,0,0,0,0
R204261075,0,0,0,0,0,0,0,0,0,0,0,0,0,0,0,0,0,0,0,0
R204274042,0,0,0,0,0,0,0,0,0,0,0,0,0,0,0,0,0,0,0,0
R204321827,0,0,0,0,0,0,0,0,0,0,0,0,0,0,0,0,0,0,0,0
R204361375,0,0,0,0,0,0,0,0,0,0,0,0,0,0,0,0,0,0,1,0
R204414163,0,0,0,0,0,0,0,0,0,0,0,0,0,0,0,0,0,0,0,0
R204417180,0,0,0,0,0,0,0,0,0,0,0,0,0,0,0,0,0,0,0,0
R204458861,0,0,0,0,0,0,0,0,0,0,0,0,0,0,0,0,0,0,0,0
R204472302,0,0,0,0,0,0,0,0,0,0,0,0,0,0,0,0,0,0,0,0
R204533872,0,0,0,0,0,0,0,0,0,0,0,0,0,0,0,0,0,0,0,0
R204539822,0,0,0,0,0,0,0,0,0,0,0,0,0,0,0,0,0,1,0,0
R204556732,0,0,0,0,1,1,0,0,0,0,1,0,0,0,0,1,0,0,0,0
R204579555,0,0,0,0,0,0,0,0,0,0,1,0,0,1,0,1,1,0,1,0
R204603036,0,0,0,0,0,0,0,0,0,0,0,0,0,0,0,0,0,0,0,0
R204616947,0,0,0,0,0,0,0,0,0,0,0,0,0,0,0,0,0,0,0,0
R204640441,0,0,0,0,0,1,0,0,0,0,1,0,0,0,0,0,0,0,0,0
R204678511,0,0,0,0,0,0,0,0,0,0,0,0,0,0,0,0,0,0,0,0
R204687595,0,0,0,0,0,0,0,0,0,0,0,0,0,0,0,0,0,0,0,0
R204723204,0,0,0,0,0,0,0,0,0,0,0,0,0,0,0,0,0,0,0,0
R204731481,0,0,0,0,0,0,0,0,0,0,0,0,0,0,0,0,0,0,0,0
R204739939,0,0,0,0,0,0,0,0,0,0,0,0,0,0,0,0,0,0,0,0
R204748284,0,0,0,0,0,0,0,0,0,0,0,0,0,0,0,0,0,0,0,0
R204774691,0,0,0,0,0,0,0,0,0,0,0,0,0,0,0,1,1,0,1,0
R204810394,0,0,0,0,1,1,0,0,0,0,1,0,0,0,0,1,0,1,1,0
R204879876,0,0,0,0,0,0,0,0,0,0,1,0,0,0,0,0,0,0,0,0
R204896250,0,0,0,0,1,1,0,0,0,0,1,0,0,0,0,0,0,0,0,0
R204950257,0,0,0,0,0,0,0,0,0,0,0,0,0,0,0,0,0,0,0,0
R204985131,0,0,0,0,0,0,0,0,0,0,0,0,0,0,0,0,0,0,0,0
R205031059,0,0,0,0,0,0,0,0,0,0,0,0,0,0,0,0,0,0,0,0
R205049826,0,0,0,0,0,0,0,0,0,0,0,0,0,0,0,0,0,0,0,0
R205107022,0,0,0,0,0,0,0,0,0,0,0,0,0,0,0,0,0,0,0,0
R205155431,0,0,0,0,0,0,0,0,0,0,0,0,0,0,0,0,0,0,0,0
R205158210,0,0,0,0,0,0,0,0,0,0,0,0,0,0,0,0,0,0,0,0
R205190885,0,0,0,0,0,0,0,0,0,0,0,0,0,0,0,0,0,0,0,0
R205193040,0,0,0,0,0,0,0,0,0,0,1,0,0,0,0,0,0,0,1,0
R205193896,0,0,0,0,0,0,0,0,0,0,0,0,0,0,0,0,0,0,0,0
R205215604,0,0,0,0,0,0,0,0,0,0,0,0,0,0,0,0,0,0,1,0
R205249752,0,0,0,0,0,0,0,0,0,0,0,0,0,0,0,0,0,0,0,0
R205250442,0,0,0,0,0,0,0,0,0,0,0,0,0,0,0,0,0,0,0,0
R205254128,0,0,0,0,0,0,0,0,0,0,1,0,0,0,0,0,0,0,0,0
R205283763,0,0,0,0,0,0,0,0,0,0,1,0,0,0,0,0,0,0,1,0
R205289142,0,0,0,0,0,0,0,0,0,0,0,0,0,0,0,0,0,0,0,0
R205296919,0,0,0,0,0,0,0,0,0,0,0,0,0,0,0,1,1,0,1,0
R205331232,0,0,0,0,0,0,0,0,0,0,0,0,0,0,0,0,0,0,0,0
R205360866,0,0,0,0,0,0,0,0,0,0,0,0,0,0,0,0,0,0,1,0
R205379160,0,0,0,0,0,0,0,0,0,0,0,0,0,0,0,0,0,0,1,0
R205395707,0,0,0,0,0,0,0,0,0,0,0,0,0,0,0,0,0,0,1,0
R205404162,0,0,0,0,0,0,0,0,0,0,0,0,0,0,0,0,0,0,1,0
R205405405,0,0,0,0,0,0,0,0,0,0,0,0,0,0,0,0,0,0,0,0
R205416388,0,0,0,0,0,0,0,0,0,0,0,0,0,0,0,1,1,0,1,0
R205485888,0,0,0,0,0,0,0,0,0,0,0,0,0,0,0,0,0,0,0,0
R205514706,0,0,0,0,0,0,0,0,0,0,0,0,0,0,0,0,0,0,1,0
R205558069,0,0,0,0,0,0,0,0,0,0,1,0,0,0,0,0,0,0,0,0
R205571059,0,0,0,0,0,0,0,0,0,0,0,0,0,0,0,0,0,0,0,0
R205574630,0,0,0,0,0,0,0,0,0,0,0,0,0,0,0,0,0,0,0,0
R205579789,0,0,0,0,0,0,0,0,0,0,0,0,0,0,0,1,1,0,1,0
R205597068,0,0,0,0,0,0,0,0,0,0,0,0,0,0,0,0,0,0,1,0
R205618267,0,0,0,0,0,0,0,0,0,0,1,0,0,0,0,0,0,0,0,0
R205619787,0,0,0,0,0,0,0,0,0,0,0,0,0,0,0,0,0,0,1,0
R205650006,0,0,0,0,0,0,0,0,0,0,0,0,0,0,0,0,0,0,0,0
R205671046,0,0,0,0,0,0,0,0,0,0,1,0,0,0,0,1,1,0,1,0
R205681815,0,0,0,0,0,0,0,0,0,0,0,0,0,0,0,1,0,0,0,0
R205686894,0,0,0,0,0,0,0,0,0,0,0,0,0,0,0,0,0,0,0,0
R205720533,0,0,0,0,0,0,0,0,0,0,0,0,0,0,0,0,0,0,0,0
R205733628,0,0,0,0,0,0,0,0,0,0,0,0,0,0,0,0,0,0,0,0
R205738219,0,0,0,0,0,0,0,0,0,0,0,0,0,0,0,0,0,0,1,0
R205749513,0,0,0,0,0,0,0,0,0,0,0,0,0,0,0,0,0,0,0,0
R205756813,0,0,0,0,0,0,0,0,0,0,0,0,0,0,0,0,0,0,0,0
R205765574,0,0,0,0,0,0,0,0,0,0,0,0,0,0,0,0,0,0,0,0
R205789953,0,0,0,0,0,0,0,0,0,0,0,0,0,0,0,0,0,0,0,0
R205792855,0,0,0,0,0,0,0,0,0,0,0,0,0,0,0,0,0,0,0,0
R205834260,0,0,0,0,1,1,0,0,0,0,0,0,0,0,0,0,0,0,1,0
R205838147,0,0,0,0,0,0,0,0,0,0,1,0,0,1,0,0,0,0,1,0
R205845277,0,0,0,0,0,0,0,0,0,0,0,0,0,0,0,0,0,0,1,0
R205887308,0,0,0,0,0,0,0,0,0,0,0,0,0,0,0,0,0,0,0,0
R205889678,0,0,0,0,0,0,0,0,0,0,0,0,0,0,0,1,0,0,0,0
R205901275,0,0,0,0,1,1,0,0,0,0,1,0,0,1,1,1,0,1,0,0
R205996633,0,0,0,0,0,0,0,0,0,0,0,0,0,0,0,0,0,0,0,0
R206017285,0,0,0,0,0,0,0,0,0,0,0,0,0,0,0,1,0,0,0,0
R206038024,0,0,0,0,0,0,0,0,0,0,0,0,0,0,0,0,0,0,0,0
R206055701,0,0,0,0,0,0,0,0,0,0,0,0,0,0,0,0,0,0,0,0
R206067402,0,0,0,0,0,0,0,0,0,0,0,0,0,0,0,0,0,0,1,0
R206084937,0,0,0,0,0,0,0,0,0,0,0,0,0,0,0,0,0,0,0,0
R206091081,0,0,0,0,0,0,0,0,0,0,1,0,0,0,0,0,0,0,0,0
R206095941,0,0,0,0,0,0,0,0,0,0,0,0,0,0,0,0,0,0,0,0
R206131829,0,0,0,0,0,0,0,0,0,0,0,0,0,0,0,0,0,0,0,0
R206146853,0,0,0,0,0,0,0,0,0,0,0,0,0,0,0,0,0,0,1,0
R206152799,0,0,0,0,0,0,0,0,0,0,0,0,0,0,0,0,0,0,1,0
R206160051,0,0,0,0,0,0,0,0,0,0,0,0,0,0,0,0,0,0,0,0
R206165131,0,0,0,0,0,0,0,0,0,0,0,0,0,0,0,1,0,0,0,0
R206183414,0,0,0,0,0,0,0,0,0,0,0,0,0,0,0,0,0,0,0,0
R206199069,0,0,0,0,1,1,0,0,1,0,0,0,0,1,0,0,0,1,0,0
R206203604,0,0,0,0,0,1,0,0,0,0,0,0,0,0,0,0,0,0,0,0
R206242686,0,0,0,0,0,0,0,0,0,0,0,0,0,0,0,0,0,0,0,0
R206247542,0,0,0,0,0,0,0,0,0,0,0,0,0,0,0,0,0,0,0,0
R206258761,0,0,0,0,0,0,0,0,0,0,0,0,0,1,0,1,0,0,0,0
R206273644,0,0,0,0,0,0,0,0,0,0,0,0,0,0,0,0,0,0,0,0
R206276310,0,0,0,0,0,0,0,0,0,0,0,0,0,0,0,0,0,0,0,0
R206303378,0,0,0,0,0,0,0,0,0,0,0,0,0,0,0,0,0,0,0,0
R206310341,0,0,0,0,0,0,0,0,0,0,0,0,0,0,0,0,0,0,0,0
R206332780,0,0,0,0,0,0,0,0,0,0,0,0,0,0,0,0,0,0,1,0
R206344295,0,0,0,0,0,0,0,0,0,0,0,0,0,0,0,0,0,0,0,0
R206358615,0,0,0,0,1,1,0,0,0,0,1,0,0,0,0,0,0,0,0,0
R206401619,0,0,0,0,0,0,0,0,0,0,0,0,0,0,0,0,0,0,0,0
R206496873,0,0,0,0,0,1,0,0,0,0,1,0,0,0,0,0,0,0,0,0
R206512515,0,0,0,0,0,0,0,0,0,0,0,0,0,0,0,0,0,0,0,0
R206528691,0,0,0,0,0,0,0,0,0,0,0,0,0,0,0,0,0,0,0,0
R206532649,0,0,0,0,1,1,0,0,0,0,0,0,0,0,0,0,0,0,0,0
R206565776,0,0,0,0,0,0,0,0,0,0,0,0,0,0,0,0,0,0,1,0
R206584249,0,0,0,0,0,0,0,0,0,0,0,0,0,0,0,0,0,0,0,0
R206587592,0,0,0,0,0,0,0,0,0,0,1,0,0,0,0,0,0,0,0,0
R206603456,0,0,0,0,0,0,0,0,0,0,0,0,0,0,0,0,0,0,0,0
R206605977,0,0,0,0,0,0,0,0,0,0,0,0,0,0,0,0,0,0,0,0
R206615180,0,0,0,0,0,0,0,0,0,0,1,0,0,0,0,0,0,0,0,0
R206621639,0,0,0,0,0,0,0,0,0,0,0,0,0,0,0,0,0,0,0,0
R206624902,0,0,0,0,0,0,0,0,0,0,1,0,0,0,0,0,0,0,0,0
R206627127,0,0,0,0,0,0,0,0,0,0,0,0,0,0,0,0,0,0,0,0
R206661756,0,0,0,0,0,0,0,0,0,0,0,0,0,0,0,0,0,0,0,0
R206669905,0,0,0,0,0,0,0,0,0,0,0,0,0,0,0,0,0,0,0,0
R206670968,0,0,0,0,1,1,0,0,0,0,0,1,0,0,0,1,0,1,1,0
R206705693,0,0,0,0,0,0,0,0,0,0,0,0,0,0,0,0,0,0,0,0
R206711068,0,0,0,0,0,0,0,0,0,0,0,0,0,0,0,0,0,0,0,0
R206717367,0,0,0,0,0,0,0,0,0,0,0,0,0,0,0,0,0,0,0,0
R206739908,0,0,0,0,0,0,0,0,0,0,1,0,0,0,0,0,0,0,0,0
R206765970,0,0,0,0,0,0,0,0,0,0,0,0,0,0,0,0,0,0,0,0
R206768967,0,0,0,0,1,1,0,0,0,0,1,0,0,1,0,0,0,0,0,0
R206776437,0,0,0,0,0,0,0,0,0,0,1,0,0,0,0,1,1,0,0,0
R206809033,0,0,0,0,0,0,0,0,0,0,1,0,0,0,0,0,0,0,0,0
R206853939,0,0,0,0,0,0,0,0,0,0,0,0,0,0,0,0,0,0,0,0
R206884133,0,0,0,0,0,0,0,0,0,0,1,0,0,0,0,0,0,0,0,0
R206890777,0,0,0,0,0,0,0,0,0,0,0,0,0,1,0,0,0,0,0,0
R206894231,0,0,0,0,0,0,0,0,0,0,0,0,0,0,0,0,0,0,0,0
R206900652,0,0,0,0,0,0,0,0,0,0,0,0,0,0,0,0,0,0,0,0
R206901120,0,0,0,0,0,0,0,0,0,0,0,0,0,0,0,0,0,0,0,0
R206948708,0,0,0,0,0,0,0,0,0,0,1,0,0,0,0,0,0,0,1,0
R206986230,0,0,0,0,0,0,0,0,0,0,0,0,0,0,0,0,0,0,0,0
R207037124,0,0,0,0,0,1,0,0,1,0,1,0,0,1,1,0,0,0,1,0
R207043609,0,0,0,0,0,0,0,0,0,0,0,0,0,0,0,0,0,0,1,0
R207044143,0,0,0,0,0,0,0,0,0,0,0,0,0,0,0,0,0,0,0,0
R207046744,0,0,0,0,0,0,0,0,0,0,0,0,0,0,0,0,0,0,0,0
R207123194,0,0,0,0,0,0,0,0,0,0,0,0,0,0,0,0,0,0,0,0
R207126931,0,0,0,0,0,0,0,0,0,0,1,0,0,0,0,1,1,0,1,0
R207160618,0,0,0,0,0,0,0,0,0,0,0,0,0,0,0,0,0,0,0,0
R207167401,0,0,0,0,0,0,0,0,0,0,0,0,0,0,0,0,0,0,0,0
R207180868,0,0,0,0,1,1,0,0,0,0,0,0,0,0,0,1,1,0,1,0
R207183066,0,0,0,0,0,0,0,0,0,0,0,0,0,0,0,0,0,0,0,0
R207203079,0,0,0,0,0,0,0,0,0,0,0,0,0,0,0,1,1,0,1,0
R207205735,0,0,0,0,0,0,0,0,0,0,0,0,0,0,0,0,0,0,0,0
R207220135,0,0,0,0,0,0,0,0,0,0,0,0,0,0,0,0,0,0,1,0
R207224431,0,0,0,0,0,0,0,0,0,0,1,0,0,0,0,1,0,0,0,0
R207231323,0,0,0,0,0,0,0,0,0,0,0,0,0,0,0,0,0,0,0,0
R207235692,0,0,0,0,0,0,0,0,0,0,0,0,0,0,0,0,0,0,0,0
R207236212,0,0,0,0,0,0,0,0,0,0,0,0,0,0,0,0,0,0,0,0
R207239711,0,0,0,0,0,0,0,0,0,0,0,0,0,0,0,0,0,0,0,0
R207253499,0,0,0,0,0,0,0,0,0,0,1,0,0,0,0,1,0,0,1,0
R207287277,0,0,0,0,0,0,0,0,0,0,0,1,0,1,0,0,0,1,0,0
R207306126,0,0,0,0,0,0,0,0,0,0,0,0,0,0,0,0,0,0,0,0
R207410121,0,0,0,0,0,0,0,0,0,0,0,0,0,0,0,0,0,0,0,0
R207434406,0,0,0,0,0,0,0,0,0,0,0,0,0,0,0,0,0,0,0,0
R207443689,0,0,0,0,0,0,0,0,0,0,0,0,0,0,0,0,0,0,0,0
R207450873,0,0,0,0,1,1,0,0,0,0,0,0,0,0,0,1,1,1,0,0
R207503118,0,0,0,0,0,0,0,0,0,0,0,0,0,0,0,0,0,0,0,0
R207528202,0,0,0,0,0,0,0,0,0,0,0,0,0,0,0,0,0,0,0,0
R207540840,0,0,0,0,0,1,0,0,0,0,0,1,0,0,0,0,0,1,0,0
R207559161,0,0,0,0,0,1,0,0,0,0,0,0,1,0,0,0,0,0,0,0
R207570005,0,0,0,0,0,0,0,0,0,0,1,0,0,0,0,0,0,0,0,0
R207577827,0,0,0,0,0,0,0,0,0,0,0,0,0,0,0,0,0,0,0,0
R207641499,0,0,0,0,0,0,0,0,0,0,0,0,0,0,0,0,0,1,0,0
R207689284,0,0,0,0,0,0,0,0,0,0,0,0,0,0,0,1,1,0,1,0
R207694475,0,0,0,0,0,0,0,0,0,0,0,0,0,0,0,0,0,0,0,0
R207732982,0,0,0,0,0,0,0,0,0,0,0,0,0,0,0,0,0,0,0,0
R207746395,0,0,0,0,0,0,0,0,0,0,0,0,0,0,0,0,0,0,0,0
R207767856,0,0,0,0,0,0,0,0,0,0,0,0,0,0,0,0,0,0,0,0
R207772081,0,0,0,0,0,0,0,0,0,0,0,0,0,0,0,0,0,0,0,0
R207774475,0,0,0,0,1,1,0,0,0,0,1,0,0,0,0,0,0,0,0,0
R207779382,0,0,0,0,0,0,0,0,0,0,0,0,0,0,0,0,0,1,1,0
R207782384,0,0,0,0,0,0,0,0,0,0,0,0,0,0,0,0,0,0,0,0
R207824640,0,0,0,0,0,0,0,0,0,0,0,0,0,0,0,0,0,0,0,0
R207825737,0,0,0,0,0,0,0,0,0,0,0,0,0,0,0,0,0,1,0,0
R207833609,0,0,0,0,0,0,0,0,0,0,0,0,0,0,0,0,0,0,0,0
R207837047,0,0,0,0,0,0,0,0,0,0,0,0,0,0,0,0,0,0,0,0
R207862998,0,0,0,0,0,0,0,0,0,0,0,0,0,0,0,0,0,0,0,0
R207872155,0,0,0,0,0,0,0,0,0,0,0,0,0,0,0,0,0,0,0,0
R207904402,0,0,0,0,0,0,0,0,0,0,0,0,0,0,0,0,0,0,0,0
R207908919,0,0,0,0,0,0,0,0,0,0,0,0,0,0,0,0,0,0,0,0
R207924505,0,0,0,0,0,0,0,0,0,0,1,0,0,0,0,0,0,0,0,0
R208030905,0,0,0,0,0,0,0,0,0,0,0,0,0,0,0,0,0,0,1,0
R208042142,0,0,0,0,0,0,0,0,0,0,0,0,0,1,0,0,0,0,0,0
R208042467,0,0,0,0,0,0,0,0,0,0,0,0,0,0,0,0,0,0,0,0
R208066012,0,0,0,0,1,1,0,0,0,0,1,0,0,0,0,0,0,0,0,0
R208086010,0,0,0,0,0,0,0,0,0,0,0,0,0,0,0,0,0,0,1,0
R208095662,0,0,0,0,0,0,0,0,0,0,0,0,0,0,0,0,0,1,0,0
R208096197,0,0,0,0,0,0,0,0,0,0,0,0,0,0,0,0,0,0,0,0
R208101786,0,0,0,0,0,0,0,0,0,0,0,0,0,1,0,0,0,0,1,0
R208105719,0,0,0,0,0,0,0,0,0,0,0,0,0,0,0,0,0,0,0,0
R208144831,0,0,0,0,0,0,0,0,0,0,1,1,0,0,0,0,0,1,0,0
R208181708,0,0,0,0,0,0,0,0,0,0,0,0,0,0,0,0,0,0,0,0
R208200535,0,0,0,0,0,0,0,0,0,0,0,0,0,0,0,0,0,0,1,0
R208203924,0,0,0,0,0,0,0,0,0,0,0,0,0,0,0,0,0,0,0,0
R208259456,0,0,0,0,0,0,0,0,0,0,0,0,0,0,0,1,1,0,1,0
R208277168,0,0,0,0,0,0,0,0,0,0,0,0,0,0,0,1,0,0,1,0
R208282002,0,0,0,0,0,0,0,0,0,0,0,0,0,0,0,0,0,0,1,0
R208289686,0,0,0,0,0,0,0,0,0,0,1,0,0,0,0,0,0,0,1,0
R208305931,0,0,0,0,0,0,0,0,0,0,0,0,0,0,0,0,0,0,1,0
R208306579,0,0,0,0,0,0,0,0,0,0,1,0,0,0,0,0,0,0,0,0
R208321878,0,0,0,0,0,0,0,0,0,0,0,0,0,0,0,0,0,0,0,0
R208364352,0,0,0,0,0,0,0,0,0,0,0,0,0,0,0,0,0,1,1,0
R208364841,0,0,0,0,0,0,0,0,0,0,0,0,0,0,0,0,0,0,0,0
R208388736,0,0,0,0,0,0,0,0,0,0,1,0,0,0,0,0,0,0,0,0
R208398500,0,0,0,0,0,0,0,0,0,0,0,0,0,0,0,0,0,0,0,0
R208425117,0,0,0,0,1,1,0,0,1,0,0,0,0,1,0,0,0,0,0,0
R208427594,0,0,0,0,0,0,0,0,0,0,0,0,0,1,0,0,0,0,0,0
R208432597,0,0,0,0,1,1,0,0,0,0,1,0,0,0,0,1,0,1,1,0
R208456813,0,0,0,0,0,0,0,0,0,0,0,0,0,0,0,0,0,0,0,0
R208465813,0,0,0,0,0,0,0,0,0,0,0,0,0,0,0,0,0,0,0,0
R208474186,0,0,0,0,0,0,0,0,0,0,0,0,0,0,0,1,0,0,1,0
R208488995,0,0,0,0,0,0,0,0,0,0,0,0,0,0,0,0,0,0,0,0
R208502713,0,0,0,0,0,1,0,0,0,0,0,0,0,1,1,0,0,0,1,0
R208536805,0,0,0,0,0,0,0,0,0,0,0,0,0,0,0,0,0,0,0,0
R208573637,0,0,0,0,1,1,0,0,1,0,1,0,0,1,0,0,0,0,0,0
R208575845,0,0,0,0,0,0,0,0,0,0,0,0,0,0,0,0,0,0,0,0
R208619825,0,0,0,0,0,0,0,0,0,0,0,0,0,0,0,0,0,0,0,0
R208664832,0,0,0,0,0,0,0,0,0,0,0,0,0,1,0,0,0,0,0,0
R208682490,0,0,0,0,0,0,0,0,0,0,0,0,0,0,0,0,0,0,0,0
R208709729,0,0,0,0,0,0,0,0,0,0,0,0,0,0,0,0,0,0,0,0
R208717246,0,0,0,0,0,0,0,0,0,0,0,0,0,0,0,0,0,0,1,0
R208757647,0,0,0,0,0,0,0,0,0,0,0,0,0,0,0,0,0,0,0,0
R208764138,0,0,0,0,0,0,0,0,0,0,0,0,0,0,0,1,0,0,0,0
R208809582,0,0,0,0,0,0,0,0,0,0,0,0,0,0,0,0,0,0,0,0
R208813132,0,0,0,0,0,0,0,0,0,0,0,0,0,0,0,0,0,1,0,0
R208835297,0,0,0,0,0,1,0,0,0,0,0,0,0,1,0,0,0,0,0,0
R208849706,0,0,0,0,0,0,0,0,0,0,0,0,0,0,0,1,1,0,0,0
R208859247,0,0,0,0,0,0,0,0,0,0,0,0,0,0,0,0,0,1,1,0
R208864066,0,0,0,0,0,0,0,0,0,0,0,0,0,0,0,0,0,0,0,0
R208902164,0,0,0,0,0,0,0,0,0,0,0,0,0,0,0,0,0,0,0,0
R208911954,0,0,0,0,0,0,0,0,0,0,0,0,0,0,0,0,0,0,0,0
R208917482,0,0,0,0,0,0,0,0,0,0,0,0,0,0,0,0,0,0,0,0
R208918124,0,0,0,0,0,0,0,0,0,0,0,0,0,0,0,0,0,0,0,0
R208920558,0,0,0,0,0,0,0,0,0,0,0,0,0,0,0,1,1,0,1,0
R208934070,0,0,0,0,0,0,0,0,0,0,0,0,0,0,0,0,0,0,1,0
R208945703,0,0,0,0,0,0,0,0,0,0,0,0,0,0,0,0,0,0,0,0
R208952205,0,0,0,0,1,1,0,0,0,0,0,0,0,1,0,0,0,0,0,0
R208952327,0,0,0,0,0,0,0,0,0,0,0,0,0,0,0,1,0,1,1,0
R209007305,0,0,0,0,0,0,0,0,0,0,0,0,0,0,0,0,0,0,0,0
R209010099,0,0,0,0,0,0,0,0,0,0,0,0,0,0,0,0,0,0,0,0
R209031385,0,0,0,0,0,0,0,0,0,0,0,0,0,0,0,0,0,0,0,0
R209033410,0,0,0,0,0,0,0,0,0,0,0,0,0,0,0,0,0,0,0,0
R209043096,0,0,0,0,0,0,0,0,0,0,1,0,0,0,0,0,0,0,0,0
R209066778,0,0,0,0,0,0,0,0,0,0,0,0,0,0,0,0,0,0,0,0
R209073483,0,0,0,0,0,0,0,0,0,0,0,0,0,0,0,0,0,0,0,0
R209074275,0,0,0,0,0,0,0,0,0,0,0,0,0,0,0,0,0,0,0,0
R209105330,0,0,0,0,0,0,0,0,0,0,0,0,0,0,0,0,0,0,0,0
R209113071,0,0,0,0,0,0,0,0,0,0,0,0,0,0,0,0,0,0,1,0
R209117926,0,0,0,0,0,0,0,0,0,0,0,0,0,0,0,0,0,0,0,0
R209146140,0,0,0,0,0,0,0,0,0,0,1,0,0,0,0,0,0,0,0,0
R209168827,0,0,0,0,0,0,0,0,0,0,0,0,0,0,0,0,0,0,0,0
R209178057,0,0,0,0,0,0,0,0,0,0,0,0,0,0,0,0,0,0,0,0
R209180327,0,0,0,0,0,0,0,0,0,0,0,0,0,0,0,0,0,0,0,0
R209183168,0,0,0,0,1,1,0,0,0,0,1,0,0,0,0,0,0,0,0,0
R209224590,0,0,0,0,0,0,0,0,0,0,0,0,0,0,0,0,0,0,0,0
R209261062,0,0,0,0,1,1,0,0,0,0,0,0,0,0,0,0,0,1,1,0
R209283065,0,0,0,0,0,0,0,0,0,0,0,0,0,0,0,0,0,0,0,0
R209296034,0,0,0,0,0,0,0,0,0,0,0,0,0,0,0,0,0,0,0,0
R209298222,0,0,0,0,1,1,0,0,1,0,0,0,0,1,0,1,0,0,0,0
R209305715,0,0,0,0,1,1,0,0,0,0,0,0,0,0,0,1,1,1,1,0
R209323679,0,0,0,0,0,0,0,0,0,0,0,0,0,1,0,0,0,0,0,0
R209327159,0,0,0,0,0,0,0,0,0,0,0,0,0,0,0,0,0,0,0,0
R209332159,0,0,0,0,0,0,0,0,0,0,0,0,0,0,0,0,0,0,0,0
R209336099,0,0,0,0,0,0,0,0,0,0,0,0,0,0,0,0,0,0,0,0
R209338112,0,0,0,0,0,0,0,0,0,0,0,0,0,0,0,0,0,0,0,0
R209338990,0,0,0,0,0,0,0,0,0,0,0,0,0,0,0,0,0,0,0,0
R209345111,0,0,0,0,0,0,0,0,0,0,0,0,0,0,0,0,0,0,1,0
R209354025,0,0,0,0,0,0,0,0,1,0,1,0,0,1,0,0,0,0,1,0
R209384475,0,0,0,0,0,0,0,0,0,0,1,0,0,0,0,0,0,0,0,0
R209402845,0,0,0,0,0,0,0,0,0,0,0,0,0,0,0,0,0,0,0,0
R209410198,0,0,0,0,0,0,0,0,0,0,0,0,0,0,0,0,0,0,0,0
R209427782,0,0,0,0,0,0,0,0,0,0,0,1,0,0,0,1,1,1,1,0
R209440611,0,0,0,0,0,0,0,0,0,0,0,0,0,0,0,0,0,0,0,0
R209453253,0,0,0,0,0,0,0,0,0,0,1,0,0,0,0,0,0,0,0,0
R209461726,0,0,0,0,0,0,0,0,0,0,1,0,0,0,0,0,0,0,1,0
R209467180,0,0,0,0,0,0,0,0,0,0,0,0,0,0,0,0,0,0,0,0
R209487531,0,0,0,0,0,0,0,0,0,0,0,0,0,0,0,1,1,0,1,0
R209511789,0,0,0,0,0,0,0,0,0,0,0,0,0,0,0,0,0,0,0,0
R209512685,0,0,0,0,0,0,0,0,0,0,0,0,0,0,0,0,0,0,0,0
R209520847,0,0,0,0,0,0,0,0,0,0,0,0,0,0,0,0,0,0,0,0
R209527851,0,0,0,0,0,0,0,0,0,0,0,0,0,0,0,0,0,0,0,0
R209534230,0,0,0,0,0,0,0,0,0,0,1,0,0,0,0,0,0,0,0,0
R209555906,0,0,0,0,0,0,0,0,0,0,0,0,0,0,0,0,0,0,0,0
R209598564,0,0,0,0,0,0,0,0,0,0,0,0,0,0,0,0,0,0,0,0
R209639792,0,0,0,0,0,0,0,0,0,0,0,0,0,0,0,0,0,0,0,0
R209654384,0,0,0,0,0,0,0,0,0,0,0,0,0,0,0,0,0,0,1,0
R209718999,0,0,0,0,0,0,0,0,0,0,0,0,0,0,0,0,0,0,1,0
R209723737,0,0,0,0,0,0,0,0,0,0,0,0,0,0,0,0,0,0,0,0
R209726471,0,0,0,0,0,0,0,0,0,0,0,0,0,0,0,0,0,0,1,0
R209737310,0,0,0,0,0,0,0,0,0,0,0,0,0,0,0,0,0,0,1,0
R209755008,0,0,0,0,0,0,0,0,0,0,0,0,0,0,0,0,0,1,0,0
R209786464,0,0,0,0,0,0,0,0,0,0,0,0,0,0,0,1,1,0,1,0
R209787954,0,0,0,0,0,0,0,0,0,0,0,0,0,0,0,0,0,0,0,0
R209837629,0,0,0,0,1,1,0,0,0,0,0,0,0,0,0,0,0,0,0,0
R209841968,0,0,0,0,0,0,0,0,0,0,0,0,0,0,0,0,0,0,0,0
R209847049,0,0,0,0,0,0,0,0,0,0,0,0,0,0,0,0,0,0,0,0
R209860043,0,0,0,0,0,0,0,0,0,0,0,0,0,0,0,0,0,0,1,0
R209863043,0,0,0,0,0,0,0,0,0,0,0,0,0,0,0,0,0,0,0,0
R209878225,0,0,0,0,0,0,0,0,0,0,1,0,0,0,0,1,1,0,1,0
R209881389,0,0,0,0,0,0,0,0,0,0,0,0,0,0,0,0,0,0,0,0
R209883487,0,0,0,0,0,0,0,0,0,0,0,0,0,0,0,0,0,0,0,0
R209885065,0,0,0,0,0,0,0,0,0,0,0,0,0,0,0,0,0,0,1,0
R209888232,0,0,0,0,0,0,0,0,0,0,0,0,0,0,0,1,0,0,1,0
R209895557,0,0,0,0,0,0,0,0,0,0,0,0,0,0,0,0,0,0,1,0
R209916194,0,0,0,0,1,1,0,0,0,0,1,0,0,0,0,0,0,0,1,0
R209917396,0,0,0,0,0,0,0,0,0,0,0,0,0,0,0,0,0,0,0,0
R209937456,0,0,0,0,0,0,0,0,0,0,0,0,0,0,0,0,0,0,0,0
R209951588,0,0,0,0,0,0,0,0,0,0,0,0,0,0,0,0,0,0,1,0
R209953260,0,0,0,0,0,0,0,0,0,0,0,0,0,0,0,0,0,0,0,0
R209973480,0,0,0,0,0,0,0,0,0,0,0,0,0,0,0,0,0,0,0,0
R209986909,0,0,0,0,1,1,0,0,0,0,0,0,0,0,0,1,1,0,1,0
R209988230,0,0,0,0,0,0,0,0,0,0,0,0,0,0,0,0,0,0,0,0
R209988609,0,0,0,0,1,1,0,0,1,0,0,0,0,1,0,1,1,0,1,0
R209989055,0,0,0,0,0,0,0,0,0,0,0,0,0,0,0,0,0,0,0,0
R209992690,0,0,0,0,0,0,0,0,0,0,0,0,0,0,0,0,0,0,0,0
R210021696,0,0,0,0,0,0,0,0,0,0,0,0,0,0,0,0,0,0,0,0
R210056284,0,0,0,0,0,0,0,0,0,0,0,0,0,0,0,0,0,0,1,0
R210069308,0,0,0,0,0,0,0,0,0,0,0,0,0,0,0,0,0,0,1,0
R210096866,0,0,0,0,0,0,0,0,0,0,0,0,0,0,0,0,0,0,0,0
R210108697,0,0,0,0,0,0,0,0,0,0,0,0,0,0,0,0,0,0,0,0
R210130866,0,0,0,0,0,0,0,0,0,0,0,0,0,0,0,0,0,0,0,0
R210133009,0,0,0,0,0,0,0,0,0,0,0,0,0,0,0,0,0,0,0,0
R210142906,0,0,0,0,0,0,0,0,0,0,0,0,0,0,0,0,0,0,1,0
R210223536,0,0,0,0,0,1,0,0,0,0,1,0,0,0,0,0,0,0,0,0
R210227808,0,0,0,0,0,0,0,0,0,0,0,0,0,0,0,0,0,0,1,0
R210252909,0,0,0,0,0,0,0,0,0,0,1,0,0,0,0,0,0,1,0,0
R210257525,0,0,0,0,0,0,0,0,0,0,1,0,0,0,0,0,0,0,1,0
R210259362,0,0,0,0,0,0,0,0,0,0,0,0,0,0,0,0,0,0,0,0
R210293619,0,0,0,0,0,0,0,0,0,0,0,0,0,0,0,0,0,0,0,0
R210294637,0,0,0,0,0,0,0,0,0,0,0,0,0,0,0,0,0,0,0,0
R210307358,0,0,0,0,0,0,0,0,0,0,0,0,0,0,0,0,0,0,0,0
R210351617,0,0,0,0,0,0,0,0,0,0,0,0,0,0,0,0,0,0,1,0
R210357461,0,0,0,0,0,0,0,0,0,0,0,0,0,0,0,0,0,0,0,0
R210357802,0,0,0,0,0,0,0,0,0,0,0,0,0,0,0,0,0,0,0,0
R210364184,0,0,0,0,0,0,0,0,0,0,0,0,0,0,0,0,0,0,0,0
R210382915,0,0,0,0,0,1,0,0,0,0,1,0,1,0,1,0,0,0,0,0
R210410040,0,0,0,0,0,1,0,0,0,0,1,0,0,0,0,0,0,0,0,0
R210423862,0,0,0,0,0,0,0,0,0,0,0,0,0,0,0,0,0,0,0,0
R210429122,0,0,0,0,0,0,0,0,0,0,0,0,0,0,0,0,0,0,0,0
R210458256,0,0,0,0,0,0,0,0,0,0,0,0,0,0,0,0,0,0,0,0
R210474269,0,0,0,0,0,0,0,0,0,0,0,0,0,0,0,1,0,0,1,0
R210515817,0,0,0,0,0,0,0,0,0,0,1,0,0,0,0,0,0,0,0,0
R210525189,0,0,0,0,0,0,0,0,0,0,1,0,0,0,0,1,0,0,1,0
R210531833,0,0,0,0,0,0,0,0,0,0,0,0,0,0,0,0,0,0,0,0
R210554657,0,0,0,0,0,0,0,0,0,0,1,0,0,0,0,0,0,0,1,0
R210559186,0,0,0,0,1,1,0,0,0,0,1,0,0,0,1,0,0,0,1,0
R210563624,0,0,0,0,0,0,0,0,0,0,0,0,0,0,0,0,0,0,1,0
R210581660,0,0,0,0,0,0,0,0,0,0,0,0,0,0,0,0,0,1,1,0
R210591191,0,0,0,0,0,0,0,0,0,0,0,0,0,0,0,0,0,0,0,0
R210620979,0,0,0,0,1,1,0,0,0,0,0,0,0,0,0,1,0,0,0,0
R210647722,0,0,0,0,0,0,0,0,0,0,0,0,0,0,0,0,0,0,0,0
R210673492,0,0,0,0,0,0,0,0,0,0,0,0,0,0,0,0,0,0,0,0
R210706668,0,0,0,0,0,0,0,0,0,0,0,0,0,0,0,0,0,0,0,0
R210707010,0,0,0,0,0,0,0,0,0,0,0,0,0,0,0,0,0,0,0,0
R210722614,0,0,0,0,0,1,0,0,0,0,1,0,0,1,0,0,0,0,1,0
R210722827,0,0,0,0,0,0,0,0,0,0,0,0,0,0,0,0,0,0,0,0
R210731466,0,0,0,0,0,0,0,0,0,0,0,0,0,0,0,1,0,1,1,0
R210731495,0,0,0,0,0,0,0,0,0,0,1,0,0,0,0,0,0,1,0,0
R210750845,0,0,0,0,0,1,0,0,1,0,1,0,0,1,0,1,1,0,0,0
R210786505,0,0,0,0,0,0,0,0,0,0,0,0,0,0,0,1,1,0,1,0
R210798483,0,0,0,0,0,0,0,0,0,0,1,0,0,0,0,0,0,0,0,0
R210822127,0,0,0,0,0,0,0,0,0,0,0,0,0,0,0,0,0,0,0,0
R210831230,0,0,0,0,0,0,0,0,0,0,1,0,0,1,0,0,0,0,1,0
R210832809,0,0,0,0,0,0,0,0,0,0,0,0,0,0,0,0,0,0,1,0
R210851758,0,0,0,0,0,0,0,0,0,0,0,0,0,0,0,1,1,1,1,0
R210859843,0,0,0,0,0,0,0,0,0,0,0,0,0,0,0,0,0,0,0,0
R210864638,0,0,0,0,0,0,0,0,0,0,0,0,0,0,0,0,0,0,0,0
R210868237,0,0,0,0,0,1,0,0,0,0,1,0,0,0,1,0,0,0,0,0
R210904056,0,0,0,0,0,0,0,0,0,0,0,0,0,0,0,0,0,0,0,0
R210909934,0,0,0,0,0,0,0,0,0,0,0,0,0,0,0,0,0,0,0,0
R210919719,0,0,0,0,0,0,0,0,0,0,0,0,0,0,0,0,0,0,0,0
R210920231,0,0,0,0,0,0,0,0,0,0,0,0,0,0,0,0,0,0,1,0
R210956934,0,0,0,0,0,0,0,0,0,0,1,0,0,0,0,1,1,0,1,0
R210959429,0,0,0,0,0,1,0,0,0,0,1,0,0,0,1,0,0,0,0,0
R210970313,0,0,0,0,1,1,0,0,0,0,0,0,0,0,0,1,1,0,1,0
R210976814,0,0,0,0,0,0,0,0,0,0,0,0,0,0,0,0,0,0,0,0
R211020707,0,0,0,0,0,0,0,0,0,0,0,0,0,0,0,0,0,0,0,0
R211049603,0,0,0,0,0,0,0,0,0,0,0,0,0,0,0,0,0,0,0,0
R211076895,0,0,0,0,0,0,0,0,0,0,0,0,0,1,0,0,0,0,0,0
R211081422,0,0,0,0,0,0,0,0,0,0,0,0,0,0,0,0,0,0,1,0
R211088329,0,0,0,0,0,0,0,0,0,0,1,0,0,0,0,0,0,0,1,0
R211091492,0,0,0,0,0,0,0,0,0,0,0,0,0,0,0,0,0,0,0,0
R211106706,0,0,0,0,0,0,0,0,0,0,0,0,0,1,0,0,0,0,0,0
R211117604,0,0,0,0,0,0,0,0,0,0,0,0,0,0,0,0,0,0,0,0
R211119236,0,0,0,0,0,0,0,0,0,0,0,0,0,0,0,0,0,0,0,0
R211129563,0,0,0,0,0,0,0,0,0,0,0,0,0,0,0,0,0,0,0,0
R211146144,0,0,0,0,0,0,0,0,0,0,0,0,0,0,0,0,0,0,0,0
R211175914,0,0,0,0,0,0,0,0,0,0,1,0,0,0,0,0,0,0,0,0
R211188312,0,0,0,0,0,0,0,0,0,0,1,0,0,0,0,0,0,0,0,0
R211200297,0,0,0,0,1,1,0,0,0,0,1,0,1,0,0,1,1,0,1,0
R211200335,0,0,0,0,0,0,0,0,0,0,0,0,0,0,0,0,0,0,0,0
R211206127,0,0,0,0,0,0,0,0,0,0,1,0,0,0,0,0,0,1,0,0
R211222128,0,0,0,0,0,0,0,0,0,0,0,0,0,0,0,0,0,0,0,0
R211223167,0,0,0,0,0,0,0,0,0,0,0,0,0,0,0,0,0,0,0,0
R211245542,0,0,0,0,0,0,0,0,0,0,0,0,0,0,0,0,0,0,0,0
R211267407,0,0,0,0,0,1,0,0,0,0,1,0,0,0,0,0,0,0,0,0
R211278224,0,0,0,0,0,0,0,0,0,0,0,0,0,0,0,1,0,0,0,0
R211288654,0,0,0,0,0,0,0,0,0,0,0,0,0,1,0,0,0,0,0,0
R211289975,0,0,0,0,1,1,0,0,0,0,1,0,0,0,0,1,1,0,0,0
R211374577,0,0,0,0,0,0,0,0,0,0,0,0,0,0,0,0,0,0,0,0
R211397638,0,0,0,0,0,0,0,0,0,0,1,0,0,0,0,0,0,0,1,0
R211400804,0,0,0,0,0,0,0,0,0,0,0,0,0,0,0,0,0,0,1,0
R211412842,0,0,0,0,0,0,0,0,0,0,0,0,0,0,0,0,0,0,0,0
R211447341,0,0,0,0,0,0,0,0,0,0,1,0,0,0,0,1,1,0,1,0
R211508715,0,0,0,0,0,0,0,0,0,0,0,0,0,0,0,0,0,0,0,0
R211524285,0,0,0,0,0,0,0,0,0,0,0,0,0,0,0,0,0,0,0,0
R211545963,0,0,0,0,0,0,0,0,0,0,0,0,0,0,0,0,0,0,0,0
R211554800,0,0,0,0,0,0,0,0,0,0,1,0,0,0,0,0,0,0,1,0
R211577298,0,0,0,0,0,0,0,0,0,0,1,0,0,0,0,0,0,0,1,0
R211586089,0,0,0,0,0,0,0,0,0,0,0,0,0,1,0,0,0,0,0,0
R211592737,0,0,0,0,0,0,0,0,0,0,0,0,0,0,0,0,0,0,0,0
R211664890,0,0,0,0,0,1,0,0,0,0,1,0,0,0,0,0,0,0,0,0
R211692799,0,0,0,0,0,0,0,0,0,0,0,0,0,0,0,0,0,0,1,0
R211725966,0,0,0,0,0,0,0,0,0,0,0,0,0,0,0,0,0,0,0,0
R211740665,0,0,0,0,0,0,0,0,0,0,0,0,0,0,0,0,0,0,0,0
R211785503,0,0,0,0,1,1,0,0,0,0,1,0,0,0,0,1,0,0,1,0
R211798244,0,0,0,0,0,0,0,0,0,0,0,0,0,0,0,0,0,0,0,0
R211810715,0,0,0,0,0,0,0,0,0,0,0,0,0,0,0,0,0,0,0,0
R211814565,0,0,0,0,0,0,0,0,0,0,1,0,0,0,0,0,0,0,0,0
R211842171,0,0,0,0,1,1,0,0,0,0,1,1,0,0,0,1,1,1,1,0
R211855687,0,0,0,0,0,0,0,0,0,0,0,0,0,0,0,0,0,0,0,0
R211908194,0,0,0,0,0,0,0,0,0,0,0,0,0,0,0,0,0,0,0,0
R211910638,0,0,0,0,0,0,0,0,0,0,1,0,0,0,0,0,0,0,0,0
R211985624,0,0,0,0,0,0,0,0,0,0,0,0,0,0,0,0,0,0,0,0
R212017168,0,0,0,0,0,0,0,0,0,0,0,0,0,0,0,0,0,0,0,0
R212017328,0,0,0,0,0,0,0,0,0,0,0,0,0,0,0,0,0,0,0,0
R212024959,0,0,0,0,0,0,0,0,0,0,0,0,0,0,0,0,0,0,0,0
R212030341,0,0,0,0,0,0,0,0,0,0,0,0,0,0,0,1,0,0,0,0
R212069284,0,0,0,0,0,0,0,0,0,0,0,0,0,0,0,0,0,0,0,0
R212105050,0,0,0,0,0,0,0,0,0,0,0,0,0,0,0,0,0,0,0,0
R212122092,0,0,0,0,0,0,0,0,0,0,0,0,0,0,0,0,0,0,0,0
R212125411,0,0,0,0,0,1,0,0,0,0,0,0,0,0,1,0,0,0,0,0
R212175328,0,0,0,0,0,0,0,0,0,0,0,0,0,0,0,0,0,0,1,0
R212200926,0,0,0,0,0,0,0,0,0,0,0,0,0,0,0,0,0,0,0,0
R212205762,0,0,0,0,0,0,0,0,0,0,0,0,0,0,0,0,0,0,0,0
R212224038,0,0,0,0,0,0,0,0,0,0,0,0,0,0,0,0,0,0,0,0
R212229956,0,0,0,0,0,0,0,0,0,0,0,0,0,0,0,0,0,1,1,0
R212234121,0,0,0,0,1,1,0,0,0,0,1,0,0,0,0,1,0,0,0,0
R212236765,0,0,0,0,0,0,0,0,0,0,0,0,0,0,0,0,0,0,0,0
R212265132,0,0,0,0,1,1,0,0,0,0,1,0,0,0,0,0,0,0,0,0
R212273139,0,0,0,0,0,0,0,0,0,0,0,0,0,0,0,0,0,0,0,0
R212278051,0,0,0,0,0,0,0,0,0,0,0,0,0,0,0,0,0,0,0,0
R212298103,0,0,0,0,0,0,0,0,0,0,0,0,0,0,0,0,0,0,1,0
R212310533,0,0,0,0,0,0,0,0,0,0,1,0,0,0,0,0,0,0,0,0
R212344513,0,0,0,0,0,0,0,0,0,0,0,0,0,0,0,0,0,0,0,0
R212354883,0,0,0,0,0,0,0,0,0,0,1,0,0,0,0,1,1,0,1,0
R212373640,0,0,0,0,0,0,0,0,0,0,0,0,0,0,0,0,0,0,0,0
R212375070,0,0,0,0,0,0,0,0,0,0,0,0,0,0,0,0,0,0,0,0
R212378183,0,0,0,0,0,0,0,0,0,0,0,0,0,0,0,0,0,0,0,0
R212393238,0,0,0,0,0,0,0,0,0,0,1,0,0,0,0,1,0,0,0,0
R212400097,0,0,0,0,0,0,0,0,0,0,0,0,0,0,0,0,0,0,0,0
R212402122,0,0,0,0,0,0,0,0,0,0,0,0,0,0,0,0,0,0,0,0
R212416400,0,0,0,0,0,0,0,0,0,0,0,0,0,0,0,0,0,0,0,0
R212424802,0,0,0,0,0,0,0,0,0,0,0,0,0,0,0,0,0,0,0,0
R212442709,0,0,0,0,1,1,0,0,1,0,1,0,0,1,0,1,0,0,0,0
R212462638,0,0,0,0,0,0,0,0,0,0,0,0,0,0,0,1,1,0,1,0
R212488323,0,0,0,0,0,0,0,0,0,0,0,0,0,0,0,0,0,0,0,0
R212506054,0,0,0,0,0,0,0,0,0,0,0,0,0,0,0,0,0,0,0,0
R212508277,0,0,0,0,0,0,0,0,0,0,0,0,0,0,0,0,0,0,0,0
R212512256,0,0,0,0,0,0,0,0,0,0,0,0,0,0,0,0,0,0,0,0
R212547749,0,0,0,0,0,1,0,0,0,0,1,0,0,1,0,0,0,0,1,0
R212589225,0,0,0,0,1,1,0,0,0,0,0,0,0,0,0,0,0,0,0,0
R212600868,0,0,0,0,0,0,0,0,0,0,0,0,0,0,0,0,0,0,0,0
R212602050,0,0,0,0,0,0,0,0,0,0,0,0,0,0,0,0,0,0,0,0
R212613455,0,0,0,0,1,1,0,0,0,0,0,0,1,1,0,0,0,0,0,0
R212657894,0,0,0,0,0,0,0,0,0,0,0,0,0,0,0,0,0,0,0,0
R212673186,0,0,0,0,0,0,0,0,0,0,0,0,0,0,0,0,0,0,0,0
R212676928,0,0,0,0,0,0,0,0,0,0,0,0,0,0,0,0,0,0,0,0
R212680442,0,0,0,0,0,0,0,0,0,0,1,0,0,1,0,0,0,0,0,0
R212687134,0,0,0,0,0,0,0,0,0,0,0,0,0,0,0,0,0,0,0,0
R212708558,0,0,0,0,0,0,0,0,0,0,0,0,0,0,0,1,0,0,1,0
R212758827,0,0,0,0,0,0,0,0,0,0,0,0,0,0,0,0,0,0,0,0
R212760062,0,0,0,0,0,0,0,0,0,0,0,0,0,0,0,0,0,0,0,0
R212783286,0,0,0,0,0,0,0,0,0,0,0,0,0,0,0,0,0,0,1,0
R212785284,0,0,0,0,1,1,0,0,0,0,0,0,0,0,0,0,0,0,1,0
R212801677,0,0,0,0,0,0,0,0,0,0,0,0,0,0,0,0,0,0,0,0
R212814121,0,0,0,0,0,0,0,0,0,0,0,0,0,0,0,0,0,0,0,0
R212833056,0,0,0,0,0,0,0,0,0,0,1,0,0,0,0,0,0,0,0,0
R212852009,0,0,0,0,0,0,0,0,0,0,0,0,0,0,0,0,0,0,0,0
R212861538,0,0,0,0,0,1,0,0,0,0,1,0,0,0,1,0,0,0,1,0
R212861839,0,0,0,0,0,0,0,0,0,0,0,0,0,0,0,0,0,0,0,0
R212863439,0,0,0,0,0,0,0,0,0,0,0,0,0,0,0,1,1,0,0,0
R212873203,0,0,0,0,0,0,0,0,0,0,0,0,0,0,0,0,0,0,0,0
R212915703,0,0,0,0,0,0,0,0,0,0,0,0,0,0,0,0,0,0,0,0
R212923978,0,0,0,0,0,0,0,0,0,0,0,0,0,0,0,0,0,0,0,0
R212925051,0,0,0,0,0,0,0,0,0,0,0,0,0,1,0,0,0,0,0,0
R212941994,0,0,0,0,0,0,0,0,0,0,1,0,0,0,0,0,0,0,1,0
R212948992,0,0,0,0,0,0,0,0,0,0,0,0,0,0,0,0,0,0,1,0
R212978063,0,0,0,0,0,0,0,0,0,0,0,0,0,0,0,0,0,0,1,0
R212984098,0,0,0,0,0,0,0,0,0,0,0,0,0,0,0,1,0,0,0,0
R212989177,0,0,0,0,0,0,0,0,0,0,0,0,0,0,0,0,0,0,0,0
R212998709,0,0,0,0,0,0,0,0,0,0,0,0,0,0,0,0,0,0,0,0
R213032748,0,0,0,0,0,0,0,0,0,0,0,0,0,0,0,0,0,0,0,0
R213040621,0,0,0,0,0,0,0,0,0,0,0,0,0,0,0,0,0,0,1,0
R213040824,0,0,0,0,0,0,0,0,0,0,0,0,0,0,0,0,0,0,0,0
R213048311,0,0,0,0,0,0,0,0,0,0,0,0,0,0,0,0,0,0,0,0
R213052772,0,0,0,0,0,0,0,0,0,0,0,0,0,0,0,0,0,0,0,0
R213055690,0,0,0,0,0,0,0,0,0,0,0,0,0,0,0,0,0,0,0,0
R213076338,0,0,0,0,1,1,0,0,0,0,0,0,0,0,0,0,0,0,0,0
R213086702,0,0,0,0,0,0,0,0,0,0,0,0,0,0,0,0,0,0,1,0
R213100986,0,0,0,0,0,0,0,0,0,0,0,0,0,0,0,0,0,0,1,0
R213103642,0,0,0,0,0,0,0,0,0,0,0,0,0,0,0,0,0,0,0,0
R213148556,0,0,0,0,0,0,0,0,0,0,0,0,0,0,0,0,0,0,0,0
R213149614,0,0,0,0,0,0,0,0,0,0,0,0,0,0,0,0,0,0,0,0
R213196921,0,0,0,0,0,0,0,0,0,0,1,0,0,1,0,1,0,0,1,0
R213199049,0,0,0,0,0,0,0,0,0,0,0,0,0,0,0,0,0,0,0,0
R213219165,0,0,0,0,0,0,0,0,0,0,0,0,0,0,0,0,0,0,1,0
R213228803,0,0,0,0,0,0,0,0,0,0,1,0,0,0,0,0,0,1,1,0
R213251678,0,0,0,0,0,0,0,0,0,0,0,0,0,1,0,0,0,0,0,0
R213256141,0,0,0,0,0,0,0,0,0,0,0,0,0,0,0,0,0,0,0,0
R213279395,0,0,0,0,0,0,0,0,0,0,0,0,0,0,0,0,0,0,0,0
R213281316,0,0,0,0,0,0,0,0,0,0,0,0,0,0,0,0,0,0,1,0
R213293572,0,0,0,0,1,1,0,0,0,0,0,0,0,0,0,1,0,1,0,0
R213308660,0,0,0,0,0,0,0,0,0,0,0,0,0,0,0,0,0,0,0,0
R213315374,0,0,0,0,0,0,0,0,0,0,0,0,0,0,0,0,0,0,0,0
R213320802,0,0,0,0,0,0,0,0,0,0,0,0,0,0,0,0,0,0,0,0
R213337024,0,0,0,0,0,0,0,0,0,0,0,0,0,0,0,0,0,0,0,0
R213352728,0,0,0,0,0,0,0,0,0,0,0,0,0,0,0,1,0,0,1,0
R213376415,0,0,0,0,0,0,0,0,0,0,0,0,0,0,0,0,0,0,0,0
R213377878,0,0,0,0,0,0,0,0,0,0,0,0,0,0,0,0,0,0,0,0
R213409786,0,0,0,0,1,1,0,0,0,0,0,0,0,0,0,1,0,0,0,0
R213450612,0,0,0,0,1,1,0,0,0,0,1,0,0,0,0,1,0,1,1,0
R213465630,0,0,0,0,0,0,0,0,0,0,0,0,0,0,0,0,0,0,0,0
R213466725,0,0,0,0,0,0,0,0,0,0,0,0,0,0,0,0,0,0,0,0
R213477045,0,0,0,0,0,0,0,0,0,0,0,0,0,0,0,0,0,0,0,0
R213480447,0,0,0,0,0,0,0,0,0,0,0,0,0,0,0,0,0,0,0,0
R213488272,0,0,0,0,1,1,0,0,1,0,0,0,0,1,0,0,0,0,0,0
R213488740,0,0,0,0,0,0,0,0,0,0,0,0,0,0,0,0,0,0,0,0
R213530724,0,0,0,0,1,1,0,0,0,0,1,0,0,0,0,0,0,0,0,0
R213537073,0,0,0,0,0,0,0,0,0,0,0,1,0,0,0,0,0,1,0,0
R213542351,0,0,0,0,0,0,0,0,0,0,1,0,0,0,0,0,0,0,0,0
R213565117,0,0,0,0,0,0,0,0,0,0,1,0,0,0,0,0,0,0,1,0
R213569284,0,0,0,0,0,0,0,0,0,0,1,0,0,0,0,0,0,0,1,0
R213570701,0,0,0,0,0,0,0,0,0,0,0,0,0,0,0,0,0,0,0,0
R213579425,0,0,0,0,0,0,0,0,0,0,1,0,0,0,0,0,0,0,0,0
R213590089,0,0,0,0,0,0,0,0,0,0,0,0,0,0,0,0,0,0,0,0
R213608107,0,0,0,0,0,0,0,0,0,0,0,0,0,0,0,0,0,0,1,0
R213624042,0,0,0,0,1,1,0,0,0,0,0,0,0,0,0,1,1,0,1,0
R213648236,0,0,0,0,0,0,0,0,0,0,0,0,0,0,0,0,0,0,0,0
R213662515,0,0,0,0,0,0,0,0,0,0,0,0,0,0,0,0,0,0,1,0
R213687522,0,0,0,0,0,0,0,0,0,0,0,0,0,0,0,0,0,0,1,0
R213689935,0,0,0,0,0,0,0,0,0,0,0,0,0,0,0,0,0,0,1,0
R213695185,0,0,0,0,0,0,0,0,0,0,0,0,0,0,0,1,0,0,1,0
R213717257,0,0,0,0,0,0,0,0,0,0,0,0,0,0,0,0,0,0,0,0
R213725171,0,0,0,0,0,0,0,0,0,0,0,0,0,0,0,0,0,0,0,0
R213758646,0,0,0,0,0,0,0,0,0,0,0,0,0,0,0,0,0,0,1,0
R213763562,0,0,0,0,1,1,0,0,0,0,0,0,0,0,0,0,0,0,0,0
R213765522,0,0,0,0,0,1,0,0,0,0,1,0,0,1,0,0,0,0,1,0
R213820040,0,0,0,0,1,1,0,0,0,0,0,0,0,0,0,0,0,0,1,0
R213831909,0,0,0,0,1,1,0,0,0,0,1,0,0,0,0,0,0,0,0,0
R213832894,0,0,0,0,0,0,0,0,0,0,0,0,0,0,0,0,0,0,0,0
R213866906,0,0,0,0,0,0,0,0,0,0,0,0,0,0,0,0,0,0,0,0
R213908484,0,0,0,0,0,0,0,0,0,0,0,0,0,0,0,0,0,0,0,0
R213912806,0,0,0,0,0,0,0,0,0,0,0,0,0,0,0,0,0,0,0,0
R213920183,0,0,0,0,0,0,0,0,0,0,1,0,0,0,0,0,0,0,0,0
R213921205,0,0,0,0,0,0,0,0,0,0,0,0,0,0,0,1,1,0,1,0
R213925768,0,0,0,0,0,0,0,0,0,0,0,0,0,0,0,0,0,0,0,0
R213955954,0,0,0,0,0,0,0,0,0,0,0,0,0,0,0,0,0,0,1,0
R213960933,0,0,0,0,0,0,0,0,0,0,0,0,0,0,0,0,0,0,0,0
R213982539,0,0,0,0,0,0,0,0,0,0,1,0,0,0,0,0,0,0,0,0
R213998743,0,0,0,0,0,0,0,0,0,0,0,1,0,0,0,0,0,1,0,0
R214022680,0,0,0,0,0,0,0,0,0,0,0,0,0,0,0,0,0,0,0,0
R214022801,0,0,0,0,0,0,0,0,0,0,0,0,0,0,0,0,0,0,0,0
R214086746,0,0,0,0,0,1,0,0,0,0,0,0,0,1,0,0,0,0,0,0
R214097567,0,0,0,0,0,0,0,0,0,0,0,0,0,0,0,0,0,0,0,0
R214133017,0,0,0,0,0,0,0,0,0,0,1,0,0,0,0,0,0,0,0,0
R214137148,0,0,0,0,0,0,0,0,0,0,0,0,0,0,0,0,0,0,0,0
R214169069,0,0,0,0,0,0,0,0,0,0,1,0,0,0,0,0,0,0,1,0
R214171261,0,0,0,0,0,0,0,0,0,0,0,0,0,0,0,0,0,0,0,0
R214178779,0,0,0,0,0,0,0,0,0,0,0,0,0,0,0,0,0,0,0,0
R214179424,0,0,0,0,0,0,0,0,0,0,1,0,0,0,0,0,0,0,0,0
R214180649,0,0,0,0,0,0,0,0,0,0,0,0,0,0,0,0,0,0,0,0
R214201662,0,0,0,0,1,1,0,0,0,0,1,0,0,0,0,0,0,0,0,0
R214208042,0,0,0,0,0,0,0,0,0,0,0,0,0,0,0,0,0,0,0,0
R214232188,0,0,0,0,0,0,0,0,0,0,0,0,0,0,0,0,0,0,0,0
R214233212,0,0,0,0,0,0,0,0,0,0,0,0,0,0,0,0,0,0,0,0
R214234048,0,0,0,0,0,0,0,0,0,0,0,0,0,0,0,1,0,1,1,0
R214235518,0,0,0,0,0,0,0,0,0,0,0,0,0,0,0,0,0,0,0,0
R214277852,0,0,0,0,1,1,0,0,0,0,1,0,0,1,0,0,0,0,0,0
R214290160,0,0,0,0,0,0,0,0,0,0,0,0,0,0,0,0,0,0,0,0
R214294287,0,0,0,0,0,0,0,0,0,0,0,0,0,0,0,0,0,0,0,0
R214310987,0,0,0,0,0,0,1,0,0,0,0,0,0,1,0,0,0,0,0,0
R214314977,0,0,0,0,0,0,0,0,0,0,0,0,0,0,0,0,0,0,0,0
R214374764,0,0,0,0,0,0,0,0,0,0,0,0,0,0,0,0,0,0,0,0
R214380188,0,0,0,0,0,0,0,0,0,0,1,0,0,0,0,0,0,0,1,0
R214388288,0,0,0,0,0,0,0,0,0,0,1,0,0,0,0,1,0,0,0,0
R214402939,0,0,0,0,0,0,0,0,0,0,0,0,0,0,0,0,0,0,0,0
R214404785,0,0,0,0,0,0,0,0,0,0,0,1,0,0,0,0,0,1,0,0
R214412940,0,0,0,0,0,0,0,0,0,0,0,0,0,0,0,0,0,0,0,0
R214417920,0,0,0,0,0,0,0,0,0,0,0,0,0,0,0,0,0,0,1,0
R214428456,0,0,0,0,1,1,0,0,0,0,0,0,0,0,0,1,1,0,1,0
R214473146,0,0,0,0,0,0,0,0,0,0,0,0,0,0,0,0,0,0,0,0
R214481644,0,0,0,0,0,0,0,0,0,0,0,0,0,0,0,1,0,0,0,0
R214482987,0,0,0,0,0,0,0,0,0,0,0,0,0,0,0,1,1,0,1,0
R214492440,0,0,0,0,0,0,0,0,0,0,0,1,0,0,0,0,0,1,0,0
R214505722,0,0,0,0,1,1,0,0,1,0,1,0,0,1,1,1,0,0,1,0
R214514243,0,0,0,0,0,0,0,0,0,0,0,0,0,0,0,0,0,0,0,0
R214527567,0,0,0,0,0,0,0,0,0,0,0,0,0,0,0,0,0,0,0,0
R214553885,0,0,0,0,0,0,0,0,0,0,0,0,0,0,0,0,0,0,0,0
R214567935,0,0,0,0,0,0,0,0,0,0,0,0,0,0,0,0,0,0,0,0
R214576447,0,0,0,0,0,0,0,0,0,0,0,0,0,0,0,0,0,0,0,0
R214616203,0,0,0,0,0,0,0,0,0,0,0,0,0,0,0,1,1,0,1,0
R214624367,0,0,0,0,0,0,0,0,0,0,0,0,0,0,0,0,0,0,0,0
R214629472,0,0,0,0,0,0,0,0,0,0,1,0,0,0,0,0,0,0,0,0
R214637377,0,0,0,0,0,0,0,0,0,0,0,0,0,0,0,0,0,0,0,0
R214651326,0,0,0,0,0,0,0,0,0,0,1,1,0,1,0,0,0,1,1,0
R214663338,0,0,0,0,0,0,0,0,0,0,0,0,0,0,0,0,0,0,0,0
R214694321,0,0,0,0,0,0,0,0,0,0,0,0,0,1,0,0,0,0,0,0
R214717598,0,0,0,0,0,0,0,0,0,0,1,0,0,1,0,0,0,0,0,0
R214783046,0,0,0,0,1,1,0,0,0,0,0,0,0,0,0,1,0,0,0,0
R214789712,0,0,0,0,0,0,0,0,0,0,0,0,0,0,0,0,0,0,0,0
R214814043,0,0,0,0,0,0,0,0,0,0,0,0,0,0,0,0,0,0,0,0
R214825402,0,0,0,0,0,0,0,0,0,0,0,0,0,0,0,0,0,0,0,0
R214831811,0,0,0,0,0,0,0,0,0,0,0,0,0,0,0,0,0,0,0,0
R214834204,0,0,0,0,0,0,0,0,0,0,0,0,0,0,0,0,0,0,0,0
R214925366,0,0,0,0,0,1,0,0,0,0,0,0,0,0,1,0,0,1,1,0
R214959526,0,0,0,0,0,1,0,0,0,0,1,0,0,0,1,0,0,0,0,0
R214996511,0,0,0,0,0,1,0,0,0,0,0,1,0,1,0,0,0,1,1,0
R215002125,0,0,0,0,0,0,0,0,0,0,0,0,0,0,0,0,0,0,0,0
R215040435,0,0,0,0,0,0,0,0,0,0,0,0,0,0,0,0,0,0,0,0
R215043934,0,0,0,0,0,0,0,0,0,0,0,0,0,1,0,0,0,0,0,0
R215053356,0,0,0,0,0,0,0,0,0,0,0,0,0,0,0,0,0,0,0,0
R215061258,0,0,0,0,0,0,0,0,0,0,0,0,0,0,0,0,0,0,0,0
R215076772,0,0,0,0,0,0,0,0,0,0,0,1,0,0,0,0,0,1,0,0
R215078526,0,0,0,0,0,0,0,0,0,0,0,0,0,0,0,0,0,0,0,0
R215081490,0,0,0,0,0,0,0,0,0,0,0,0,0,0,0,0,0,0,1,0
R215090513,0,0,0,0,0,0,0,0,0,0,0,1,0,0,0,0,0,1,0,0
R215116250,0,0,0,0,0,0,0,0,0,0,0,0,0,0,0,0,0,0,0,0
R215154119,0,0,0,0,0,0,0,0,0,0,0,0,0,0,0,0,0,1,1,0
R215175617,0,0,0,0,1,1,0,0,0,0,1,1,0,0,0,1,1,1,1,0
R215184682,0,0,0,0,0,1,0,0,0,0,0,0,0,0,0,0,0,1,0,0
R215186954,0,0,0,0,0,0,0,0,0,0,0,0,0,0,0,0,0,0,0,0
R215202571,0,0,0,0,0,0,0,0,0,0,0,0,0,0,0,0,0,0,0,0
R215205924,0,0,0,0,0,0,0,0,0,0,1,0,0,0,0,0,0,0,0,0
R215207407,0,0,0,0,0,0,0,0,0,0,0,0,0,0,0,0,0,0,1,0
R215222091,0,0,0,0,0,0,0,0,0,0,0,0,0,0,0,0,0,0,0,0
R215245486,0,0,0,0,0,1,0,0,0,0,0,0,0,1,0,0,0,0,0,0
R215245885,0,0,0,0,0,0,0,0,0,0,0,0,0,0,0,1,0,0,1,0
R215309460,0,0,0,0,0,0,0,0,0,0,0,0,0,0,0,0,0,0,0,0
R215317572,0,0,0,0,0,0,0,0,0,0,0,0,0,0,0,0,0,0,1,0
R215372495,0,0,0,0,0,0,0,0,0,0,1,0,0,0,0,0,0,0,0,0
R215375160,0,0,0,0,0,0,0,0,0,0,0,0,0,0,0,0,0,0,0,0
R215429752,0,0,0,0,0,0,0,0,0,0,0,0,0,0,0,0,0,0,0,0
R215438427,0,0,0,0,0,0,0,0,0,0,1,0,0,1,0,0,0,0,0,0
R215456057,0,0,0,0,0,0,0,0,0,0,0,0,0,0,0,0,0,0,0,0
R215464535,0,0,0,0,0,0,0,0,0,0,0,0,0,0,0,0,0,0,0,0
R215484899,0,0,0,0,0,1,0,0,0,0,0,0,0,1,0,0,0,0,0,0
R215491281,0,0,0,0,0,0,0,0,0,0,0,0,0,0,0,0,0,0,0,0
R215504309,0,0,0,0,0,0,0,0,0,0,0,0,0,0,0,0,0,0,0,0
R215512745,0,0,0,0,0,0,0,0,0,0,0,0,0,0,0,0,0,0,0,0
R215521910,0,0,0,0,0,0,0,0,0,0,0,0,0,0,0,0,0,0,0,0
R215527831,0,0,0,0,0,0,0,0,0,0,0,0,0,0,0,0,0,0,0,0
R215534865,0,0,0,0,0,0,0,0,0,0,0,0,0,0,0,0,0,0,0,0
R215543537,0,0,0,0,0,0,0,0,0,0,0,0,0,0,0,0,0,0,1,0
R215591864,0,0,0,0,0,0,0,0,0,0,0,0,0,1,0,0,0,0,0,0
R215594643,0,0,0,0,0,0,0,0,0,0,0,0,0,0,0,0,0,0,0,0
R215594660,0,0,0,0,0,0,0,0,0,0,0,0,0,0,0,1,0,1,1,0
R215658780,0,0,0,0,0,0,0,0,0,0,0,0,0,0,0,0,0,0,0,0
R215660727,0,0,0,0,0,0,0,0,0,0,0,0,0,0,0,0,0,0,0,0
R215666009,0,0,0,0,0,0,0,0,0,0,0,0,0,0,0,0,0,0,0,0
R215666671,0,0,0,0,0,0,0,0,0,0,0,0,0,0,0,0,0,0,0,0
R215676018,0,0,0,0,0,0,0,0,0,0,1,0,0,0,0,0,0,0,0,0
R215693155,0,0,0,0,0,0,0,0,0,0,0,0,0,0,0,1,1,0,0,0
R215696138,0,0,0,0,0,0,0,0,0,0,0,0,0,0,0,0,0,0,1,0
R215710062,0,0,0,0,0,0,0,0,0,0,0,0,0,0,0,0,0,0,0,0
R215715642,0,0,0,0,0,1,0,0,0,0,1,0,0,1,0,0,0,0,0,0
R215733811,0,0,0,0,0,0,0,0,0,0,0,0,0,0,0,0,0,0,0,0
R215734538,0,0,0,0,1,1,0,0,0,0,0,0,0,0,0,0,0,0,1,0
R215774080,0,0,0,0,0,0,0,0,0,0,1,0,1,0,0,0,0,0,0,0
R215787001,0,0,0,0,0,0,0,0,0,0,0,0,0,0,0,1,0,0,0,0
R215803583,0,0,0,0,0,0,0,0,0,0,0,0,0,0,0,0,0,0,0,0
R215822429,0,0,0,0,0,0,0,0,0,0,0,0,0,0,0,0,0,0,0,0
R215828747,0,0,0,0,0,0,0,0,0,0,0,0,0,0,0,0,0,0,0,0
R215849237,0,0,0,0,0,0,0,0,0,0,0,0,0,0,0,0,0,0,0,0
R215862734,0,0,0,0,0,0,0,0,0,0,1,0,0,0,0,0,0,0,0,0
R215889704,0,0,0,0,0,0,0,0,0,0,0,0,0,0,0,0,0,0,1,0
R215892112,0,0,0,0,0,0,0,0,0,0,0,0,0,0,0,0,0,0,0,0
R215898863,0,0,0,0,0,0,0,0,0,0,0,0,0,0,0,0,0,0,1,0
R215950972,0,0,0,0,1,1,0,0,0,0,0,1,0,0,0,0,0,1,1,0
R215960161,0,0,0,0,0,0,0,0,0,0,0,0,0,0,0,0,0,0,0,0
R215966645,0,0,0,0,0,1,0,0,0,0,0,0,0,0,1,0,0,0,1,0
R215990038,0,0,0,0,0,0,0,0,0,0,0,1,0,0,0,0,0,1,0,0
R216095582,0,0,0,0,0,0,0,0,0,0,0,0,0,0,0,1,0,0,0,0
R216103773,0,0,0,0,0,0,0,0,0,0,0,0,0,0,0,1,1,0,1,0
R216115915,0,0,0,0,0,0,0,0,0,0,0,0,0,0,0,0,0,0,0,0
R216143245,0,0,0,0,0,1,0,0,0,0,1,0,0,0,0,1,0,1,1,0
R216160732,0,0,0,0,0,0,0,0,0,0,0,0,0,0,0,0,0,0,0,0
R216164992,0,0,0,0,0,0,0,0,0,0,0,0,0,0,0,0,0,0,0,0
R216174030,0,0,0,0,0,0,0,0,0,0,0,0,0,0,0,0,0,0,1,0
R216223914,0,0,0,0,1,1,0,0,1,0,0,0,0,1,0,0,0,0,0,0
R216228725,0,0,0,0,0,0,0,0,0,0,1,0,0,0,0,0,0,0,0,0
R216243286,0,0,0,0,1,1,0,0,1,0,1,0,0,1,1,0,0,1,0,0
R216255500,0,0,0,0,0,0,0,0,0,0,1,0,0,0,0,0,0,0,0,0
R216290845,0,0,0,0,0,0,0,0,0,0,0,1,0,0,0,0,0,1,1,0
R216319076,0,0,0,0,1,1,0,0,0,0,0,1,0,0,0,1,0,1,1,0
R216327470,0,0,0,0,0,0,0,0,0,0,0,0,0,0,0,0,0,0,0,0
R216358702,0,0,0,0,0,1,0,0,0,0,0,0,0,0,0,0,0,0,0,0
R216362648,0,0,0,0,0,0,0,0,0,0,0,0,0,0,0,0,0,0,0,0
R216411818,0,0,0,0,0,0,0,0,0,0,1,0,0,0,0,0,0,0,0,0
R216418409,0,0,0,0,0,0,0,0,0,0,0,0,0,0,0,0,0,0,0,0
R216447956,0,0,0,0,0,0,0,0,0,0,0,0,0,0,0,0,0,0,0,0
R216451636,0,0,0,0,0,0,0,0,0,0,0,0,0,0,0,0,0,0,0,0
R216529509,0,0,0,0,0,0,0,0,0,0,1,0,0,0,0,0,0,0,1,0
R216538797,0,0,0,0,0,0,0,0,0,0,0,0,0,0,0,0,0,0,0,0
R216548588,0,0,0,0,0,0,0,0,0,0,0,0,0,0,0,0,0,0,1,0
R216549285,0,0,0,0,0,0,0,0,0,0,0,0,0,0,0,0,0,1,0,0
R216549637,0,0,0,0,1,1,0,0,0,0,0,0,0,0,0,1,0,0,0,0
R216569373,0,0,0,0,0,0,0,0,0,0,0,0,0,0,0,0,0,1,1,0
R216601022,0,0,0,0,0,0,0,0,0,0,0,0,0,0,0,0,0,0,0,0
R216603200,0,0,0,0,0,0,0,0,0,0,0,0,0,0,0,0,0,0,1,0
R216607520,0,0,0,0,0,0,0,0,0,0,0,0,0,0,0,0,0,0,0,0
R216662063,0,0,0,0,0,0,0,0,0,0,0,0,0,0,0,0,0,0,0,0
R216672140,0,0,0,0,0,0,0,0,0,0,0,0,0,0,0,0,0,0,0,0
R216686627,0,0,0,0,0,0,0,0,0,0,0,0,0,0,0,0,0,0,1,0
R216720454,0,0,0,0,0,0,0,0,0,0,0,0,0,0,0,0,0,0,0,0
R216773320,0,0,0,0,0,0,0,0,0,0,0,0,0,0,0,0,0,0,0,0
R216774436,0,0,0,0,0,0,0,0,0,0,0,0,0,0,0,0,0,0,0,0
R216791841,0,0,0,0,1,1,0,0,0,0,1,0,0,1,0,0,0,0,0,0
R216801815,0,0,0,0,0,0,0,0,0,0,0,0,0,0,0,0,0,0,1,0
R216802029,0,0,0,0,0,0,0,0,0,0,0,0,0,0,0,0,0,0,0,0
R216816124,0,0,0,0,0,0,0,0,0,0,0,0,0,0,0,0,0,0,1,0
R216837146,0,0,0,0,0,0,0,0,0,0,0,1,0,0,0,0,0,1,0,0
R216843295,0,0,0,0,0,0,0,0,0,0,1,0,0,0,0,0,0,0,0,0
R216860195,0,0,0,0,0,0,0,0,0,0,0,0,0,0,0,0,0,0,0,0
R216876147,0,0,0,0,0,0,0,0,0,0,0,0,0,0,0,0,0,0,0,0
R216878100,0,0,0,0,0,0,0,0,0,0,0,0,0,0,0,0,0,0,0,0
R216901932,0,0,0,0,0,0,0,0,0,0,0,0,0,0,0,0,0,0,1,0
R216965409,0,0,0,0,0,0,0,0,0,0,0,0,0,0,0,0,0,0,0,0
R216988562,0,0,0,0,1,1,0,0,1,0,0,0,0,1,0,0,0,0,0,0
R217001911,0,0,0,0,0,0,0,0,0,0,0,0,0,0,0,0,0,0,1,0
R217030744,0,0,0,0,0,0,0,0,0,0,0,0,0,0,0,0,0,0,0,0
R217032531,0,0,0,0,0,0,0,0,0,0,0,0,0,0,0,0,0,0,0,0
R217045566,0,0,0,0,1,1,0,0,1,0,0,0,0,1,0,0,0,0,0,0
R217056821,0,0,0,0,0,0,0,0,0,0,0,0,0,0,0,0,0,0,1,0
R217058288,0,0,0,0,0,0,0,0,0,0,0,0,0,0,0,0,0,0,0,0
R217063187,0,0,0,0,0,0,0,0,0,0,0,0,0,0,0,0,0,0,0,0
R217126235,0,0,0,0,1,1,0,0,1,0,0,0,0,1,0,0,0,1,1,0
R217165800,0,0,0,0,1,1,0,0,0,0,0,0,0,0,0,0,0,0,1,0
R217166436,0,0,0,0,0,0,0,0,0,0,0,0,0,0,0,1,1,0,0,0
R217175247,0,0,0,0,0,0,0,0,0,0,0,0,0,0,0,0,0,0,0,0
R217180104,0,0,0,0,0,0,0,0,0,0,0,0,0,0,0,0,0,0,0,0
R217216687,0,0,0,0,0,0,0,0,0,0,0,0,0,0,0,0,0,0,0,0
R217226615,0,0,0,0,0,0,0,0,0,0,0,0,0,0,0,0,0,0,1,0
R217237971,0,0,0,0,0,0,0,0,0,0,0,0,0,0,0,1,0,0,1,0
R217280449,0,0,0,0,0,0,0,0,0,0,0,0,0,0,0,0,0,0,0,0
R217290988,0,0,0,0,0,0,0,0,0,0,1,0,0,0,0,0,0,0,1,0
R217343112,0,0,0,0,0,0,0,0,0,0,0,0,0,0,0,0,0,1,0,0
R217364168,0,0,0,0,0,0,0,0,0,0,0,0,0,0,0,0,0,0,1,0
R217365859,0,0,0,0,0,0,0,0,0,0,0,0,0,0,0,1,1,0,1,0
R217379164,0,0,0,0,1,1,0,0,1,0,1,0,0,1,0,1,0,1,1,0
R217382358,0,0,0,0,0,0,0,0,0,0,0,0,0,0,0,0,0,0,0,0
R217400631,0,0,0,0,0,0,0,0,0,0,0,0,0,0,0,0,0,0,1,0
R217423217,0,0,0,0,0,0,0,0,0,0,0,0,0,1,0,0,0,0,1,0
R217432478,0,0,0,0,0,0,0,0,0,0,0,0,0,0,0,0,0,0,0,0
R217449313,0,0,0,0,0,0,0,0,0,0,0,0,0,0,0,0,0,0,0,0
R217463425,0,0,0,0,0,0,0,0,0,0,0,0,0,0,0,0,0,0,0,0
R217482098,0,0,0,0,0,0,0,0,0,0,0,0,0,0,0,0,0,0,1,0
R217491679,0,0,0,0,0,0,0,0,0,0,0,0,0,0,0,0,0,0,0,0
R217512915,0,0,0,0,0,0,0,0,0,0,0,0,0,0,0,0,0,0,0,0
R217520176,0,0,0,0,1,1,0,0,0,0,0,0,0,0,0,1,0,0,1,0
R217521579,0,0,0,0,0,0,0,0,0,0,0,0,0,0,0,0,0,0,1,0
R217524704,0,0,0,0,0,0,0,0,0,0,0,0,0,0,0,0,0,0,0,0
R217577620,0,0,0,0,1,1,0,0,0,0,1,0,0,0,0,0,0,1,1,0
R217591075,0,0,0,0,0,0,0,0,0,0,0,0,0,0,0,0,0,0,0,0
R217599327,0,0,0,0,0,0,0,0,0,0,0,0,0,0,0,1,0,0,0,0
R217614520,0,0,0,0,0,0,0,0,0,0,0,0,0,0,0,0,0,0,0,0
R217641321,0,0,0,0,0,0,0,0,0,0,0,0,0,0,0,0,0,0,0,0
R217642677,0,0,0,0,0,0,0,0,0,0,0,0,0,0,0,0,0,0,0,0
R217655544,0,0,0,0,0,0,0,0,0,0,0,0,0,0,0,0,0,0,0,0
R217673160,0,0,0,0,1,1,0,0,1,0,0,1,0,1,0,0,0,1,0,0
R217717064,0,0,0,0,0,0,0,0,0,0,0,0,0,0,0,0,0,1,0,0
R217717606,0,0,0,0,0,0,0,0,0,0,0,0,0,1,0,0,0,0,0,0
R217719879,0,0,0,0,0,0,0,0,0,0,1,0,0,0,0,1,0,1,0,0
R217726336,0,0,0,0,1,1,0,0,0,0,0,0,0,1,0,1,0,1,1,0
R217738542,0,0,0,0,0,0,0,0,0,0,0,0,0,0,0,0,0,0,1,0
R217802072,0,0,0,0,0,0,0,0,0,0,0,0,0,0,0,0,0,0,0,0
R217833435,0,0,0,0,0,0,0,0,0,0,0,0,0,0,0,0,0,0,0,0
R217891083,0,0,0,0,0,0,0,0,0,0,0,0,0,0,0,0,0,0,1,0
R217895941,0,0,0,0,0,0,0,0,0,0,0,0,0,0,0,0,0,0,0,0
R217911015,0,0,0,0,1,1,0,0,1,0,1,0,0,1,0,0,0,0,1,0
R217927393,0,0,0,0,0,0,0,0,0,0,0,0,0,0,0,0,0,0,1,0
R217933572,0,0,0,0,1,1,0,0,0,0,1,0,0,1,0,0,0,0,0,0
R217943437,0,0,0,0,0,1,0,0,0,0,1,0,0,0,1,0,0,0,0,0
R217990949,0,0,0,0,0,0,0,0,0,0,0,0,0,0,0,0,0,0,0,0
R218007139,0,0,0,0,0,0,0,0,0,0,0,0,0,0,0,0,0,0,0,0
R218010708,0,0,0,0,0,0,0,0,0,0,0,0,0,0,0,0,0,0,1,0
R218063353,0,0,0,0,0,0,0,0,0,0,0,0,0,0,0,0,0,0,0,0
R218098472,0,0,0,0,0,0,0,0,0,0,0,0,0,0,0,0,0,0,1,0
R218098958,0,0,0,0,0,0,0,0,0,0,0,0,0,0,0,0,0,0,1,0
R218119904,0,0,0,0,0,0,0,0,0,0,0,0,0,0,0,0,0,0,0,0
R218125442,0,0,0,0,1,1,0,0,1,0,0,0,0,1,0,1,1,1,1,0
R218128973,0,0,0,0,0,0,0,0,0,0,1,0,0,0,0,0,0,0,0,0
R218129605,0,0,0,0,0,0,0,0,0,0,0,0,0,0,0,0,0,0,0,0
R218129936,0,0,0,0,0,0,0,0,0,0,0,0,0,0,0,0,0,0,0,0
R218142084,0,0,0,0,0,0,0,0,0,0,0,0,0,0,0,0,0,1,0,0
R218143772,0,0,0,0,0,0,0,0,0,0,0,0,0,0,0,0,0,0,0,0
R218171641,0,0,0,0,0,0,0,0,0,0,0,0,0,0,0,0,0,0,0,0
R218172163,0,0,0,0,1,1,0,0,0,0,0,0,0,0,0,0,0,1,1,0
R218219683,0,0,0,0,1,1,0,0,0,0,1,0,0,1,0,0,0,0,1,0
R218237394,0,0,0,0,0,0,0,0,0,0,0,0,0,0,0,0,0,0,0,0
R218239108,0,0,0,0,0,0,0,0,0,0,0,0,0,0,0,0,0,0,0,0
R218242732,0,0,0,0,0,0,0,0,0,0,0,0,0,0,0,0,0,0,0,0
R218253080,0,0,0,0,0,0,0,0,0,0,1,0,0,0,0,0,0,0,1,0
R218262771,0,0,0,0,0,0,0,0,0,0,0,0,0,0,0,0,0,1,0,0
R218277250,0,0,0,0,0,0,0,0,0,0,0,0,0,0,0,0,0,0,1,0
R218292268,0,0,0,0,0,0,0,0,0,0,0,0,0,0,0,0,0,0,0,0
R218315851,0,0,0,0,0,1,0,0,0,0,1,0,0,0,0,0,0,0,0,0
R218338389,0,0,0,0,0,0,0,0,0,0,1,0,0,0,0,1,0,0,1,0
R218343264,0,0,0,0,1,1,0,0,0,0,0,0,0,1,0,1,0,0,1,0
R218356584,0,0,0,0,0,0,0,0,0,0,0,0,0,0,0,0,0,0,0,0
R218357752,0,0,0,0,0,0,0,0,0,0,0,0,0,0,0,0,0,0,1,0
R218363773,0,0,0,0,0,0,0,0,0,0,0,0,0,0,0,0,0,0,0,0
R218376172,0,0,0,0,0,0,0,0,0,0,0,0,0,0,0,0,0,0,0,0
R218387821,0,0,0,0,1,1,0,0,0,0,1,0,0,0,0,0,0,1,0,0
R218401506,0,0,0,0,0,0,0,0,0,0,0,0,0,0,0,0,0,0,0,0
R218443326,0,0,0,0,0,0,0,0,0,0,0,0,0,0,0,0,0,0,0,0
R218496602,0,0,0,0,0,0,0,0,0,0,0,0,0,0,0,0,0,0,0,0
R218591409,0,0,0,0,0,0,0,0,0,0,0,0,0,0,0,0,0,1,0,0
R218596681,0,0,0,0,0,0,0,0,0,0,0,0,0,0,0,0,0,0,0,0
R218614361,0,0,0,0,0,0,0,0,0,0,1,0,0,1,0,1,1,0,1,0
R218647309,0,0,0,0,0,0,0,0,0,0,1,0,0,1,0,0,0,0,0,0
R218674691,0,0,0,0,1,1,0,0,1,0,1,0,0,1,1,0,0,0,0,0
R218682521,0,0,0,0,0,1,0,0,0,0,1,0,0,1,0,0,0,0,0,0
R218690982,0,0,0,0,0,0,0,0,0,0,0,0,0,0,0,0,0,0,0,0
R218780664,0,0,0,0,0,0,0,0,0,0,0,0,0,0,0,0,0,0,0,0
R218783778,0,0,0,0,0,0,0,0,0,0,0,0,0,0,0,1,1,0,1,0
R218797965,0,0,0,0,0,0,0,0,0,0,1,0,0,0,0,0,0,0,1,0
R218842834,0,0,0,0,0,0,0,0,0,0,1,0,0,0,0,0,0,0,1,0
R218876555,0,0,0,0,0,0,0,0,0,0,0,0,0,0,0,0,0,1,0,0
R218881174,0,0,0,0,0,0,0,0,0,0,0,0,0,0,0,0,0,0,0,0
R218918085,0,0,0,0,0,0,0,0,0,0,0,0,0,0,0,0,0,0,0,0
R218926845,0,0,0,0,0,0,0,0,0,0,0,0,0,0,0,0,0,0,0,0
R218940247,0,0,0,0,0,0,0,0,0,0,0,0,0,0,0,0,0,0,0,0
R218972180,0,0,0,0,0,0,0,0,0,0,0,0,0,0,0,0,0,0,1,0
R219047029,0,0,0,0,0,0,0,0,0,0,0,0,0,0,0,0,0,0,0,0
R219065650,0,0,0,0,0,1,0,0,0,0,1,0,0,1,1,0,0,0,1,0
R219070751,0,0,0,0,0,0,0,0,0,0,0,0,0,0,0,0,0,0,0,0
R219072992,0,0,0,0,0,0,0,0,0,0,0,0,0,0,0,0,0,0,0,0
R219081944,0,0,0,0,1,1,0,0,0,0,0,0,0,0,0,1,0,0,0,0
R219125798,0,0,0,0,0,0,0,0,0,0,0,1,0,0,0,0,0,1,0,0
R219154312,0,0,0,0,0,0,0,0,0,0,0,0,0,0,0,0,0,0,0,0
R219158884,0,0,0,0,0,0,0,0,0,0,0,0,0,0,0,0,0,0,0,0
R219186512,0,0,0,0,0,0,0,0,0,0,0,0,0,0,0,0,0,0,0,0
R219190880,0,0,0,0,0,0,0,0,0,0,0,0,0,0,0,0,0,0,0,0
R219195566,0,0,0,0,0,0,0,0,0,0,0,0,0,1,0,0,0,0,0,0
R219196592,0,0,0,0,0,0,0,0,0,0,0,0,0,0,0,0,0,0,0,0
R219224951,0,0,0,0,0,0,0,0,0,0,1,0,0,0,0,0,0,0,0,0
R219229417,0,0,0,0,0,0,0,0,0,0,0,0,0,0,0,0,0,0,1,0
R219366343,0,0,0,0,0,0,0,0,0,0,0,0,0,0,0,0,0,0,0,0
R219371472,0,0,0,0,0,0,0,0,0,0,0,0,0,0,0,0,0,0,0,0
R219404504,0,0,0,0,0,0,0,0,0,0,0,0,0,0,0,0,0,0,0,0
R219405367,0,0,0,0,0,0,0,0,0,0,1,0,0,0,0,0,0,0,0,0
R219504888,0,0,0,0,0,0,0,0,0,0,0,0,0,0,0,1,0,0,1,0
R219512751,0,0,0,0,0,0,0,0,0,0,0,0,0,0,0,0,0,0,0,0
R219512842,0,0,0,0,0,0,0,0,0,0,0,0,0,0,0,0,0,0,1,0
R219525952,0,0,0,0,0,0,0,0,0,0,0,0,0,0,0,0,0,0,0,0
R219541647,0,0,0,0,0,0,0,0,0,0,0,0,0,1,0,0,0,0,0,0
R219571987,0,0,0,0,0,0,0,0,0,0,0,0,0,0,0,1,0,1,0,0
R219582454,0,0,0,0,0,0,0,0,0,0,1,0,0,0,0,0,0,0,0,0
R219614556,0,0,0,0,1,1,0,0,0,0,1,0,0,1,0,0,0,1,0,0
R219620027,0,0,0,0,0,0,0,0,0,0,1,0,0,0,0,0,0,0,1,0
R219631273,0,0,0,0,0,0,0,0,0,0,0,0,0,0,0,0,0,0,0,0
R219649214,0,0,0,0,1,1,0,0,1,0,1,0,0,1,0,1,1,0,1,0
R219713938,0,0,0,0,0,0,0,0,0,0,0,0,0,0,0,1,0,0,1,0
R219753069,0,0,0,0,0,0,0,0,0,0,0,0,0,0,0,0,0,0,0,0
R219757820,0,0,0,0,0,0,0,0,0,0,0,0,0,0,0,0,0,0,0,0
R219767225,0,0,0,0,0,0,0,0,0,0,0,0,0,0,0,0,0,0,0,0
R219773487,0,0,0,0,1,1,0,0,0,0,0,0,0,0,0,0,0,0,1,0
R219784543,0,0,0,0,0,0,0,0,0,0,1,0,0,0,0,0,0,0,0,0
R219784900,0,0,0,0,0,0,0,0,0,0,0,0,0,0,0,0,0,0,0,0
R219933639,0,0,0,0,0,0,0,0,0,0,0,0,0,0,0,0,0,0,0,0
R219946178,0,0,0,0,0,0,0,0,0,0,0,0,0,0,0,0,0,0,0,0
R219957926,0,0,0,0,0,0,0,0,0,0,0,0,0,0,0,0,0,0,0,0
R219971298,0,0,0,0,0,0,0,0,0,0,0,0,0,0,0,0,0,0,1,0
R220008931,0,0,0,0,0,0,0,0,0,0,0,0,0,0,0,0,0,0,0,0
R220012643,0,0,0,0,0,0,0,0,0,0,0,0,0,0,0,0,0,0,1,0
R220019814,0,0,0,0,0,0,0,0,0,0,0,0,0,0,0,0,0,0,0,0
R220061666,0,0,0,0,0,0,0,0,0,0,0,0,0,0,0,0,0,0,0,0
R220071408,0,0,0,0,0,0,0,0,0,0,1,0,0,0,0,1,1,0,1,0
R220095476,0,0,0,0,0,0,0,0,0,0,0,0,0,0,0,0,0,0,0,0
R220116267,0,0,0,0,0,0,0,0,0,0,0,0,0,0,0,0,0,0,0,0
R220121996,0,0,0,0,0,0,0,0,0,0,1,0,0,1,0,0,0,0,0,0
R220137462,0,0,0,0,0,0,0,0,0,0,0,0,0,1,0,0,0,0,0,0
R220162455,0,0,0,0,0,0,0,0,0,0,0,0,0,0,0,0,0,1,1,0
R220178000,0,0,0,0,0,0,0,0,0,0,0,0,0,0,0,0,0,0,0,0
R220182784,0,0,0,0,0,0,0,0,0,0,0,0,0,0,0,0,0,0,1,0
R220206468,0,0,0,0,0,0,0,0,0,0,0,0,0,0,0,0,0,0,0,0
R220214767,0,0,0,0,0,0,0,0,0,0,0,0,0,0,0,0,0,0,0,0
R220240747,0,0,0,0,0,1,0,0,0,0,1,0,0,0,0,1,0,0,1,0
R220241963,0,0,0,0,0,0,0,0,0,0,0,0,0,0,0,0,0,0,0,0
R220259686,0,0,0,0,1,1,0,0,0,0,1,0,0,0,0,0,0,0,0,0
R220261853,0,0,0,0,0,0,0,0,0,0,0,0,0,0,0,0,0,0,0,0
R220304225,0,0,0,0,0,0,0,0,0,0,0,0,0,0,0,0,0,0,1,0
R220317061,0,0,0,0,0,1,0,0,0,0,0,0,0,1,0,0,0,0,0,0
R220320363,0,0,0,0,0,0,0,0,0,0,0,0,0,1,0,1,0,0,1,0
R220324988,0,0,0,0,0,0,0,0,0,0,0,0,0,0,0,0,0,0,0,0
R220327809,0,0,0,0,0,0,0,0,0,0,0,0,0,1,0,0,0,0,1,0
R220357836,0,0,0,0,0,0,0,0,0,0,0,0,0,0,0,0,0,0,0,0
R220358915,0,0,0,0,1,1,0,0,0,0,0,0,0,0,0,1,0,0,0,0
R220379196,0,0,0,0,0,0,0,0,0,0,0,0,0,0,0,0,0,0,0,0
R220379702,0,0,0,0,0,0,0,0,0,0,0,1,0,0,0,0,0,1,0,0
R220404482,0,0,0,0,1,1,0,0,0,0,0,1,0,0,0,1,1,1,1,0
R220409412,0,0,0,0,0,0,0,0,0,0,0,0,0,0,0,0,0,0,0,0
R220429394,0,0,0,0,0,0,0,0,0,0,0,0,0,0,0,0,0,0,1,0
R220437066,0,0,0,0,0,0,0,0,0,0,0,0,0,0,0,0,0,0,1,0
R220450015,0,0,0,0,0,0,0,0,0,0,1,0,0,0,0,0,0,0,0,0
R220456134,0,0,0,0,0,0,0,0,0,0,0,0,0,0,0,0,0,0,0,0
R220539479,0,0,0,0,0,0,0,0,0,0,0,0,0,0,0,0,0,0,0,0
R220578621,0,0,0,0,0,0,0,0,0,0,0,0,0,0,0,0,0,0,0,0
R220583027,0,0,0,0,0,0,0,0,0,0,0,0,0,0,0,0,0,0,0,0
R220604043,0,0,0,0,0,0,0,0,0,0,0,0,0,0,0,0,0,0,0,0
R220613263,0,0,0,0,0,0,0,0,0,0,0,0,0,1,0,0,0,0,0,0
R220622269,0,0,0,0,0,0,0,0,0,0,0,0,0,0,0,0,0,0,1,0
R220659984,0,0,0,0,1,1,0,0,0,0,0,1,0,0,0,1,0,1,1,0
R220670669,0,0,0,0,0,0,0,0,0,0,0,0,0,0,0,0,0,0,0,0
R220715407,0,0,0,0,0,0,0,0,0,0,0,0,0,0,0,0,0,0,0,0
R220748322,0,0,0,0,0,0,0,0,0,0,0,0,0,0,0,0,0,0,0,0
R220759323,0,0,0,0,0,0,0,0,0,0,0,0,0,0,0,0,0,0,0,0
R220764664,0,0,0,0,1,1,0,0,0,0,1,0,0,0,0,0,0,0,0,0
R220770266,0,0,0,0,0,0,0,0,0,0,1,0,0,0,0,0,0,0,0,0
R220780102,0,0,0,0,0,0,0,0,0,0,0,0,0,0,0,0,0,0,0,0
R220781230,0,0,0,0,0,0,0,0,0,0,0,0,0,0,0,0,0,0,0,0
R220782612,0,0,0,0,0,0,0,0,0,0,0,0,0,0,0,0,0,0,1,0
R220792297,0,0,0,0,0,0,0,0,0,0,1,0,0,0,0,0,0,0,0,0
R220796069,0,0,0,0,1,1,0,0,0,0,0,0,0,0,0,1,1,1,0,0
R220797589,0,0,0,0,0,0,0,0,0,0,1,0,0,0,0,0,0,0,0,0
R220817672,0,0,0,0,0,0,0,0,0,0,1,0,0,0,0,0,0,0,0,0
R220822197,0,0,0,0,0,0,0,0,0,0,1,0,0,0,0,0,0,0,0,0
R220847898,0,0,0,0,0,0,0,0,0,0,0,0,0,0,0,0,0,0,0,0
R220882413,0,0,0,0,0,0,0,0,0,0,0,0,0,0,0,0,0,0,0,0
R220905122,0,0,0,0,0,0,0,0,0,0,0,0,0,0,0,0,0,0,0,0
R220909267,0,0,0,0,0,0,0,0,0,0,0,0,0,0,0,0,0,0,1,0
R220925362,0,0,0,0,0,0,0,0,0,0,0,0,0,0,0,0,0,0,0,0
R220928069,0,0,0,0,1,1,0,0,0,0,1,0,0,0,1,1,1,0,1,0
R220931870,0,0,0,0,0,0,0,0,0,0,0,0,0,0,0,0,0,0,0,0
R220936502,0,0,0,0,0,0,0,0,0,0,0,0,0,0,0,0,0,0,0,0
R220939307,0,0,0,0,0,0,0,0,0,0,0,0,0,0,0,0,0,0,0,0
R220952092,0,0,0,0,0,0,0,0,0,0,0,0,0,0,0,1,1,0,1,0
R220963026,0,0,0,0,0,0,0,0,0,0,0,0,0,0,0,0,0,0,0,0
R220967898,0,0,0,0,0,0,0,0,0,0,0,0,0,0,0,0,0,0,1,0
R220977745,0,0,0,0,1,1,0,0,0,0,0,0,0,0,0,1,1,0,1,0
R220998579,0,0,0,0,0,0,0,0,0,0,0,0,0,0,0,0,0,0,0,0
R221019599,0,0,0,0,0,1,0,0,0,0,1,0,0,0,1,0,0,0,0,0
R221060910,0,0,0,0,0,1,0,0,0,0,1,0,0,0,1,1,0,0,1,0
R221080376,0,0,0,0,0,0,0,0,0,0,0,0,0,0,0,1,0,0,0,0
R221135605,0,0,0,0,0,0,0,0,0,0,0,0,0,0,0,0,0,0,0,0
R221137749,0,0,0,0,0,0,0,0,0,0,0,0,0,0,0,0,0,0,0,0
R221144262,0,0,0,0,0,0,0,0,0,0,0,0,0,0,0,0,0,0,0,0
R221153299,0,0,0,0,0,0,0,0,0,0,1,0,0,0,0,0,0,0,0,0
R221154677,0,0,0,0,0,0,0,0,0,0,0,0,0,0,0,1,1,0,1,0
R221175283,0,0,0,0,0,0,0,0,0,0,1,0,0,0,0,0,0,0,0,0
R221191162,0,0,0,0,0,0,0,0,0,0,0,0,0,0,0,0,0,0,0,0
R221206545,0,0,0,0,0,0,0,0,0,0,0,0,0,0,0,0,0,0,0,0
R221230496,0,0,0,0,0,0,0,0,0,0,0,0,0,0,0,1,1,0,1,0
R221269405,0,0,0,0,0,0,0,0,0,0,0,0,0,0,0,1,0,1,0,0
R221297150,0,0,0,0,0,1,0,0,0,0,0,0,0,0,0,1,0,0,0,0
R221374155,0,0,0,0,0,0,0,0,0,0,0,0,0,0,0,0,0,0,1,0
R221376821,0,0,0,0,0,0,0,0,0,0,0,0,0,1,0,0,0,0,0,0
R221411419,0,0,0,0,0,0,0,0,0,0,0,0,0,0,0,1,0,0,1,0
R221437847,0,0,0,0,0,0,0,0,0,0,0,0,0,0,0,0,0,0,0,0
R221480780,0,0,0,0,0,0,0,0,0,0,0,0,0,0,0,0,0,0,0,0
R221482766,0,0,0,0,0,0,0,0,0,0,0,0,0,0,0,0,0,0,0,0
R221563659,0,0,0,0,0,0,0,0,0,0,1,0,0,0,0,0,0,0,0,0
R221568395,0,0,0,0,0,0,0,0,0,0,0,0,0,0,0,0,0,0,0,0
R221569528,0,0,0,0,0,0,0,0,0,0,0,0,0,0,0,0,0,0,0,0
R221584603,0,0,0,0,0,0,0,0,0,0,0,0,0,0,0,0,0,0,0,0
R221592543,0,0,0,0,0,1,0,0,0,0,1,0,0,0,1,0,0,0,0,0
R221599262,0,0,0,0,0,0,0,0,0,0,0,0,0,0,0,0,0,0,0,0
R221607446,0,0,0,0,0,1,0,0,0,0,1,0,0,0,0,0,0,0,1,0
R221651010,0,0,0,0,1,1,0,0,0,0,1,0,0,1,0,1,0,0,0,0
R221669257,0,0,0,0,0,0,0,0,0,0,0,0,0,0,0,0,0,0,0,0
R221670900,0,0,0,0,0,0,0,0,0,0,0,0,0,0,0,0,0,0,0,0
R221673785,0,0,0,0,0,0,0,0,0,0,0,0,0,0,0,0,0,0,0,0
R221677741,0,0,0,0,0,0,0,0,0,0,0,0,0,0,0,0,0,0,0,0
R221706045,0,0,0,0,1,1,0,0,0,0,1,0,0,0,1,0,0,0,0,0
R221714423,0,0,0,0,0,0,0,0,0,0,0,0,0,0,0,0,0,0,0,0
R221720795,0,0,0,0,0,0,0,0,0,0,0,0,0,0,0,0,0,0,0,0
R221734492,0,0,0,0,0,0,0,0,0,0,0,1,0,0,0,0,0,1,0,0
R221759093,0,0,0,0,0,0,0,0,0,0,0,0,0,0,0,0,0,0,0,0
R221765440,0,0,0,0,0,0,0,0,0,0,0,0,0,0,0,0,0,0,0,0
R221795098,0,0,0,0,0,0,0,0,0,0,0,0,0,0,0,0,0,0,0,0
R221798532,0,0,0,0,0,0,0,0,0,0,1,0,0,1,0,0,0,0,0,0
R221816780,0,0,0,0,0,0,0,0,0,0,1,0,0,0,0,0,0,0,0,0
R221832139,0,0,0,0,0,0,0,0,0,0,0,0,0,0,0,0,0,0,0,0
R221850691,0,0,0,0,0,0,0,0,0,0,0,0,0,0,0,0,0,0,0,0
R221857854,0,0,0,0,0,0,0,0,0,0,0,0,0,0,0,0,0,0,0,0
R221860838,0,0,0,0,0,0,0,0,0,0,1,0,0,0,0,0,0,0,0,0
R221866650,0,0,0,0,0,1,0,0,0,0,0,0,0,1,0,1,0,0,0,0
R221877574,0,0,0,0,0,0,0,0,0,0,0,0,0,0,0,0,0,0,0,0
R221878049,0,0,0,0,0,0,0,0,0,0,0,0,0,0,0,0,0,0,0,0
R221895689,0,0,0,0,0,0,0,0,0,0,0,0,0,0,0,0,0,0,0,0
R222012504,0,0,0,0,0,0,0,0,0,0,0,0,0,0,0,0,0,0,0,0
R222031858,0,0,0,0,0,0,0,0,0,0,0,1,0,0,0,0,0,1,0,0
R222052529,0,0,0,0,1,1,0,0,0,0,0,0,0,0,0,0,0,0,0,0
R222080367,0,0,0,0,0,0,0,0,0,0,0,0,0,0,0,0,0,1,0,0
R222106051,0,0,0,0,0,0,0,0,0,0,0,0,0,0,0,0,0,0,0,0
R222128367,0,0,0,0,0,0,0,0,0,0,0,0,0,0,0,0,0,0,0,0
R222147708,0,0,0,0,0,0,0,0,0,0,0,0,0,0,0,0,0,0,0,0
R222313955,0,0,0,0,0,0,0,0,0,0,0,0,0,0,0,0,0,0,0,0
R222316342,0,0,0,0,0,0,0,0,0,0,0,0,0,0,0,0,0,0,0,0
R222385849,0,0,0,0,0,0,0,0,0,0,0,0,0,0,0,0,0,0,0,0
R222390302,0,0,0,0,0,0,0,0,0,0,0,0,0,0,0,0,0,0,0,0
R222411684,0,0,0,0,0,0,0,0,0,0,0,0,0,0,0,0,0,0,0,0
R222434842,0,0,0,0,0,0,0,0,0,0,1,0,0,1,0,0,0,0,1,0
R222442755,0,0,0,0,0,0,0,0,0,0,0,0,0,0,0,0,0,0,0,0
R222459913,0,0,0,0,0,1,0,0,0,0,0,0,0,0,0,0,0,0,0,0
R222465114,0,0,0,0,0,0,0,0,0,0,0,0,0,0,0,0,0,0,0,0
R222488774,0,0,0,0,0,1,0,0,0,0,0,0,0,0,0,0,0,1,0,0
R222512963,0,0,0,0,1,1,0,0,0,0,1,0,0,0,0,1,1,1,1,0
R222518850,0,0,0,0,0,0,0,0,0,0,0,0,0,0,0,0,0,0,0,0
R222553090,0,0,0,0,0,1,0,0,0,0,0,0,0,0,0,0,0,0,0,0
R222554272,0,0,0,0,0,0,0,0,0,0,0,0,0,0,0,0,0,0,0,0
R222555785,0,0,0,0,0,0,0,0,0,0,0,0,0,0,0,0,0,0,0,0
R222558560,0,0,0,0,0,0,0,0,0,0,0,0,0,0,0,0,0,0,0,0
R222566843,0,0,0,0,0,0,0,0,0,0,0,0,0,1,0,0,0,0,1,0
R222571529,0,0,0,0,0,0,0,0,0,0,0,0,0,0,0,0,0,0,0,0
R222572552,0,0,0,0,0,0,0,0,0,0,0,0,0,0,0,0,0,0,0,0
R222604459,0,0,0,0,0,0,0,0,0,0,0,0,0,0,0,0,0,0,0,0
R222609582,0,0,0,0,0,0,0,0,0,0,0,0,0,0,0,0,0,1,0,0
R222630571,0,0,0,0,0,0,0,0,0,0,0,0,0,0,0,0,0,0,0,0
R222632082,0,0,0,0,0,0,0,0,0,0,0,0,0,0,0,0,0,0,0,0
R222636145,0,0,0,0,0,0,0,0,0,0,0,0,0,0,0,0,0,0,0,0
R222653471,0,0,0,0,0,0,0,0,0,0,0,0,0,0,0,0,0,0,0,0
R222678487,0,0,0,0,0,0,0,0,0,0,1,0,0,0,0,0,0,0,0,0
R222679060,0,0,0,0,1,1,0,0,0,0,1,0,0,0,0,0,0,0,0,0
R222691709,0,0,0,0,0,0,0,0,0,0,0,0,0,0,0,0,0,0,0,0
R222694644,0,0,0,0,1,1,0,0,0,0,1,0,0,0,1,1,0,1,0,0
R222702559,0,0,0,0,0,0,0,0,0,0,0,0,0,0,0,0,0,1,0,0
R222704259,0,0,0,0,0,0,0,0,0,0,0,0,0,0,0,0,0,0,0,0
R222720152,0,0,0,0,0,0,0,0,0,0,0,0,0,0,0,0,0,1,1,0
R222735173,0,0,0,0,0,0,0,0,0,0,0,0,0,0,0,0,0,0,0,0
R222766752,0,0,0,0,0,0,0,0,1,0,0,0,0,1,0,1,1,0,1,0
R222769404,0,0,0,0,0,0,0,0,0,0,0,0,0,0,0,0,0,0,1,0
R222775515,0,0,0,0,0,0,0,0,0,0,0,0,0,0,0,0,0,1,1,0
R222805942,0,0,0,0,0,0,0,0,0,0,0,0,0,0,0,1,1,1,1,0
R222818079,0,0,0,0,0,0,0,0,0,0,0,0,0,0,0,0,0,0,0,0
R222821789,0,0,0,0,0,0,0,0,0,0,1,0,0,0,0,0,0,0,1,0
R222843231,0,0,0,0,0,0,0,0,0,0,0,0,0,0,0,0,0,1,1,0
R222874124,0,0,0,0,0,0,0,0,0,0,0,0,0,0,0,0,0,0,0,0
R222913527,0,0,0,0,0,0,0,0,0,0,0,0,0,0,0,0,0,0,1,0
R222948379,0,0,0,0,0,0,0,0,0,0,0,0,0,0,0,0,0,0,0,0
R222948707,0,0,0,0,0,0,0,0,0,0,0,0,0,0,0,0,0,0,0,0
R222955509,0,0,0,0,0,0,0,0,0,0,0,0,0,0,0,0,0,0,0,0
R222958044,0,0,0,0,0,0,0,0,0,0,0,0,0,0,0,0,0,0,0,0
R222988089,0,0,0,0,0,0,0,0,0,0,0,0,0,0,0,1,0,0,0,0
R223003462,0,0,0,0,0,0,0,0,0,0,0,0,0,0,0,0,0,0,0,0
R223010942,0,0,0,0,0,0,0,0,0,0,0,0,0,0,0,0,0,0,1,0
R223021392,0,0,0,0,0,0,0,0,0,0,1,0,0,0,0,0,0,0,1,0
R223066007,0,0,0,0,0,0,0,0,0,0,0,0,0,0,0,0,0,0,0,0
R223085787,0,0,0,0,0,0,0,0,0,0,0,0,0,0,0,0,0,0,0,0
R223089454,0,0,0,0,0,0,0,0,0,0,0,0,0,0,0,0,0,0,0,0
R223097135,0,0,0,0,0,1,0,0,0,0,1,0,0,0,1,0,0,0,0,0
R223098810,0,0,0,0,0,0,0,0,0,0,0,0,0,0,0,0,0,0,0,0
R223105298,0,0,0,0,0,0,0,1,0,0,0,0,0,0,0,0,0,1,0,0
R223110174,0,0,0,0,0,0,0,0,0,0,0,0,0,1,0,0,0,0,0,0
R223123619,0,0,0,0,0,0,0,0,0,0,0,0,0,0,0,0,0,0,0,0
R223134686,0,0,0,0,0,0,0,0,0,0,0,0,0,0,0,0,0,0,0,0
R223151576,0,0,0,0,0,0,0,0,0,0,0,0,0,0,0,0,0,0,0,0
R223183099,0,0,0,0,0,0,0,0,0,0,0,0,0,0,0,0,0,0,0,0
R223267476,0,0,0,0,0,0,0,0,0,0,0,0,0,0,0,0,0,0,1,0
R223269229,0,0,0,0,0,0,0,0,0,0,0,0,0,0,0,0,0,0,0,0
R223270991,0,0,0,0,0,0,0,0,0,0,0,0,0,0,0,0,0,0,0,0
R223271737,0,0,0,0,0,0,0,0,0,0,0,0,0,0,0,0,0,0,0,0
R223274743,0,0,0,0,0,0,0,0,0,0,0,0,0,0,0,0,0,0,0,0
R223279085,0,0,0,0,0,0,0,0,0,0,0,0,0,0,0,0,0,0,0,0
R223294833,0,0,0,0,0,0,0,0,0,0,1,0,0,0,0,0,0,0,0,0
R223296603,0,0,0,0,0,0,0,0,0,0,0,0,0,0,0,0,0,0,0,0
R223334218,0,0,0,0,0,0,0,0,0,0,0,1,0,0,0,0,0,1,1,0
R223346052,0,0,0,0,0,0,0,0,0,0,0,0,0,0,0,0,0,0,0,0
R223359239,0,0,0,0,0,0,0,0,0,0,0,0,0,0,0,0,0,0,0,0
R223363772,0,0,0,0,0,0,0,0,0,0,0,0,0,1,0,0,0,0,0,0
R223380835,0,0,0,0,0,0,0,0,0,0,0,0,0,0,0,0,0,0,1,0
R223383285,0,0,0,0,0,0,0,0,0,0,0,0,0,0,0,0,0,0,0,0
R223423944,0,0,0,0,0,0,0,0,0,0,0,0,0,0,0,0,0,0,0,0
R223425041,0,0,0,0,0,0,0,0,0,0,0,0,0,0,0,0,0,0,0,0
R223458456,0,0,0,0,0,1,0,0,0,0,1,0,0,0,0,0,0,0,0,0
R223468693,0,0,0,0,0,0,0,0,0,0,0,0,0,0,0,0,0,0,0,0
R223474539,0,0,0,0,0,0,0,0,0,0,0,0,0,0,0,0,0,0,0,0
R223497832,0,0,0,0,0,0,0,0,0,0,0,0,0,0,0,1,0,0,1,0
R223524869,0,0,0,0,0,0,0,0,0,0,0,0,0,0,0,0,0,0,1,0
R223536155,0,0,0,0,0,0,0,0,0,0,0,0,0,0,0,0,0,0,0,0
R223554523,0,0,0,0,0,0,0,0,0,0,0,0,0,0,0,0,0,0,1,0
R223597796,0,0,0,0,0,0,0,0,0,0,0,0,0,0,0,0,0,0,0,0
R223600055,0,0,0,0,0,0,0,0,0,0,0,0,0,0,0,0,0,0,0,0
R223635804,0,0,0,0,0,1,0,0,0,0,1,0,0,1,0,0,0,0,1,0
R223641426,0,0,0,0,0,0,0,0,0,0,0,0,0,0,0,0,0,0,0,0
R223653736,0,0,0,0,0,0,0,0,0,0,1,0,0,0,0,0,0,0,1,0
R223657265,0,0,0,0,0,0,0,0,0,0,0,0,0,0,0,1,1,0,1,0
R223664000,0,0,0,0,0,0,0,0,0,0,0,0,0,0,0,0,0,0,0,0
R223666625,0,0,0,0,0,0,0,0,0,0,0,0,0,0,0,0,0,0,0,0
R223680823,0,0,0,0,0,1,0,0,0,0,0,0,0,0,0,0,0,0,0,0
R223687460,0,0,0,0,0,0,0,0,0,0,0,0,0,0,0,0,0,0,0,0
R223715295,0,0,0,0,0,0,0,0,0,0,0,0,0,0,0,0,0,0,0,0
R223715768,0,0,0,0,0,0,0,0,0,0,0,0,0,0,0,0,0,0,0,0
R223717144,0,0,0,0,0,0,0,0,0,0,0,0,0,0,0,0,0,0,0,0
R223736188,0,0,0,0,0,0,0,0,0,0,0,0,0,0,0,0,0,0,1,0
R223794964,0,0,0,0,0,0,0,0,0,0,0,0,0,0,0,0,0,0,0,0
R223808973,0,0,0,0,0,0,0,0,0,0,0,0,0,0,0,0,0,0,0,0
R223814333,0,0,0,0,0,0,0,0,0,0,0,0,0,0,0,0,0,0,1,0
R223814449,0,0,0,0,0,1,0,0,0,0,1,0,0,1,0,0,0,0,1,0
R223836721,0,0,0,0,0,0,0,0,0,0,0,0,0,0,0,0,0,0,0,0
R223843557,0,0,0,0,0,0,0,0,0,0,0,0,0,0,0,0,0,0,0,0
R223845884,0,0,0,0,0,0,0,0,0,0,0,0,0,0,0,1,1,0,1,0
R223846005,0,0,0,0,0,0,0,0,0,0,0,1,0,0,0,0,0,1,1,0
R223848204,0,0,0,0,0,0,0,0,0,0,0,0,0,1,0,0,0,0,0,0
R223848549,0,0,0,0,0,0,0,0,0,0,0,0,0,1,0,0,0,0,0,0
R223873079,0,0,0,0,0,0,0,0,0,0,0,0,0,0,0,0,0,0,0,0
R223873167,0,0,0,0,0,0,0,0,0,0,0,0,0,0,0,0,0,0,0,0
R223879126,0,0,0,0,0,0,0,0,0,0,0,0,0,0,0,0,0,0,1,0
R223883756,0,0,0,0,0,0,0,0,0,0,0,0,0,0,0,0,0,0,0,0
R223969466,0,0,0,0,0,0,0,0,0,0,0,0,0,0,0,0,0,0,0,0
R224055002,0,0,0,0,0,0,0,0,0,0,0,0,0,0,0,0,0,0,0,0
R224069684,0,0,0,0,0,0,0,0,0,0,0,0,0,0,0,0,0,0,0,0
R224078663,0,0,0,0,0,0,0,0,0,0,0,0,0,0,0,0,0,0,1,0
R224098747,0,0,0,0,0,0,0,0,0,0,1,0,0,0,0,0,0,0,1,0
R224132302,0,0,0,0,1,1,0,0,0,0,0,0,0,0,0,0,0,0,0,0
R224162260,0,0,0,0,0,0,0,0,0,0,0,0,0,0,0,1,0,0,1,0
R224165416,0,0,0,0,0,0,0,0,0,0,1,0,0,1,0,0,0,0,0,0
R224166747,0,0,0,0,0,0,0,0,0,0,0,0,0,1,0,0,0,0,0,0
R224174300,0,0,0,0,0,0,0,0,0,0,0,0,0,0,0,0,0,0,0,0
R224195344,0,0,0,0,0,0,0,0,0,0,0,0,0,0,0,0,0,0,0,0
R224224905,0,0,0,0,0,0,0,0,0,0,1,0,0,0,0,0,0,0,0,0
R224232427,0,0,0,0,0,0,0,0,0,0,1,0,0,0,0,1,1,0,1,0
R224235623,0,0,0,0,0,0,0,0,0,0,0,0,0,0,0,0,0,0,0,0
R224236359,0,0,0,0,0,0,0,0,0,0,1,0,0,0,0,1,0,0,1,0
R224242290,0,0,0,0,0,0,0,0,0,0,0,0,0,0,0,1,1,1,1,0
R224271124,0,0,0,0,0,0,0,0,0,0,0,0,0,1,0,1,1,0,1,0
R224290190,0,0,0,0,0,0,0,0,0,0,0,0,0,0,0,0,0,0,0,0
R224344991,0,0,0,0,0,0,0,0,0,0,0,0,0,0,0,0,0,0,0,0
R224352450,0,0,0,0,0,0,0,0,0,0,0,0,0,0,0,0,0,0,0,0
R224356750,0,0,0,0,0,0,0,0,0,0,0,0,0,0,0,0,0,0,0,0
R224368752,0,0,0,0,0,0,0,0,0,0,0,0,0,0,0,0,0,0,0,0
R224410547,0,0,0,0,0,0,0,0,0,0,0,0,0,0,0,0,0,0,0,0
R224427311,0,0,0,0,0,0,0,0,0,0,0,0,0,0,0,0,0,0,0,0
R224439686,0,0,0,0,0,1,0,0,0,0,0,0,0,0,0,0,0,0,0,0
R224460807,0,0,0,0,0,0,0,0,0,0,0,0,0,0,0,0,0,0,0,0
R224461357,0,0,0,0,0,0,0,0,0,0,1,0,0,0,0,1,0,0,1,0
R224476591,0,0,0,0,0,0,0,0,0,0,0,0,0,0,0,0,0,0,0,0
R224485699,0,0,0,0,0,0,0,0,0,0,0,0,0,0,0,0,0,0,0,0
R224513447,0,0,0,0,0,1,0,0,0,0,0,0,0,1,0,0,0,1,0,0
R224532093,0,0,0,0,0,0,0,0,0,0,0,0,0,0,0,0,0,0,0,0
R224534718,0,0,0,0,0,0,0,0,0,0,0,0,0,0,0,0,0,0,0,0
R224606493,0,0,0,0,1,1,0,0,1,0,1,0,0,1,0,0,0,0,0,0
R224628934,0,0,0,0,1,1,0,0,0,0,0,0,0,1,0,0,0,0,1,0
R224635954,0,0,0,0,1,1,0,0,0,0,1,0,0,0,0,0,0,0,1,0
R224648627,0,0,0,0,0,0,0,0,0,0,0,0,0,0,0,0,0,0,0,0
R224684465,0,0,0,0,1,1,0,0,0,0,0,0,0,0,0,0,0,0,1,0
R224694404,0,0,0,0,0,0,0,0,0,0,0,0,0,0,0,0,0,0,0,0
R224746658,0,0,0,0,1,1,0,0,0,0,0,0,0,0,0,0,0,0,0,0
R224784915,0,0,0,0,0,0,0,0,0,0,0,0,0,0,0,1,1,0,1,0
R224803525,0,0,0,0,0,1,0,0,0,0,1,0,0,0,0,0,0,1,1,0
R224809127,0,0,0,0,0,0,0,0,0,0,0,0,0,0,0,0,0,0,0,0
R224832285,0,0,0,0,1,1,0,0,1,0,1,0,0,1,0,1,1,0,1,0
R224836947,0,0,0,0,0,0,0,0,0,0,0,0,0,0,0,0,0,0,1,0
R224843707,0,0,0,0,1,1,0,0,0,0,1,0,0,1,0,0,0,0,1,0
R224857883,0,0,0,0,0,0,0,0,0,0,0,0,0,0,0,0,0,0,0,0
R224888829,0,0,0,0,0,0,0,0,0,0,0,0,0,0,0,0,0,0,1,0
R224891883,0,0,0,0,0,0,0,0,0,0,1,0,0,1,0,0,0,0,0,0
R224928880,0,0,0,0,0,0,0,0,0,0,0,0,0,0,0,0,0,0,0,0
R224932015,0,0,0,0,0,0,0,0,0,0,0,0,0,0,0,0,0,0,0,0
R224940613,0,0,0,0,0,0,0,0,0,0,0,0,0,0,0,0,0,0,0,0
R224941538,0,0,0,0,0,0,0,0,0,0,0,0,0,0,0,0,0,0,0,0
R224944083,0,0,0,0,0,0,0,0,0,0,0,0,0,0,0,0,0,0,0,0
R224947903,0,0,0,0,0,0,0,0,0,0,0,0,0,0,0,0,0,0,1,0
R224965023,0,0,0,0,1,1,0,0,0,0,0,0,0,0,0,0,0,0,1,0
R224974722,0,0,0,0,0,0,0,0,0,0,0,0,0,0,0,0,0,0,0,0
R225004678,0,0,0,0,0,1,0,0,0,0,1,0,0,0,1,0,0,0,0,0
R225026451,0,0,0,0,0,0,0,0,0,0,0,0,0,0,0,0,0,0,0,0
R225047257,0,0,0,0,0,0,0,0,0,0,0,0,0,0,0,0,0,0,0,0
R225051166,0,0,0,0,0,0,0,0,0,0,0,0,0,0,0,0,0,0,0,0
R225066070,0,0,0,0,0,0,0,0,0,0,0,0,0,0,0,0,0,0,0,0
R225070863,0,0,0,0,0,0,0,0,0,0,0,0,0,1,0,0,0,0,0,0
R225113958,0,0,0,0,0,0,0,0,0,0,0,0,0,0,0,0,0,0,0,0
R225134895,0,0,0,0,0,0,0,0,0,0,0,0,0,0,0,0,0,0,0,0
R225141043,0,0,0,0,0,0,0,0,0,0,0,0,0,0,0,0,0,0,0,0
R225152488,0,0,0,0,0,0,0,0,0,0,0,0,0,0,0,0,0,0,0,0
R225162532,0,0,0,0,1,1,0,0,0,0,0,0,0,0,0,1,0,0,0,0
R225194416,0,0,0,0,0,0,0,0,0,0,0,0,0,0,0,1,0,0,1,0
R225199884,0,0,0,0,0,0,0,0,0,0,1,0,0,0,0,1,1,0,1,0
R225223821,0,0,0,0,0,0,0,0,0,0,0,0,0,0,0,0,0,0,0,0
R225237323,0,0,0,0,1,1,0,0,0,0,0,0,0,0,0,0,0,0,0,0
R225260637,0,0,0,0,0,0,0,0,0,0,0,0,0,0,0,0,0,0,0,0
R225266736,0,0,0,0,0,0,0,0,0,0,0,0,0,0,0,1,0,0,0,0
R225279714,0,0,0,0,0,0,0,0,0,0,0,0,0,0,0,0,0,0,0,0
R225280639,0,0,0,0,0,0,0,0,0,0,1,0,0,0,0,0,0,0,1,0
R225295277,0,0,0,0,0,0,0,0,0,0,0,0,0,0,0,0,0,0,0,0
R225306735,0,0,0,0,0,0,0,0,0,0,0,0,0,0,0,0,0,0,0,0
R225330974,0,0,0,0,0,0,0,0,0,0,0,0,0,0,0,1,1,0,1,0
R225356334,0,0,0,0,0,0,0,0,0,0,0,0,0,0,0,0,0,0,0,0
R225381196,0,0,0,0,0,0,0,0,0,0,0,0,0,1,0,0,0,0,0,0
R225392743,0,0,0,0,0,0,0,0,0,0,1,0,0,0,0,0,0,0,0,0
R225436679,0,0,0,0,0,0,0,0,0,0,0,0,0,0,0,0,0,0,0,0
R225450505,0,0,0,0,0,0,0,0,0,0,0,0,0,0,0,0,0,0,1,0
R225474120,0,0,0,0,0,0,0,0,0,0,1,0,0,0,0,1,1,0,1,0
R225478145,0,0,0,0,0,0,0,0,0,0,0,0,0,0,0,0,0,0,1,0
R225514786,0,0,0,0,0,0,0,0,0,0,0,0,0,1,0,0,0,0,0,0
R225565917,0,0,0,0,0,0,0,0,0,0,0,0,0,0,0,0,0,0,0,0
R225587772,0,0,0,0,0,0,0,0,0,0,0,0,0,0,0,0,0,0,0,0
R225631920,0,0,0,0,1,1,0,0,0,0,1,0,0,0,1,1,1,0,1,0
R225632626,0,0,0,0,0,0,0,0,0,0,0,0,0,0,0,0,0,0,0,0
R225648839,0,0,0,0,0,0,0,0,0,0,0,0,0,0,0,0,0,0,0,0
R225649043,0,0,0,0,0,0,0,0,0,0,0,0,0,1,0,0,0,0,0,0
R225655387,0,0,0,0,0,0,0,0,0,0,0,0,0,0,0,0,0,0,0,0
R225673151,0,0,0,0,0,0,0,0,0,0,1,0,0,0,0,0,0,0,1,0
R225681627,0,0,0,0,0,0,0,0,0,0,0,0,0,0,0,0,0,0,0,0
R225704476,0,0,0,0,0,0,0,0,0,0,0,0,0,0,0,0,0,0,1,0
R225706741,0,0,0,0,0,0,0,0,0,0,0,0,0,0,0,0,0,0,1,0
R225723416,0,0,0,0,0,0,0,0,0,0,0,0,0,0,0,0,0,1,0,0
R225726919,0,0,0,0,0,0,0,0,0,0,0,0,0,0,0,0,0,0,1,0
R225737090,0,0,0,0,0,0,0,0,0,0,0,0,0,0,0,0,0,0,1,0
R225765600,0,0,0,0,1,1,0,0,0,0,1,0,0,0,0,1,0,0,1,0
R225788687,0,0,0,0,0,0,0,0,0,0,0,0,0,0,0,0,0,0,1,0
R225795366,0,0,0,0,0,0,0,0,0,0,0,0,0,0,0,0,0,0,0,0
R225810036,0,0,0,0,0,0,0,0,0,0,0,0,0,0,0,0,0,0,0,0
R225815852,0,0,0,0,0,0,0,0,0,0,0,0,0,0,0,0,0,0,0,0
R225817118,0,0,0,0,0,0,0,0,0,0,0,0,0,0,0,0,0,0,0,0
R225837013,0,0,0,0,0,0,0,0,0,0,1,0,0,0,0,0,0,0,0,0
R225845975,0,0,0,0,0,0,0,0,0,0,0,0,0,0,0,0,0,0,0,0
R225856734,0,0,0,0,0,0,0,0,0,0,0,0,0,0,0,0,0,0,1,0
R225911737,0,0,0,0,0,0,0,0,0,0,0,0,0,0,0,0,0,0,1,0
R225940235,0,0,0,0,0,0,0,0,0,0,1,0,0,1,0,0,0,0,0,0
R225953419,0,0,0,0,0,0,0,0,0,0,1,0,0,0,0,0,0,0,0,0
R226012727,0,0,0,0,0,0,0,0,0,0,0,0,0,0,0,0,0,0,0,0
R226049786,0,0,0,0,0,0,0,0,0,0,0,0,0,0,0,0,0,0,0,0
R226061377,0,0,0,0,0,0,0,0,0,0,0,0,0,0,0,0,0,0,0,0
R226074409,0,0,0,0,0,0,0,0,1,0,0,0,0,1,0,0,0,0,0,0
R226078321,0,0,0,0,1,1,0,0,0,0,1,0,0,0,0,1,0,1,0,0
R226106952,0,0,0,0,0,0,0,0,0,0,0,0,0,0,0,0,0,0,0,0
R226143784,0,0,0,0,0,0,0,0,0,0,0,0,0,0,0,0,0,0,0,0
R226173028,0,0,0,0,0,0,0,0,0,0,0,0,0,0,0,0,0,0,0,0
R226178453,0,0,0,0,0,0,0,0,0,0,0,0,0,0,0,0,0,0,0,0
R226207377,0,0,0,0,0,0,0,0,0,0,1,0,0,0,0,0,0,0,0,0
R226226189,0,0,0,0,0,0,0,0,0,0,0,0,0,0,0,0,0,1,0,0
R226263421,0,0,0,0,0,1,0,0,0,0,1,0,0,0,1,0,0,0,0,0
R226275211,0,0,0,0,0,0,0,0,0,0,0,0,0,0,0,0,0,0,0,0
R226276211,0,0,0,0,1,1,0,0,1,0,1,0,0,1,0,0,0,1,0,0
R226356249,0,0,0,0,0,0,0,0,0,0,0,0,0,0,0,0,0,0,0,0
R226387741,0,0,0,0,0,1,0,0,0,0,0,0,0,0,0,0,0,0,1,0
R226425033,0,0,0,0,0,0,0,0,0,0,0,0,0,0,0,0,0,0,0,0
R226450737,0,0,0,0,0,0,0,0,0,0,0,0,0,0,0,1,0,0,1,0
R226492009,0,0,0,0,0,0,0,0,0,0,0,0,0,0,0,0,0,0,0,0
R226493060,0,0,0,0,0,0,0,0,0,0,0,0,0,0,0,1,0,0,1,0
R226497799,0,0,0,0,0,0,0,0,0,0,0,0,0,0,0,0,0,0,0,0
R226522236,0,0,0,0,0,0,0,0,0,0,0,0,0,0,0,0,0,0,0,0
R226545801,0,0,0,0,0,0,0,0,0,0,0,0,0,0,0,0,0,0,1,0
R226550715,0,0,0,0,0,0,0,0,0,0,0,0,0,0,0,0,0,1,0,0
R226560942,0,0,0,0,0,0,0,0,0,0,0,0,0,0,0,0,0,0,1,0
R226562617,0,0,0,0,0,0,0,0,0,0,1,0,0,0,0,0,0,0,1,0
R226566236,0,0,0,0,0,0,0,0,0,0,0,0,0,0,0,0,0,0,0,0
R226566607,0,0,0,0,1,1,0,0,0,0,0,0,0,0,0,1,0,0,1,0
R226604645,0,0,0,0,0,0,0,0,0,0,0,0,0,0,0,0,0,0,0,0
R226605327,0,0,0,0,0,0,0,0,0,0,0,0,0,0,0,0,0,0,0,0
R226606412,0,0,0,0,0,0,0,0,0,0,0,0,0,0,0,0,0,0,1,0
R226606711,0,0,0,0,0,0,0,0,0,0,0,0,0,0,0,0,0,0,0,0
R226628670,0,0,0,0,0,0,0,0,0,0,0,0,0,0,0,0,0,0,0,0
R226640149,0,0,0,0,0,0,0,0,0,0,0,0,0,0,0,0,0,0,0,0
R226647949,0,0,0,0,0,0,0,0,0,0,0,0,0,0,0,0,0,0,0,0
R226701344,0,0,0,0,0,0,0,0,0,0,0,0,0,0,0,0,0,0,0,0
R226716629,0,0,0,0,0,0,0,0,0,0,0,0,0,1,0,0,0,0,0,0
R226726320,0,0,0,0,0,1,0,0,0,0,0,0,0,0,0,0,0,0,0,0
R226752067,0,0,0,0,0,0,0,0,0,0,0,0,0,1,0,0,0,0,0,0
R226804473,0,0,0,0,0,0,0,0,0,0,1,0,0,0,0,0,0,0,0,0
R226850169,0,0,0,0,0,0,0,0,0,0,0,0,0,0,0,0,0,0,0,0
R226850765,0,0,0,0,0,0,0,0,0,0,0,0,0,0,0,0,0,0,0,0
R226855067,0,0,0,0,0,0,0,0,0,0,0,0,0,0,0,0,0,0,0,0
R226919719,0,0,0,0,0,0,0,0,0,0,0,0,0,0,0,0,0,0,0,0
R226924184,0,0,0,0,1,1,0,0,0,0,0,0,0,0,0,0,0,0,1,0
R226925481,0,0,0,0,0,0,0,0,0,0,0,0,0,0,0,0,0,0,0,0
R226964557,0,0,0,0,0,0,0,0,0,0,0,0,0,0,0,0,0,0,0,0
R227023024,0,0,0,0,0,0,0,0,0,0,0,0,0,0,0,1,1,0,1,0
R227035252,0,0,0,0,0,0,0,0,0,0,0,0,0,0,0,0,0,0,0,0
R227045583,0,0,0,0,0,0,0,0,0,0,0,0,0,0,0,0,0,0,1,0
R227051587,0,0,0,0,0,0,0,0,0,0,0,0,0,0,0,1,0,0,1,0
R227075998,0,0,0,0,0,0,0,0,0,0,0,0,0,1,0,1,0,0,0,0
R227092552,0,0,0,0,0,0,0,0,0,0,0,0,0,0,0,0,0,0,0,0
R227113291,0,0,0,0,0,0,0,0,0,0,0,0,0,0,0,0,0,0,1,0
R227113932,0,0,0,0,0,0,0,0,0,0,0,0,0,0,0,0,0,0,0,0
R227129021,0,0,0,0,0,0,0,0,0,0,0,0,0,0,0,0,0,0,0,0
R227145564,0,0,0,0,0,0,0,0,0,0,0,0,0,0,0,0,0,0,0,0
R227153089,0,0,0,0,0,0,0,0,0,0,1,0,0,0,0,0,0,0,0,0
R227156695,0,0,0,0,0,0,0,0,0,0,0,0,0,0,0,0,0,0,0,0
R227163551,0,0,0,0,1,1,0,0,0,0,1,0,0,0,0,1,0,0,0,0
R227167291,0,0,0,0,0,0,0,0,0,0,0,0,0,0,0,0,0,0,0,0
R227212458,0,0,0,0,0,0,0,0,0,0,1,0,0,0,0,0,0,0,1,0
R227219115,0,0,0,0,0,0,0,0,0,0,0,0,0,0,0,0,0,0,0,0
R227225159,0,0,0,0,0,0,0,0,0,0,0,0,0,0,0,0,0,0,0,0
R227241211,0,0,0,0,0,0,0,0,0,0,0,0,0,0,0,0,0,0,0,0
R227296679,0,0,0,0,0,0,0,0,0,0,0,0,0,0,0,0,0,0,0,0
R227326564,0,0,0,0,0,0,0,0,0,0,0,0,0,0,0,0,0,0,0,0
R227362284,0,0,0,0,0,0,0,0,0,0,0,0,0,0,0,0,0,0,0,0
R227365584,0,0,0,0,0,0,0,0,0,0,1,1,0,0,0,0,0,1,0,0
R227393261,0,0,0,0,0,0,0,0,0,0,0,0,0,0,0,0,0,0,0,0
R227396596,0,0,0,0,1,1,0,0,0,0,1,0,0,1,0,0,0,1,0,0
R227427167,0,0,0,0,0,0,0,0,0,0,0,0,0,0,0,0,0,0,0,0
R227490539,0,0,0,0,0,0,0,0,0,0,0,0,0,0,0,0,0,0,0,0
R227538055,0,0,0,0,0,0,0,0,0,0,0,0,0,0,0,0,0,0,1,0
R227547071,0,0,0,0,0,0,0,0,0,0,0,0,0,0,0,0,0,0,0,0
R227550385,0,0,0,0,0,0,0,0,0,0,0,0,0,0,0,1,0,0,1,0
R227553999,0,0,0,0,0,0,0,0,0,0,0,0,0,0,0,0,0,0,0,0
R227577519,0,0,0,0,0,1,0,0,0,0,0,0,0,0,0,0,0,0,1,0
R227578479,0,0,0,0,0,0,0,0,0,0,0,0,0,0,0,0,0,0,0,0
R227603658,0,0,0,0,0,0,0,0,0,0,0,0,0,0,0,0,0,0,0,0
R227631933,0,0,0,0,0,0,0,0,0,0,0,0,0,0,0,0,0,0,0,0
R227662640,0,0,0,0,1,1,0,0,0,0,0,0,0,0,0,1,0,0,0,0
R227692497,0,0,0,0,0,0,0,0,0,0,0,0,0,0,0,0,0,0,0,0
R227746404,0,0,0,0,0,0,0,0,0,0,0,0,0,0,0,0,0,0,0,0
R227772338,0,0,0,0,0,0,0,0,0,0,0,0,0,0,0,0,0,0,0,0
R227785752,0,0,0,0,0,0,0,0,0,0,0,0,0,0,0,0,0,0,0,0
R227863782,0,0,0,0,0,0,0,0,0,0,0,0,0,0,0,0,0,0,1,0
R227869194,0,0,0,0,1,1,0,0,0,0,0,0,0,0,0,1,0,0,1,0
R227920150,0,0,0,0,0,0,0,0,0,0,0,0,0,0,0,0,0,0,0,0
R227933916,0,0,0,0,0,0,0,0,0,0,0,0,0,0,0,0,0,0,0,0
R227948380,0,0,0,0,1,1,0,0,0,0,0,0,0,0,0,0,0,0,0,0
R227956009,0,0,0,0,0,0,0,0,0,0,0,0,0,0,0,0,0,0,0,0
R228008610,0,0,0,0,0,0,0,0,0,0,0,0,0,0,0,0,0,0,0,0
R228028504,0,0,0,0,0,0,0,0,0,0,0,0,0,0,0,0,0,0,1,0
R228031573,0,0,0,0,0,0,0,0,0,0,0,0,0,0,0,1,1,0,1,0
R228073925,0,0,0,0,0,0,0,0,0,0,0,0,0,0,0,0,0,0,1,0
R228074505,0,0,0,0,0,0,0,0,0,0,0,0,0,0,0,0,0,0,0,0
R228121216,0,0,0,0,0,0,0,0,0,0,0,0,0,0,0,0,0,0,0,0
R228139064,0,0,0,0,0,0,0,0,0,0,0,0,0,0,0,0,0,0,0,0
R228198890,0,0,0,0,0,0,0,0,0,0,0,0,0,0,0,0,0,0,1,0
R228213487,0,0,0,0,0,0,0,0,0,0,1,0,0,0,0,0,0,0,1,0
R228218219,0,0,0,0,0,0,0,0,0,0,0,0,0,0,0,0,0,0,0,0
R228220463,0,0,0,0,0,0,0,0,1,0,0,0,0,1,0,0,0,0,0,0
R228234644,0,0,0,0,0,0,0,0,0,0,0,0,0,0,0,0,0,0,0,0
R228276544,0,0,0,0,0,0,0,0,0,0,0,0,0,0,0,0,0,0,0,0
R228350062,0,0,0,0,0,0,0,0,0,0,0,0,0,0,0,0,0,0,0,0
R228376217,0,0,0,0,0,0,0,0,0,0,0,0,0,0,0,0,0,0,0,0
R228398724,0,0,0,0,0,0,0,0,0,0,0,0,0,0,0,0,0,0,0,0
R228417212,0,0,0,0,0,0,0,0,0,0,0,0,1,0,0,0,0,0,0,0
R228421175,0,0,0,0,0,0,0,0,0,0,1,0,0,0,0,0,0,0,1,0
R228425691,0,0,0,0,0,0,0,0,0,0,0,0,0,0,0,0,0,0,0,0
R228459660,0,0,0,0,0,0,0,0,0,0,0,0,0,0,0,0,0,0,0,0
R228462332,0,0,0,0,0,0,0,0,0,0,0,0,0,0,0,0,0,0,0,0
R228475492,0,0,0,0,0,0,0,0,0,0,0,0,0,0,0,0,0,0,1,0
R228478334,0,0,0,0,0,0,0,0,0,0,0,0,0,0,0,0,0,0,0,0
R228492244,0,0,0,0,0,0,0,0,0,0,1,0,0,1,0,0,0,0,1,0
R228534275,0,0,0,0,0,1,0,0,0,0,1,0,0,1,1,0,0,0,0,0
R228578513,0,0,0,0,0,0,0,0,0,0,0,0,0,0,0,0,0,0,0,0
R228580228,0,0,0,0,0,0,0,0,0,0,0,0,0,0,0,0,0,1,0,0
R228620236,0,0,0,0,0,0,0,0,0,0,0,0,0,0,0,0,0,1,0,0
R228643445,0,0,0,0,0,0,0,0,0,0,0,0,0,0,0,0,0,0,1,0
R228654475,0,0,0,0,0,1,0,0,0,0,0,0,0,0,0,0,0,0,0,0
R228656940,0,0,0,0,0,0,0,0,0,0,0,0,0,0,0,1,1,1,0,0
R228682955,0,0,0,0,0,0,0,0,0,0,0,0,0,0,0,1,0,0,1,0
R228697361,0,0,0,0,0,0,0,0,0,0,1,0,0,0,0,0,0,0,0,0
R228697810,0,0,0,0,0,0,0,0,0,0,0,0,0,0,0,0,0,1,1,0
R228703222,0,0,0,0,0,0,0,0,0,0,0,0,0,0,0,0,0,0,0,0
R228712743,0,0,0,0,0,0,0,0,0,0,0,0,0,0,0,0,0,0,0,0
R228721459,0,0,0,0,0,0,0,0,0,0,0,0,0,0,0,0,0,0,0,0
R228729364,0,0,0,0,0,0,0,0,0,0,1,0,0,0,0,0,0,0,0,0
R228760146,0,0,0,0,0,0,0,0,0,0,1,0,0,0,0,0,0,0,0,0
R228790428,0,0,0,0,1,1,0,0,1,0,1,0,0,1,1,0,0,0,0,0
R228791439,0,0,0,0,0,0,0,0,0,0,0,0,0,0,0,0,0,0,1,0
R228802303,0,0,0,0,0,0,0,0,0,0,0,0,0,0,0,0,0,0,1,0
R228838229,0,0,0,0,0,0,0,0,0,0,0,0,0,0,0,0,0,0,0,0
R228850567,0,0,0,0,0,0,0,0,0,0,0,0,0,0,0,0,0,0,0,0
R228857800,0,0,0,0,0,0,0,0,0,0,0,0,0,0,0,0,0,0,0,0
R228873218,0,0,0,0,0,0,0,0,0,0,0,0,0,0,0,0,0,0,0,0
R228874274,0,0,0,0,0,0,0,0,0,0,0,0,0,0,0,0,0,0,1,0
R228875594,0,0,0,0,0,0,0,0,0,0,0,0,0,0,0,0,0,0,0,0
R228912322,0,0,0,0,0,0,0,0,0,0,1,0,0,0,0,0,0,0,0,0
R228914989,0,0,0,0,0,0,0,0,0,0,0,0,0,0,0,0,0,0,0,0
R228945276,0,0,0,0,0,0,0,0,0,0,0,0,0,0,0,0,0,0,0,0
R228949276,0,0,0,0,0,0,0,0,0,0,0,0,0,0,0,0,0,0,1,0
R228957586,0,0,0,0,1,1,0,0,0,0,1,0,0,0,0,1,1,0,1,0
R228981463,0,0,0,0,0,0,0,0,0,0,1,0,0,0,0,1,0,0,0,0
R228993133,0,0,0,0,0,0,0,0,0,0,1,0,0,0,0,0,0,0,0,0
R228994717,0,0,0,0,0,0,0,0,0,0,0,0,0,0,0,0,0,1,0,0
R229004559,0,0,0,0,0,0,0,0,0,0,1,0,0,0,0,0,0,0,0,0
R229019983,0,0,0,0,0,0,0,0,0,0,0,0,0,0,0,0,0,0,0,0
R229046014,0,0,0,0,0,0,0,0,0,0,0,0,0,0,0,1,0,0,0,0
R229051907,0,0,0,0,0,0,0,0,0,0,0,0,0,0,0,0,0,0,1,0
R229080577,0,0,0,0,0,0,0,0,0,0,0,0,0,0,0,0,0,0,0,0
R229125552,0,0,0,0,0,0,0,0,0,0,0,0,0,0,0,0,0,0,0,0
R229127023,0,0,0,0,0,0,0,0,0,0,0,0,0,0,0,0,0,0,0,0
R229132441,0,0,0,0,0,0,0,0,0,0,0,0,0,0,0,0,0,0,0,0
R229134648,0,0,0,0,0,0,0,0,0,0,0,0,0,0,0,0,0,0,0,0
R229152685,0,0,0,0,0,0,0,0,0,0,1,0,0,0,0,1,0,0,1,0
R229155476,0,0,0,0,0,0,0,0,0,0,0,0,0,0,0,0,0,0,0,0
R229181294,0,0,0,0,0,0,0,0,0,0,0,0,0,0,0,0,0,0,0,0
R229199546,0,0,0,0,0,0,0,0,0,0,1,0,0,0,0,1,0,0,0,0
R229199907,0,0,0,0,1,1,0,0,0,0,1,0,0,0,0,1,0,0,0,0
R229212429,0,0,0,0,0,0,0,0,0,0,0,0,0,0,0,0,0,0,1,0
R229214325,0,0,0,0,0,0,0,0,0,0,0,0,0,0,0,0,0,0,0,0
R229215023,0,0,0,0,0,0,0,0,0,0,0,0,0,0,0,0,0,0,0,0
R229238256,0,0,0,0,0,0,0,0,0,0,0,0,0,0,0,0,0,0,0,0
R229245865,0,0,0,0,0,0,0,0,0,0,0,0,0,0,0,0,0,0,1,0
R229264722,0,0,0,0,0,0,0,0,0,0,0,0,0,0,0,1,0,0,1,0
R229284677,0,0,0,0,1,1,0,0,0,0,1,0,0,0,0,0,0,0,0,0
R229290701,0,0,0,0,1,1,0,0,0,0,0,0,0,0,0,0,0,0,0,0
R229320038,0,0,0,0,0,0,0,0,0,0,0,0,0,0,0,0,0,0,0,0
R229347088,0,0,0,0,1,1,0,0,0,0,0,0,0,0,0,1,1,0,1,0
R229358147,0,0,0,0,0,0,0,0,0,0,0,0,0,0,0,0,0,0,1,0
R229378142,0,0,0,0,0,0,0,0,0,0,0,0,0,0,0,0,0,0,0,0
R229413592,0,0,0,0,0,0,0,0,0,0,0,0,0,0,0,1,1,0,1,0
R229447227,0,0,0,0,0,0,0,0,0,0,0,0,0,0,0,0,0,0,0,0
R229475826,0,0,0,0,0,0,0,0,0,0,0,0,0,0,0,1,1,0,0,0
R229494739,0,0,0,0,0,0,0,0,0,0,0,0,0,0,0,0,0,0,0,0
R229496370,0,0,0,0,0,0,0,0,0,0,0,0,0,0,0,0,0,1,1,0
R229497163,0,0,0,0,0,0,0,0,0,0,0,0,0,0,0,0,0,0,0,0
R229504372,0,0,0,0,0,0,0,0,0,0,0,0,0,0,0,0,0,0,0,0
R229511191,0,0,0,0,0,0,0,0,0,0,0,0,0,0,0,0,0,0,0,0
R229560315,0,0,0,0,0,0,0,0,0,0,0,0,0,0,0,0,0,0,0,0
R229572590,0,0,0,0,0,0,0,0,0,0,0,0,0,0,0,0,0,0,0,0
R229574462,0,0,0,0,0,0,0,0,0,0,0,0,0,0,0,0,0,0,0,0
R229574467,0,0,0,0,0,0,0,0,0,0,0,0,0,0,0,0,0,0,0,0
R229577609,0,0,0,0,0,0,0,0,0,0,0,0,0,0,0,0,0,0,0,0
R229596428,0,0,0,0,0,0,0,0,0,0,0,0,0,0,0,0,0,0,0,0
R229619577,0,0,0,0,0,0,0,0,0,0,0,0,0,0,0,1,0,0,1,0
R229664534,0,0,0,0,0,0,0,0,0,0,0,0,0,0,0,0,0,0,0,0
R229689748,0,0,0,0,0,0,0,0,0,0,0,0,0,0,0,0,0,0,0,0
R229692077,0,0,0,0,0,0,0,0,0,0,1,0,0,0,0,0,0,0,0,0
R229696418,0,0,0,0,0,0,0,0,0,0,0,0,0,0,0,0,0,0,0,0
R229697599,0,0,0,0,0,0,0,0,0,0,0,1,0,0,0,1,0,1,0,0
R229747566,0,0,0,0,0,0,0,0,0,0,0,0,0,0,0,0,0,0,0,0
R229750000,0,0,0,0,0,0,0,0,0,0,0,0,0,0,0,0,0,0,1,0
R229753036,0,0,0,0,0,0,0,0,0,0,0,0,0,0,0,0,0,0,0,0
R229792804,0,0,0,0,1,1,0,0,0,0,0,0,0,0,0,0,0,0,1,0
R229799156,0,0,0,0,0,0,0,0,0,0,0,0,0,0,0,0,0,0,0,0
R229866843,0,0,0,0,0,0,0,0,0,0,0,0,0,0,0,0,0,0,0,0
R229877173,0,0,0,0,0,0,0,0,0,0,0,0,0,0,0,0,0,0,0,0
R229885938,0,0,0,0,0,0,0,0,0,0,0,0,0,0,0,0,0,0,1,0
R229896401,0,0,0,0,0,0,0,0,0,0,0,0,0,0,0,0,0,0,0,0
R229899303,0,0,0,0,0,0,0,0,0,0,0,0,0,0,0,0,0,0,0,0
R229907032,0,0,0,0,0,0,0,0,0,0,0,0,0,0,0,0,0,0,0,0
R229935022,0,0,0,0,0,0,0,0,0,0,0,0,0,0,0,0,0,0,0,0
R229951012,0,0,0,0,0,0,0,0,0,0,0,0,0,0,0,0,0,0,0,0
R229953522,0,0,0,0,0,0,0,0,0,0,1,1,0,0,0,0,0,1,0,0
R229977106,0,0,0,0,1,1,0,0,0,0,1,0,0,1,0,1,1,0,1,0
R230001163,0,0,0,0,0,0,0,0,0,0,1,0,0,0,0,0,0,0,0,0
R230015289,0,0,0,0,1,1,0,0,0,0,0,0,0,1,0,1,0,0,1,0
R230016551,0,0,0,0,0,0,0,0,0,0,0,0,0,0,0,0,0,1,0,0
R230039347,0,0,0,0,1,1,0,0,0,0,1,0,0,1,0,0,0,0,0,0
R230039938,0,0,0,0,0,0,0,0,0,0,1,0,0,0,0,0,0,0,0,0
R230047818,0,0,0,0,0,0,0,0,0,0,0,0,0,0,0,0,0,0,0,0
R230108997,0,0,0,0,0,0,0,0,0,0,0,0,0,0,0,0,0,0,1,0
R230114378,0,0,0,0,0,1,0,0,0,0,1,0,0,1,0,0,0,0,0,0
R230114904,0,0,0,0,0,0,0,0,0,0,0,0,0,0,0,0,0,0,0,0
R230117547,0,0,0,0,0,0,0,0,0,0,0,0,0,1,0,0,0,0,0,0
R230131885,0,0,0,0,0,0,0,0,0,0,0,0,0,0,0,0,0,0,1,0
R230164113,0,0,0,0,0,0,0,0,0,0,0,0,0,0,0,0,0,0,0,0
R230181203,0,0,0,0,0,0,0,0,0,0,0,0,0,0,0,0,0,0,1,0
R230193332,0,0,0,0,0,0,0,0,0,0,0,0,0,0,0,0,0,0,0,0
R230213373,0,0,0,0,0,0,0,0,1,0,0,0,0,1,0,0,0,0,0,0
R230214796,0,0,0,0,0,0,0,0,0,0,0,0,0,0,0,1,1,0,1,0
R230249143,0,0,0,0,0,0,0,0,0,0,0,0,0,0,0,0,0,0,1,0
R230259091,0,0,0,0,0,0,0,0,0,0,0,0,0,0,0,0,0,1,0,0
R230283415,0,0,0,0,1,1,0,0,0,0,1,0,0,0,0,1,1,0,1,0
R230291164,0,0,0,0,0,0,0,0,0,0,0,0,0,0,0,0,0,0,0,0
R230293177,0,0,0,0,0,0,0,0,0,0,0,0,0,0,0,0,0,0,0,0
R230297166,0,0,0,0,0,0,0,0,0,0,0,0,0,0,0,0,0,0,0,0
R230316538,0,0,0,0,0,0,0,0,0,0,0,0,0,0,0,0,0,0,0,0
R230318252,0,0,0,0,0,0,0,0,0,0,0,0,0,0,0,0,0,0,0,0
R230332356,0,0,0,0,0,0,0,0,0,0,0,0,0,0,0,0,0,0,0,0
R230334879,0,0,0,0,0,0,0,0,0,0,1,0,0,0,0,0,0,0,0,0
R230391366,0,0,0,0,0,0,0,0,0,0,0,0,0,0,0,0,0,0,0,0
R230395279,0,0,0,0,0,0,0,0,0,0,0,0,0,1,0,0,0,0,0,0
R230406445,0,0,0,0,0,0,0,0,0,0,0,0,0,0,0,0,0,0,0,0
R230451001,0,0,0,0,0,0,0,0,0,0,0,0,0,0,0,0,0,0,0,0
R230457942,0,0,0,0,0,0,0,0,0,0,0,0,0,0,0,0,0,0,0,0
R230465239,0,0,0,0,0,0,0,0,0,0,0,0,0,0,0,0,0,0,0,0
R230468846,0,0,0,0,0,0,0,0,0,0,0,0,0,0,0,1,0,0,1,0
R230487272,0,0,0,0,0,0,0,0,0,0,0,0,0,0,0,0,0,0,0,0
R230490828,0,0,0,0,0,0,0,0,0,0,0,0,0,0,0,0,0,0,0,0
R230523384,0,0,0,0,0,0,0,0,0,0,0,0,0,0,0,0,0,0,1,0
R230536916,0,0,0,0,0,0,0,0,0,0,1,0,0,1,0,0,0,0,0,0
R230587752,0,0,0,0,0,0,0,0,0,0,0,0,0,0,0,0,0,1,1,0
R230589438,0,0,0,0,0,0,0,0,0,0,0,0,0,0,0,0,0,0,0,0
R230592408,0,0,0,0,0,0,0,0,0,0,0,0,0,0,0,0,0,0,0,0
R230603126,0,0,0,0,0,0,0,0,0,0,0,0,0,0,0,0,0,0,0,0
R230603144,0,0,0,0,0,0,0,0,0,0,0,0,0,0,0,0,0,0,0,0
R230633301,0,0,0,0,0,0,0,0,0,0,0,0,0,0,0,0,0,0,0,0
R230673444,0,0,0,0,0,0,0,0,0,0,0,0,0,0,0,0,0,0,0,0
R230681942,0,0,0,0,1,1,0,0,0,0,0,0,0,0,0,0,0,0,1,0
R230711798,0,0,0,0,0,0,0,0,0,0,0,0,0,0,0,0,0,0,0,0
R230722421,0,0,0,0,0,0,0,0,0,0,0,0,0,0,0,0,0,0,0,0
R230732225,0,0,0,0,0,0,0,0,0,0,0,0,0,0,0,1,1,0,1,0
R230732503,0,0,0,0,0,0,0,0,0,0,1,0,0,0,0,1,0,0,1,0
R230766823,0,0,0,0,0,1,0,0,0,0,0,0,0,0,0,0,0,0,0,0
R230846378,0,0,0,0,0,0,0,0,0,0,0,0,0,0,0,0,0,0,0,0
R230897291,0,0,0,0,0,0,0,0,0,0,0,0,0,0,0,0,0,0,1,0
R230901730,0,0,0,0,1,1,0,0,0,0,0,0,0,0,0,0,0,0,1,0
R230916772,0,0,0,0,0,0,0,0,0,0,1,0,0,0,0,0,0,0,0,0
R230920978,0,0,0,0,0,0,0,0,0,0,0,0,0,0,0,0,0,0,0,0
R230927607,0,0,0,0,0,0,0,0,0,0,0,0,0,0,0,0,0,0,1,0
R230953621,0,0,0,0,0,0,0,0,0,0,0,0,0,0,0,0,0,0,1,0
R230980011,0,0,0,0,0,0,0,0,0,0,0,0,0,0,0,0,0,0,0,0
R230983605,0,0,0,0,0,0,0,0,0,0,0,0,0,0,0,0,0,0,0,0
R230991997,0,0,0,0,0,0,0,0,0,0,0,0,0,0,0,0,0,0,0,0
R230997676,0,0,0,0,0,0,0,0,0,0,1,0,0,0,0,0,0,0,0,0
R231007459,0,0,0,0,0,0,0,0,0,0,0,0,0,0,0,0,0,0,0,0
R231007936,0,0,0,0,0,0,0,0,0,0,0,0,0,0,0,0,0,0,0,0
R231026772,0,0,0,0,0,0,0,0,0,0,0,0,0,0,0,0,0,0,0,0
R231034767,0,0,0,0,0,0,0,0,0,0,0,0,0,0,0,0,0,0,1,0
R231094640,0,0,0,0,0,0,0,0,0,0,0,0,0,0,0,0,0,0,0,0
R231095444,0,0,0,0,1,1,0,0,0,0,0,0,0,0,0,0,0,0,1,0
R231134766,0,0,0,0,0,0,0,0,0,0,0,0,0,0,0,0,0,0,0,0
R231135302,0,0,0,0,0,0,0,0,1,0,0,0,0,1,0,0,0,0,0,0
R231142823,0,0,0,0,0,0,0,0,0,0,1,0,0,1,0,0,0,1,0,0
R231144640,0,0,0,0,0,0,0,0,0,0,0,0,0,0,0,0,0,0,0,0
R231218622,0,0,0,0,0,0,0,0,0,0,0,0,0,0,0,0,0,0,0,0
R231234208,0,0,0,0,0,0,0,0,0,0,0,0,0,0,0,0,0,0,0,0
R231240373,0,0,0,0,0,0,0,0,0,0,0,0,0,0,0,0,0,0,0,0
R231251246,0,0,0,0,0,0,0,0,0,0,0,0,0,0,0,0,0,0,0,0
R231270052,0,0,0,0,0,0,0,0,0,0,0,0,0,0,0,0,0,0,1,0
R231275675,0,0,0,0,0,0,0,0,0,0,0,0,0,0,0,0,0,0,1,0
R231283703,0,0,0,0,0,0,0,0,0,0,0,0,0,0,0,0,0,1,1,0
R231302946,0,0,0,0,0,0,0,0,0,0,0,0,0,0,0,0,0,0,0,0
R231327733,0,0,0,0,0,0,0,0,0,0,0,0,0,0,0,1,0,0,1,0
R231374323,0,0,0,0,0,0,0,0,0,0,1,0,0,0,0,0,0,1,0,0
R231384226,0,0,0,0,0,0,0,0,0,0,0,0,0,0,0,0,0,1,0,0
R231392621,0,0,0,0,0,1,0,0,0,0,1,0,0,0,1,0,0,1,0,0
R231430507,0,0,0,0,0,0,0,0,0,0,0,0,0,0,0,0,0,0,1,0
R231434869,0,0,0,0,0,0,0,0,0,0,0,0,0,0,0,0,0,0,0,0
R231438292,0,0,0,0,0,0,0,0,0,0,0,0,0,0,0,0,0,0,0,0
R231483771,0,0,0,0,0,0,0,0,0,0,0,1,0,0,0,0,0,1,0,0
R231493111,0,0,0,0,0,0,0,0,0,0,0,0,0,0,0,1,0,0,1,0
R231557415,0,0,0,0,0,0,0,0,0,0,0,0,0,0,0,0,0,0,0,0
R231578670,0,0,0,0,0,0,0,0,0,0,1,0,0,0,0,0,0,0,0,0
R231596681,0,0,0,0,0,0,0,0,0,0,0,0,0,0,0,0,0,0,0,0
R231610828,0,0,0,0,0,0,0,0,0,0,0,0,0,0,0,0,0,0,0,0
R231616608,0,0,0,0,0,0,0,0,0,0,0,0,0,0,0,0,0,0,0,0
R231631019,0,0,0,0,0,0,0,0,0,0,0,0,0,0,0,0,0,0,0,0
R231641335,0,0,0,0,0,0,0,0,0,0,0,0,0,0,0,0,0,0,1,0
R231647217,0,0,0,0,0,0,0,0,0,0,0,0,0,0,0,0,0,1,0,0
R231657680,0,0,0,0,0,0,0,0,0,0,0,0,0,0,0,0,0,0,0,0
R231664850,0,0,0,0,0,0,0,0,0,0,1,0,0,0,0,0,0,0,0,0
R231675145,0,0,0,0,1,1,0,0,0,0,0,0,0,0,0,0,0,0,0,0
R231679858,0,0,0,0,0,0,0,0,0,0,0,0,0,0,0,0,0,0,0,0
R231681531,0,0,0,0,0,0,0,0,0,0,0,0,0,0,0,0,0,0,0,0
R231749438,0,0,0,0,0,1,0,0,0,0,0,0,0,0,0,0,0,0,0,0
R231778321,0,0,0,0,0,0,0,0,0,0,0,0,0,0,0,0,0,0,0,0
R231791701,0,0,0,0,0,1,0,0,0,0,1,0,0,1,0,1,0,0,0,0
R231824113,0,0,0,0,1,1,0,0,0,0,1,0,0,1,0,1,1,0,1,0
R231841436,0,0,0,0,0,0,0,0,0,0,1,0,0,0,0,0,0,0,0,0
R231850469,0,0,0,0,0,1,0,0,1,0,0,0,0,1,0,0,0,0,0,0
R231911342,0,0,0,0,0,0,0,0,0,0,0,0,0,0,0,0,0,0,0,0
R231919290,0,0,0,0,0,0,0,0,0,0,0,0,0,0,0,0,0,0,0,0
R231946248,0,0,0,0,0,0,0,0,0,0,1,0,0,0,0,0,0,0,0,0
R231952605,0,0,0,0,0,0,0,0,0,0,0,0,0,0,0,0,0,0,0,0
R231952692,0,0,0,0,0,0,0,0,0,0,1,0,0,0,0,0,0,0,1,0
R231953097,0,0,0,0,0,0,0,0,0,0,0,0,0,0,0,0,0,0,0,0
R231957293,0,0,0,0,0,0,0,0,0,0,0,0,0,0,0,0,0,0,0,0
R231957823,0,0,0,0,0,0,0,0,0,0,0,0,0,0,0,0,0,0,1,0
R231959353,0,0,0,0,1,1,0,0,0,0,1,1,0,0,0,1,0,1,1,0
R231966633,0,0,0,0,0,0,0,0,0,0,0,0,0,0,0,0,0,0,0,0
R231993150,0,0,0,0,1,1,0,0,1,0,1,0,0,1,0,0,0,0,0,0
R231995233,0,0,0,0,0,0,0,0,0,0,0,0,0,0,0,0,0,0,1,0
R232024583,0,0,0,0,0,0,0,0,0,0,0,0,0,0,0,1,0,0,0,0
R232024940,0,0,0,0,0,0,0,0,0,0,0,1,0,0,0,0,0,1,0,0
R232032711,0,0,0,0,0,0,0,0,0,0,0,0,0,0,0,0,0,0,0,0
R232036407,0,0,0,0,0,0,0,0,0,0,0,0,0,0,0,0,0,0,0,0
R232076166,0,0,0,0,0,0,0,0,0,0,0,0,0,0,0,1,1,0,1,0
R232085615,0,0,0,0,0,1,0,0,0,0,1,0,0,0,0,0,0,0,1,0
R232102093,0,0,0,0,1,1,0,0,0,0,1,0,0,0,0,1,0,0,1,0
R232102466,0,0,0,0,0,0,0,0,0,0,0,0,0,0,0,0,0,0,0,0
R232102733,0,0,0,0,0,0,0,0,0,0,0,0,0,0,0,0,0,0,0,0
R232139476,0,0,0,0,0,0,0,0,0,0,0,0,0,0,0,0,0,0,0,0
R232164924,0,0,0,0,1,1,0,0,0,0,0,0,0,0,0,0,0,0,0,0
R232182187,0,0,0,0,0,0,0,0,0,0,0,0,0,0,0,0,0,0,0,0
R232183712,0,0,0,0,0,0,0,0,0,0,0,0,0,0,0,0,0,0,1,0
R232205417,0,0,0,0,0,0,0,0,0,0,0,0,0,0,0,0,0,1,0,0
R232209429,0,0,0,0,0,0,0,0,0,0,0,0,0,0,0,1,1,0,1,0
R232250835,0,0,0,0,0,0,0,0,0,0,0,0,0,0,0,1,0,0,1,0
R232271060,0,0,0,0,0,0,0,0,0,0,0,0,0,0,0,0,0,0,0,0
R232274433,0,0,0,0,0,0,0,0,0,0,0,0,0,0,0,0,0,0,1,0
R232277091,0,0,0,0,0,0,0,0,0,0,0,0,0,0,0,0,0,0,0,0
R232281491,0,0,0,0,0,0,0,0,0,0,0,0,0,1,0,0,0,0,0,0
R232287037,0,0,0,0,0,0,0,0,0,0,1,0,0,0,0,0,0,0,0,0
R232297022,0,0,0,0,0,0,0,0,0,0,0,0,0,0,0,0,0,0,0,0
R232341081,0,0,0,0,1,1,0,0,0,0,1,0,0,0,1,0,0,0,0,0
R232343418,0,0,0,0,0,0,0,0,0,0,0,0,0,0,0,0,0,0,0,0
R232345875,0,0,0,0,0,0,0,0,0,0,0,0,0,0,0,0,0,0,0,0
R232347985,0,0,0,0,0,0,0,0,1,0,0,0,0,1,0,0,0,0,0,0
R232348484,0,0,0,0,0,0,0,0,0,0,0,0,0,0,0,0,0,0,1,0
R232356884,0,0,0,0,0,0,0,0,0,0,0,0,0,1,0,1,1,0,1,0
R232366366,0,0,0,0,0,0,0,0,1,0,0,0,0,1,0,0,0,0,0,0
R232389020,0,0,0,0,0,0,0,0,0,0,0,0,0,0,0,0,0,0,0,0
R232410431,0,0,0,0,0,0,0,0,0,0,0,0,0,0,0,0,0,0,0,0
R232456540,0,0,0,0,0,0,0,0,0,0,0,0,0,1,0,0,0,0,1,0
R232470634,0,0,0,0,0,0,0,0,0,0,0,0,0,0,0,0,0,0,0,0
R232548295,0,0,0,0,1,1,0,0,0,0,0,0,0,0,0,0,0,0,0,0
R232587606,0,0,0,0,0,0,0,0,1,0,0,0,0,1,0,0,0,0,1,0
R232593918,0,0,0,0,0,0,0,0,0,0,0,0,0,0,0,0,0,0,0,0
R232615753,0,0,0,0,0,0,0,0,1,0,0,0,0,1,0,1,1,0,1,0
R232633825,0,0,0,0,0,0,0,0,0,0,0,0,0,0,0,0,0,0,0,0
R232659130,0,0,0,0,0,0,0,0,0,0,0,0,0,0,0,1,1,0,1,0
R232694946,0,0,0,0,0,0,0,0,0,0,0,0,0,0,0,0,0,1,0,0
R232698038,0,0,0,0,0,0,0,0,0,0,0,0,0,1,0,1,1,0,1,0
R232732619,0,0,0,0,0,0,0,0,0,0,0,0,0,0,0,1,0,0,0,0
R232742053,0,0,0,0,0,0,0,0,0,0,0,0,0,0,0,0,0,0,1,0
R232744250,0,0,0,0,0,0,0,0,0,0,0,0,0,0,0,0,0,0,0,0
R232754561,0,0,0,0,0,0,0,0,0,0,0,0,0,0,0,0,0,0,0,0
R232765616,0,0,0,0,0,0,0,0,0,0,0,0,0,0,0,0,0,0,0,0
R232795039,0,0,0,0,0,0,0,0,0,0,1,0,0,0,0,1,0,0,1,0
R232800412,0,0,0,0,1,1,0,0,0,0,1,0,0,0,0,0,0,0,0,0
R232800426,0,0,0,0,0,1,0,0,1,0,1,0,0,1,0,1,0,0,1,0
R232814763,0,0,0,0,0,0,0,0,0,0,0,0,0,0,0,0,0,0,0,0
R232856336,0,0,0,0,0,0,0,0,0,0,0,0,0,0,0,0,0,0,1,0
R232857866,0,0,0,0,0,0,0,0,0,0,0,0,0,0,0,0,0,0,0,0
R232859795,0,0,0,0,0,0,0,0,0,0,0,0,0,0,0,0,0,0,0,0
R232866777,0,0,0,0,0,0,0,0,0,0,0,0,0,0,0,0,0,0,0,0
R232910182,0,0,0,0,0,0,0,0,0,0,0,0,0,0,0,0,0,0,0,0
R232921027,0,0,0,0,0,0,0,0,0,0,0,0,0,0,0,0,0,0,0,0
R232928726,0,0,0,0,0,0,0,0,0,0,0,0,0,0,0,0,0,0,1,0
R232943854,0,0,0,0,0,0,0,0,0,0,0,0,0,0,0,0,0,0,0,0
R232967203,0,0,0,0,0,0,0,0,0,0,0,0,0,0,0,0,0,0,0,0
R233003020,0,0,0,0,0,0,0,0,0,0,0,0,0,0,0,0,0,0,0,0
R233018998,0,0,0,0,0,0,0,0,0,0,0,0,0,0,0,0,0,1,1,0
R233044119,0,0,0,0,0,0,0,0,0,0,0,0,0,0,0,1,1,0,1,0
R233051154,0,0,0,0,0,0,0,0,0,0,0,0,0,0,0,0,0,0,0,0
R233081038,0,0,0,0,1,1,0,0,0,0,0,0,0,0,0,1,0,0,1,0
R233084032,0,0,0,0,0,0,0,0,0,0,0,0,0,0,0,0,0,1,0,0
R233108189,0,0,0,0,0,0,0,0,0,0,0,0,0,0,0,0,0,0,0,0
R233130328,0,0,0,0,0,0,0,0,0,0,0,0,0,0,0,0,0,1,0,0
R233151749,0,0,0,0,0,1,0,0,0,0,1,0,0,0,0,0,0,0,0,0
R233164143,0,0,0,0,0,0,0,0,0,0,0,0,0,0,0,0,0,0,0,0
R233180504,0,0,0,0,0,0,0,0,0,0,0,0,0,0,0,0,0,0,0,0
R233202292,0,0,0,0,0,0,0,0,0,0,0,0,0,0,0,0,0,0,0,0
R233236629,0,0,0,0,0,0,0,0,0,0,0,0,0,0,0,0,0,0,0,0
R233242483,0,0,0,0,0,0,0,0,0,0,0,0,0,0,0,0,0,0,0,0
R233245568,0,0,0,0,0,0,0,0,0,0,0,0,0,0,0,0,0,0,0,0
R233248959,0,0,0,0,0,0,0,0,0,0,0,0,0,0,0,0,0,0,1,0
R233297098,0,0,0,0,0,0,0,0,0,0,0,0,0,0,0,0,0,0,0,0
R233302143,0,0,0,0,0,0,0,0,0,0,0,0,0,0,0,0,0,0,0,0
R233313923,0,0,0,0,0,0,0,0,0,0,0,0,0,0,0,0,0,0,0,0
R233338126,0,0,0,0,0,0,0,0,0,0,0,0,0,0,0,1,1,0,1,0
R233340505,0,0,0,0,0,1,0,0,0,0,1,0,0,0,1,0,0,0,1,0
R233345981,0,0,0,0,0,0,0,0,0,0,0,0,0,0,0,0,0,0,1,0
R233367429,0,0,0,0,0,0,0,0,0,0,0,0,0,0,0,0,0,0,1,0
R233383599,0,0,0,0,0,0,0,0,0,0,0,0,0,0,0,0,0,0,0,0
R233412274,0,0,0,0,0,0,0,0,0,0,0,0,0,0,0,0,0,0,0,0
R233422120,0,0,0,0,0,0,0,0,0,0,0,0,0,0,0,0,0,0,0,0
R233436803,0,0,0,0,0,0,0,0,0,0,0,0,0,0,0,0,0,0,0,0
R233453156,0,0,0,0,0,0,0,0,0,0,0,0,0,0,0,0,0,0,0,0
R233483522,0,0,0,0,1,1,0,0,0,0,1,0,0,1,0,0,0,0,0,0
R233521504,0,0,0,0,0,0,0,0,0,0,1,0,0,0,0,0,0,0,0,0
R233529018,0,0,0,0,0,1,0,0,0,0,1,0,0,0,0,0,0,0,0,0
R233539453,0,0,0,0,0,0,0,0,0,0,0,0,0,1,0,0,0,0,0,0
R233543770,0,0,0,0,0,0,0,0,0,0,0,0,0,0,0,0,0,0,0,0
R233567125,0,0,0,0,0,0,0,0,0,0,0,0,0,0,0,0,0,0,0,0
R233579841,0,0,0,0,0,0,0,0,0,0,0,0,0,0,0,0,0,0,0,0
R233608112,0,0,0,0,1,1,0,0,0,0,0,0,0,0,0,1,1,0,0,0
R233610369,0,0,0,0,0,0,0,0,0,0,0,0,0,0,0,0,0,0,0,0
R233638623,0,0,0,0,0,0,0,0,0,0,1,0,0,0,0,0,0,0,0,0
R233676400,0,0,0,0,0,0,0,0,0,0,0,0,0,0,0,0,0,0,0,0
R233684913,0,0,0,0,0,0,0,0,0,0,0,0,0,0,0,1,1,0,1,0
R233708616,0,0,0,0,0,0,0,0,0,0,0,0,0,0,0,1,0,0,1,0
R233710854,0,0,0,0,0,0,0,0,0,0,0,0,0,0,0,0,0,0,0,0
R233737165,0,0,0,0,0,0,0,0,0,0,0,0,0,0,0,1,1,0,0,0
R233776022,0,0,0,0,0,0,0,0,0,0,0,0,0,0,0,0,0,0,0,0
R233834386,0,0,0,0,0,0,0,0,0,0,0,0,0,0,0,0,0,0,0,0
R233908639,0,0,0,0,0,0,0,0,0,0,0,0,0,0,0,0,0,0,0,0
R233919567,0,0,0,0,0,1,0,0,0,0,0,0,0,0,0,0,0,0,0,0
R233926899,0,0,0,0,0,0,0,0,0,0,0,0,0,0,0,0,0,1,0,0
R233958620,0,0,0,0,0,0,0,0,0,0,0,0,0,1,0,0,0,0,1,0
R233979835,0,0,0,0,0,0,0,0,0,0,0,0,0,0,0,0,0,0,0,0
R233982528,0,0,0,0,0,0,0,0,0,0,0,0,0,1,0,0,0,0,0,0
R233986718,0,0,0,0,0,0,0,0,0,0,0,0,0,0,0,0,0,0,0,0
R234009162,0,0,0,0,0,0,0,0,0,0,1,0,0,0,0,0,0,0,0,0
R234024942,0,0,0,0,1,1,0,0,0,0,1,0,0,1,0,1,0,0,1,0
R234049382,0,0,0,0,0,0,0,0,0,0,0,0,0,0,0,1,1,0,1,0
R234068989,0,0,0,0,0,0,0,0,0,0,0,0,0,0,0,0,0,0,0,0
R234106993,0,0,0,0,0,0,0,0,0,0,0,0,0,1,0,0,0,1,0,0
R234133593,0,0,0,0,0,0,0,0,0,0,0,0,0,0,0,0,0,0,0,0
R234142829,0,0,0,0,0,1,0,0,0,0,0,0,0,0,0,0,0,1,0,0
R234189275,0,0,0,0,0,0,0,0,0,0,0,0,0,0,0,0,0,0,0,0
R234233644,0,0,0,0,0,0,0,0,0,0,0,0,0,0,0,0,0,0,0,0
R234266472,0,0,0,0,0,0,0,0,0,0,0,0,0,0,0,0,0,0,0,0
R234300126,0,0,0,0,0,0,0,0,0,0,0,0,0,0,0,0,0,0,0,0
R234307472,0,0,0,0,0,0,0,0,0,0,1,0,0,1,0,0,0,0,0,0
R234329244,0,0,0,0,0,0,0,0,0,0,1,0,0,0,0,0,0,0,0,0
R234334011,0,0,0,0,0,0,0,0,0,0,0,0,0,0,0,1,1,0,1,0
R234335758,0,0,0,0,0,0,0,0,0,0,0,0,0,0,0,0,0,0,1,0
R234345095,0,0,0,0,0,0,0,0,0,0,0,0,0,0,0,0,0,0,0,0
R234345532,0,0,0,0,0,0,0,0,0,0,0,0,0,0,0,0,0,0,0,0
R234350394,0,0,0,0,0,0,0,0,0,0,0,0,0,0,0,0,0,0,0,0
R234362395,0,0,0,0,0,0,0,0,0,0,0,0,0,0,0,1,1,0,1,0
R234416117,0,0,0,0,0,0,0,0,0,0,0,0,0,0,0,0,0,0,0,0
R234423528,0,0,0,0,0,1,0,0,0,0,0,0,0,0,0,0,0,0,0,0
R234430820,0,0,0,0,0,0,0,0,0,0,0,0,0,0,0,0,0,0,0,0
R234470277,0,0,0,0,0,0,0,0,0,0,0,0,0,0,0,0,0,0,0,0
R234589602,0,0,0,0,0,0,0,0,0,0,1,0,0,0,0,1,0,0,0,0
R234621589,0,0,0,0,0,0,0,0,0,0,0,0,0,0,0,0,0,0,0,0
R234639691,0,0,0,0,0,0,0,0,0,0,0,0,0,0,0,0,0,0,0,0
R234663644,0,0,0,0,0,0,0,0,0,0,0,0,0,0,0,0,0,0,1,0
R234673442,0,0,0,0,0,0,0,0,0,0,0,0,0,0,0,0,0,0,1,0
R234676619,0,0,0,0,0,0,0,0,0,0,0,0,0,0,0,0,0,0,0,0
R234704973,0,0,0,0,0,0,0,0,0,0,0,0,0,0,0,0,0,0,0,0
R234742038,0,0,0,0,0,1,0,0,0,0,0,0,0,0,0,0,0,0,0,0
R234773473,0,0,0,0,0,0,0,0,0,0,0,0,0,0,0,0,0,0,0,0
R234803612,0,0,0,0,0,0,0,0,0,0,1,0,0,1,0,0,0,0,0,0
R234808092,0,0,0,0,0,0,0,0,0,0,0,0,0,0,0,0,0,0,0,0
R234832248,0,0,0,0,0,0,0,0,1,0,0,0,0,1,0,0,0,1,0,0
R234855048,0,0,0,0,0,0,0,0,0,0,0,0,0,0,0,0,0,0,0,0
R234867125,0,0,0,0,0,0,0,0,0,0,0,0,0,0,0,0,0,0,0,0
R234896367,0,0,0,0,0,0,0,0,0,0,0,0,0,0,0,1,1,0,1,0
R234900370,0,0,0,0,0,0,0,0,0,0,0,0,0,0,0,0,0,0,1,0
R234900788,0,0,0,0,0,0,0,0,0,0,0,0,0,0,0,0,0,0,0,0
R234903639,0,0,0,0,0,0,0,0,0,0,0,0,0,0,0,0,0,0,0,0
R234907868,0,0,0,0,0,0,0,0,0,0,0,0,0,0,0,0,0,0,0,0
R234913671,0,0,0,0,0,0,0,0,0,0,0,0,0,0,0,0,0,0,0,0
R234924677,0,0,0,0,0,0,0,0,0,0,0,0,0,0,0,0,0,0,1,0
R234929811,0,0,0,0,1,1,0,0,0,0,1,0,0,0,0,0,0,0,0,0
R234933142,0,0,0,0,0,0,0,0,0,0,0,0,0,0,0,0,0,0,0,0
R234953471,0,0,0,0,0,0,0,0,0,0,0,0,0,0,0,0,0,0,0,0
R234983751,0,0,0,0,1,1,0,0,0,0,0,0,0,0,0,1,0,0,1,0
R234985964,0,0,0,0,0,0,0,0,0,0,0,0,0,0,0,0,0,0,0,0
R235000820,0,0,0,0,0,0,0,0,0,0,0,0,0,0,0,0,0,0,0,0
R235024978,0,0,0,0,0,0,0,0,0,0,0,0,0,0,0,0,0,0,0,0
R235028535,0,0,0,0,0,0,0,0,0,0,0,0,0,0,0,0,0,0,0,0
R235035753,0,0,0,0,0,0,0,0,0,0,0,0,0,0,0,0,0,0,0,0
R235041836,0,0,0,0,0,0,0,0,0,0,1,0,0,0,0,0,0,0,0,0
R235064132,0,0,0,0,0,0,0,0,0,0,1,0,0,0,0,0,0,0,0,0
R235105072,0,0,0,0,0,0,0,0,0,0,0,0,0,0,0,0,0,0,1,0
R235110617,0,0,0,0,0,0,0,0,0,0,1,0,0,0,0,0,0,0,0,0
R235129170,0,0,0,0,1,1,0,0,0,0,0,0,0,0,0,1,1,0,1,0
R235143722,0,0,0,0,0,1,0,0,0,0,0,1,0,0,0,0,0,1,1,0
R235159851,0,0,0,0,0,0,0,0,0,0,0,0,0,0,0,0,0,1,0,0
R235162422,0,0,0,0,0,0,0,0,0,0,0,0,0,0,0,0,0,0,0,0
R235170477,0,0,0,0,1,1,0,0,0,0,0,1,0,0,0,1,0,1,0,0
R235179689,0,0,0,0,0,0,0,0,0,0,0,0,0,0,0,0,0,0,0,0
R235195394,0,0,0,0,0,1,0,0,0,0,1,0,0,0,0,0,0,0,0,0
R235197943,0,0,0,0,0,0,0,0,0,0,1,0,0,0,0,1,0,0,1,0
R235232104,0,0,0,0,0,0,0,0,0,0,0,0,0,0,0,0,0,0,0,0
R235233832,0,0,0,0,0,0,0,0,0,0,1,0,0,0,0,0,0,0,0,0
R235234433,0,0,0,0,0,0,0,0,0,0,0,0,0,0,0,0,0,0,0,0
R235276512,0,0,0,0,0,0,0,0,0,0,0,0,0,1,0,0,0,0,0,0
R235297959,0,0,0,0,0,0,0,0,0,0,0,0,0,0,0,0,0,1,1,0
R235299868,0,0,0,0,1,1,0,0,0,0,0,0,0,0,0,1,1,1,1,0
R235309915,0,0,0,0,0,0,0,0,0,0,0,0,0,0,0,1,0,0,1,0
R235331642,0,0,0,0,0,1,0,0,0,0,1,0,0,0,0,0,0,0,0,0
R235343471,0,0,0,0,0,0,0,0,0,0,0,0,0,0,0,0,0,0,0,0
R235358417,0,0,0,0,0,0,0,0,0,0,0,0,0,0,0,0,0,0,0,0
R235377970,0,0,0,0,0,0,0,0,0,0,0,0,0,0,0,0,0,0,0,0
R235390655,0,0,0,0,0,0,0,0,0,0,1,0,0,0,0,0,0,0,0,0
R235441742,0,0,0,0,0,1,0,0,0,0,0,0,0,0,0,1,0,0,0,0
R235464562,0,0,0,0,0,0,0,0,0,0,1,0,0,0,0,0,0,0,0,0
R235471450,0,0,0,0,0,1,0,0,0,0,1,0,0,0,1,0,0,1,0,0
R235482897,0,0,0,0,0,0,0,0,0,0,0,0,0,0,0,0,0,0,0,0
R235483235,0,0,0,0,0,0,0,0,0,0,0,0,0,0,0,0,0,0,1,0
R235529082,0,0,0,0,0,0,0,0,0,0,0,0,0,0,0,0,0,0,0,0
R235539207,0,0,0,0,0,0,0,0,0,0,0,0,0,0,0,0,0,0,0,0
R235543768,0,0,0,0,0,0,0,0,0,0,0,0,0,0,0,0,0,0,0,0
R235547446,0,0,0,0,0,0,0,0,0,0,0,0,0,0,0,1,0,0,0,0
R235552279,0,0,0,0,0,1,0,0,0,0,0,0,0,0,0,0,0,0,0,0
R235624321,0,0,0,0,0,0,0,0,0,0,0,0,0,0,0,0,0,0,0,0
R235625093,0,0,0,0,0,0,0,0,0,0,0,0,0,0,0,0,0,0,1,0
R235633421,0,0,0,0,0,0,0,0,0,0,0,0,0,0,0,0,0,0,0,0
R235696700,0,0,0,0,0,0,0,0,0,0,0,0,0,0,0,0,0,0,1,0
R235698934,0,0,0,0,0,1,0,0,0,0,1,0,0,0,0,0,0,1,1,0
R235711862,0,0,0,0,0,0,0,0,0,0,0,0,0,0,0,0,0,0,0,0
R235780128,0,0,0,0,0,0,0,0,0,0,0,0,0,0,0,0,0,0,0,0
R235809442,0,0,0,0,0,0,0,0,0,0,0,0,0,0,0,0,0,0,0,0
R235880467,0,0,0,0,0,0,0,0,0,0,0,0,0,0,0,0,0,0,1,0
R235895784,0,0,0,0,0,0,0,0,0,0,0,0,0,0,0,0,0,0,0,0
R235900985,0,0,0,0,0,0,0,0,0,0,0,0,0,0,0,0,0,0,0,0
R235912867,0,0,0,0,0,0,0,0,0,0,1,0,0,0,0,0,0,0,0,0
R235915227,0,0,0,0,0,0,0,0,0,0,0,0,0,0,0,0,0,0,0,0
R235921827,0,0,0,0,0,0,0,0,0,0,0,0,0,0,0,0,0,0,0,0
R235933656,0,0,0,0,0,0,0,0,0,0,0,0,0,0,0,0,0,0,0,0
R235954067,0,0,0,0,0,0,0,0,0,0,0,0,0,0,0,0,0,0,0,0
R235981890,0,0,0,0,0,0,0,0,0,0,0,0,0,0,0,0,0,0,0,0
R235981920,0,0,0,0,0,0,0,0,0,0,0,0,0,0,0,0,0,0,0,0
R235986037,0,0,0,0,0,0,0,0,0,0,0,0,0,0,0,0,0,0,1,0
R235990764,0,0,0,0,0,0,0,0,0,0,0,0,0,0,0,0,0,0,0,0
R236008423,0,0,0,0,0,0,0,0,0,0,0,0,0,0,0,0,0,0,0,0
R236019851,0,0,0,0,0,0,0,0,0,0,0,0,0,0,0,0,0,0,0,0
R236020122,0,0,0,0,0,0,0,0,0,0,0,0,0,0,0,0,0,0,0,0
R236021530,0,0,0,0,0,0,0,0,0,0,0,0,0,0,0,0,0,0,0,0
R236027388,0,0,0,0,0,0,0,0,0,0,0,0,0,0,0,0,0,0,0,0
R236056292,0,0,0,0,0,0,0,0,0,0,0,0,0,1,0,0,0,0,0,0
R236162350,0,0,0,0,0,0,0,0,0,0,0,0,0,0,0,0,0,0,0,0
R236210740,0,0,0,0,0,0,0,0,0,0,0,0,0,0,0,0,0,0,0,0
R236219904,0,0,0,0,0,0,0,0,0,0,0,0,0,0,0,0,0,0,0,0
R236220731,0,0,0,0,0,0,0,0,0,0,0,0,0,0,0,0,0,0,0,0
R236222580,0,0,0,0,0,0,0,0,0,0,0,0,0,0,0,0,0,0,0,0
R236242630,0,0,0,0,0,0,0,0,0,0,0,0,0,0,0,0,0,0,0,0
R236248528,0,0,0,0,0,0,0,0,0,0,1,0,0,0,0,0,0,0,0,0
R236276569,0,0,0,0,0,0,0,0,0,0,0,0,0,0,0,0,0,0,0,0
R236281887,0,0,0,0,0,0,0,0,0,0,1,0,0,0,0,0,0,0,0,0
R236293003,0,0,0,0,0,0,0,0,0,0,0,0,0,0,0,0,0,0,0,0
R236349314,0,0,0,0,0,0,0,0,0,0,1,0,0,0,0,1,1,0,1,0
R236357875,0,0,0,0,0,0,0,0,0,0,0,0,0,0,0,0,0,0,0,0
R236380983,0,0,0,0,1,1,0,0,0,0,0,0,0,0,0,1,0,0,0,0
R236389788,0,0,0,0,0,0,0,0,0,0,0,0,0,0,0,0,0,0,0,0
R236416786,0,0,0,0,0,0,0,0,0,0,0,0,0,0,0,0,0,0,0,0
R236427304,0,0,0,0,0,0,0,0,0,0,0,0,0,0,0,0,0,0,0,0
R236450081,0,0,0,0,0,0,0,0,0,0,0,0,0,0,0,0,0,0,0,0
R236465897,0,0,0,0,0,0,0,0,0,0,0,0,0,0,0,0,0,0,0,0
R236488204,0,0,0,0,0,1,0,0,0,0,0,0,0,0,0,0,0,0,0,0
R236492416,0,0,0,0,1,1,0,0,1,0,1,0,0,1,0,1,0,0,1,0
R236493555,0,0,0,0,0,0,0,0,0,0,0,0,0,0,0,0,0,0,0,0
R236494640,0,0,0,0,0,0,0,0,0,0,0,0,0,0,0,0,0,0,1,0
R236498634,0,0,0,0,0,0,0,0,0,0,0,0,0,0,0,0,0,0,0,0
R236529768,0,0,0,0,0,0,0,0,0,0,0,0,0,1,0,0,0,0,0,0
R236547934,0,0,0,0,0,0,0,0,0,0,0,0,0,0,0,0,0,0,0,0
R236566750,0,0,0,0,0,0,0,0,0,0,1,0,0,1,0,0,0,0,1,0
R236572511,0,0,0,0,0,0,0,0,0,0,0,0,0,0,0,0,0,0,0,0
R236581317,0,0,0,0,0,0,0,0,0,0,0,0,0,0,0,0,0,0,0,0
R236582516,0,0,0,0,0,0,0,0,0,0,1,0,0,0,0,0,0,0,0,0
R236622722,0,0,0,0,0,0,0,0,0,0,1,0,0,0,0,0,0,0,1,0
R236630797,0,0,0,0,0,0,0,0,0,0,1,0,0,0,0,0,0,0,0,0
R236638604,0,0,0,0,0,0,0,0,0,0,1,0,0,0,0,0,0,0,0,0
R236647407,0,0,0,0,0,0,0,0,0,0,0,0,0,0,0,0,0,0,0,0
R236662423,0,0,0,0,0,0,0,0,0,0,1,0,0,0,0,0,0,0,0,0
R236679778,0,0,0,0,0,0,0,0,0,0,0,0,0,1,0,0,0,0,1,0
R236703459,0,0,0,0,0,0,0,0,0,0,0,0,0,0,0,0,0,0,0,0
R236723865,0,0,0,0,0,0,0,0,0,0,0,0,0,0,0,0,0,0,0,0
R236726234,0,0,0,0,1,1,0,0,0,0,1,0,0,0,0,0,0,0,0,0
R236730699,0,0,0,0,0,0,0,0,0,0,0,0,0,0,0,0,0,0,0,0
R236765989,0,0,0,0,0,0,0,0,0,0,0,0,0,0,0,0,0,0,0,0
R236811724,0,0,0,0,0,0,0,0,0,0,0,0,0,0,0,0,0,0,1,0
R236814581,0,0,0,0,0,0,0,0,0,0,0,0,0,0,0,0,0,0,0,0
R236840300,0,0,0,0,0,0,0,0,0,0,0,0,0,0,0,0,0,0,0,0
R236892396,0,0,0,0,0,0,0,0,0,0,0,0,0,0,0,1,1,0,1,0
R236893409,0,0,0,0,0,1,0,0,0,0,1,0,0,0,1,0,0,0,0,0
R236901406,0,0,0,0,0,0,0,0,0,0,0,0,0,0,0,0,0,0,1,0
R236906166,0,0,0,0,0,0,0,0,0,0,0,0,0,0,0,0,0,0,0,0
R236926188,0,0,0,0,1,1,0,0,0,0,0,0,0,0,0,0,0,0,1,0
R236934082,0,0,0,0,0,0,0,0,0,0,0,0,0,0,0,0,0,0,1,0
R236937007,0,0,0,0,0,0,0,0,0,0,0,0,0,0,0,1,0,0,1,0
R236937424,0,0,0,0,1,1,0,0,1,0,0,0,0,1,0,0,0,1,0,0
R236938761,0,0,0,0,0,0,0,0,0,0,0,0,0,0,0,0,0,0,0,0
R236941966,0,0,0,0,0,0,0,0,0,0,0,0,0,0,0,0,0,0,0,0
R236956849,0,0,0,0,0,0,0,0,0,0,0,0,0,0,0,0,0,0,0,0
R236972762,0,0,0,0,0,0,0,0,0,0,0,0,0,0,0,0,0,0,0,0
R236980210,0,0,0,0,0,0,0,0,0,0,0,0,0,1,0,0,0,0,0,0
R237011321,0,0,0,0,0,0,0,0,0,0,0,0,0,0,0,0,0,0,0,0
R237034956,0,0,0,0,0,0,0,0,0,0,0,0,0,0,0,0,0,1,0,0
R237038560,0,0,0,0,0,0,0,0,0,0,0,0,0,0,0,0,0,0,0,0
R237040699,0,0,0,0,0,0,0,0,0,0,0,0,0,0,0,0,0,0,0,0
R237054109,0,0,0,0,1,1,0,0,0,0,1,1,0,0,0,1,1,1,1,0
R237058949,0,0,0,0,0,0,0,0,0,0,0,0,0,1,0,0,0,0,0,0
R237072391,0,0,0,0,0,0,0,0,0,0,0,0,0,0,0,0,0,1,0,0
R237078566,0,0,0,0,0,0,0,0,0,0,0,0,0,0,0,0,0,0,0,0
R237137972,0,0,0,0,0,0,0,0,0,0,0,0,0,0,0,0,0,0,1,0
R237139859,0,0,0,0,1,1,0,0,0,0,1,0,0,0,0,1,0,0,0,0
R237161901,0,0,0,0,0,0,0,0,0,0,0,0,0,0,0,0,0,0,0,0
R237166123,0,0,0,0,0,0,0,0,0,0,0,0,0,0,0,0,0,0,0,0
R237190565,0,0,0,0,0,0,0,0,0,0,0,0,0,0,0,0,0,0,0,0
R237212819,0,0,0,0,1,1,0,0,0,0,0,0,0,0,0,0,0,0,1,0
R237224689,0,0,0,0,0,0,0,0,0,0,1,0,0,0,0,0,0,0,1,0
R237232853,0,0,0,0,0,0,0,0,0,0,0,0,0,0,0,0,0,0,0,0
R237288609,0,0,0,0,0,0,0,0,0,0,0,0,0,0,0,0,0,0,0,0
R237294627,0,0,0,0,0,0,0,0,0,0,0,0,0,0,0,0,0,0,0,0
R237316723,0,0,0,0,0,0,0,0,0,0,0,0,0,0,0,0,0,0,0,0
R237330224,0,0,0,0,0,0,0,0,0,0,0,0,0,0,0,0,0,0,0,0
R237393013,0,0,0,0,1,1,0,0,0,0,0,0,0,0,0,0,0,0,1,0
R237398735,0,0,0,0,0,0,0,0,1,0,0,0,0,1,0,0,0,1,0,0
R237410909,0,0,0,0,0,0,0,0,0,0,0,0,0,0,0,0,0,0,0,0
R237439293,0,0,0,0,0,0,0,0,0,0,0,0,0,0,0,0,0,0,0,0
R237458874,0,0,0,0,0,0,0,0,0,0,1,0,0,1,0,1,0,0,1,0
R237475120,0,0,0,0,0,0,0,0,0,0,0,0,0,0,0,0,0,0,0,0
R237483844,0,0,0,0,0,0,0,0,0,0,0,0,0,0,0,0,0,0,0,0
R237505805,0,0,0,0,0,0,0,0,0,0,1,0,0,0,0,0,0,0,0,0
R237526136,0,0,0,0,0,0,0,0,0,0,0,0,0,0,0,0,0,0,0,0
R237535932,0,0,0,0,0,0,0,0,0,0,0,0,0,0,0,0,0,0,0,0
R237590837,0,0,0,0,0,0,0,0,0,0,0,0,0,0,0,0,0,0,0,0
R237597140,0,0,0,0,0,0,0,0,0,0,0,0,0,0,0,0,0,0,0,0
R237607078,0,0,0,0,0,0,0,0,0,0,0,0,0,0,0,0,0,0,1,0
R237616679,0,0,0,0,0,0,0,0,0,0,1,0,0,0,0,0,0,0,0,0
R237645996,0,0,0,0,0,0,0,0,0,0,0,0,0,0,0,0,0,0,0,0
R237667068,0,0,0,0,0,0,0,0,0,0,1,0,0,0,0,0,0,0,1,0
R237674973,0,0,0,0,0,0,0,0,0,0,0,0,0,0,0,0,0,0,1,0
R237687192,0,0,0,0,1,1,0,0,0,0,1,0,0,0,0,1,1,0,1,0
R237693787,0,0,0,0,0,0,0,0,0,0,0,0,0,0,0,0,0,1,0,0
R237712388,0,0,0,0,0,0,0,0,0,0,0,0,0,0,0,0,0,0,0,0
R237753645,0,0,0,0,0,1,0,0,0,0,0,0,0,0,0,1,0,0,0,0
R237757194,0,0,0,0,0,0,0,0,0,0,0,0,0,0,0,0,0,0,0,0
R237791886,0,0,0,0,0,0,0,0,0,0,0,0,0,0,0,0,0,0,0,0
R237797140,0,0,0,0,0,0,0,0,0,0,0,0,0,0,0,0,0,0,0,0
R237824529,0,0,0,0,0,0,0,0,0,0,0,0,0,0,0,0,0,0,0,0
R237828590,0,0,0,0,0,0,0,0,0,0,0,0,0,1,0,1,0,0,1,0
R237834065,0,0,0,0,0,1,0,0,0,0,1,0,0,0,0,0,0,0,0,0
R237860565,0,0,0,0,0,0,0,0,0,0,0,0,0,0,0,0,0,0,1,0
R237911026,0,0,0,0,1,1,0,0,0,0,1,0,0,1,0,1,0,0,1,0
R237916252,0,0,0,0,0,0,0,0,0,0,0,0,0,0,0,0,0,0,0,0
R237923735,0,0,0,0,0,0,0,0,0,0,0,0,0,0,0,0,0,0,0,0
R237948921,0,0,0,0,0,0,0,0,0,0,0,0,0,0,0,0,0,0,0,0
R237956862,0,0,0,0,0,0,0,0,0,0,1,0,0,0,0,0,0,0,0,0
R237963095,0,0,0,0,0,0,0,0,0,0,0,0,0,0,0,0,0,0,0,0
R238015627,0,0,0,0,0,0,0,0,0,0,0,0,0,0,0,0,0,0,0,0
R238021748,0,0,0,0,0,0,0,0,0,0,0,0,0,1,0,0,0,0,0,0
R238054843,0,0,0,0,0,0,0,0,0,0,0,0,0,0,0,0,0,0,1,0
R238081169,0,0,0,0,0,0,0,0,0,0,0,0,0,0,0,0,0,0,0,0
R238090153,0,0,0,0,0,0,0,0,0,0,0,0,0,0,0,0,0,0,0,0
R238138445,0,0,0,0,0,0,0,0,0,0,0,0,0,0,0,1,1,0,0,0
R238146620,0,0,0,0,0,0,0,0,0,0,1,0,0,0,0,0,0,0,0,0
R238150654,0,0,0,0,0,0,0,0,0,0,0,0,0,0,0,0,0,0,0,0
R238169131,0,0,0,0,0,0,0,0,0,0,0,0,0,0,0,0,0,0,1,0
R238204318,0,0,0,0,1,1,0,0,1,0,1,0,0,1,0,1,1,0,1,0
R238237903,0,0,0,0,0,0,0,0,0,0,0,0,0,0,0,0,0,0,0,0
R238242828,0,0,0,0,0,1,0,0,0,0,1,0,0,0,1,0,0,1,0,0
R238257101,0,0,0,0,0,0,0,0,0,0,1,0,0,0,0,0,0,0,0,0
R238266277,0,0,0,0,0,0,0,0,0,0,0,0,0,0,0,0,0,0,0,0
R238277457,0,0,0,0,0,0,0,0,0,0,0,0,0,0,0,0,0,0,1,0
R238302866,0,0,0,0,0,0,0,0,0,0,0,0,0,0,0,0,0,0,0,0
R238322271,0,0,0,0,0,0,0,0,0,0,0,0,0,0,0,0,0,1,0,0
R238333029,0,0,0,0,0,0,0,0,0,0,0,0,0,0,0,0,0,0,1,0
R238341704,0,0,0,0,0,0,0,0,0,0,0,0,0,0,0,0,0,0,1,0
R238350048,0,0,0,0,0,0,0,0,0,0,0,0,0,0,0,0,0,0,1,0
R238354431,0,0,0,0,0,0,0,0,0,0,0,0,0,0,0,0,0,0,0,0
R238361013,0,0,0,0,0,0,0,0,0,0,0,0,0,0,0,0,0,0,0,0
R238362259,0,0,0,0,1,1,0,0,0,0,0,0,0,0,0,1,0,0,0,0
R238375523,0,0,0,0,0,1,0,0,1,0,0,0,0,1,0,0,0,0,0,0
R238389104,0,0,0,0,0,0,0,0,0,0,0,0,0,0,0,0,0,0,0,0
R238446954,0,0,0,0,0,0,0,0,0,0,0,0,0,0,0,0,0,0,0,0
R238454257,0,0,0,0,0,0,0,0,0,0,0,0,0,0,0,0,0,0,1,0
R238482291,0,0,0,0,0,0,0,0,0,0,0,0,0,0,0,0,0,0,0,0
R238484663,0,0,0,0,0,0,0,0,0,0,0,0,0,0,0,0,0,0,0,0
R238499508,0,0,0,0,0,0,0,0,0,0,0,0,0,0,0,0,0,0,0,0
R238527893,0,0,0,0,1,1,0,0,0,0,0,0,0,0,0,1,0,0,0,0
R238560678,0,0,0,0,0,0,0,0,0,0,0,0,0,0,0,0,0,0,0,0
R238611047,0,0,0,0,0,0,0,0,0,0,0,0,0,0,0,0,0,0,0,0
R238650039,0,0,0,0,0,0,0,0,0,0,0,0,0,0,0,0,0,0,0,0
R238651539,0,0,0,0,0,0,0,0,0,0,0,0,0,0,0,0,0,0,0,0
R238678349,0,0,0,0,0,0,0,0,0,0,0,0,0,0,0,0,0,0,1,0
R238689463,0,0,0,0,0,0,0,0,0,0,0,0,0,0,0,0,0,0,0,0
R238690958,0,0,0,0,0,0,0,0,0,0,0,0,0,1,0,0,0,0,0,0
R238692768,0,0,0,0,0,0,0,0,0,0,0,0,0,0,0,0,0,0,1,0
R238724659,0,0,0,0,0,0,0,0,0,0,0,0,0,0,0,0,0,0,0,0
R238726180,0,0,0,0,0,0,0,0,0,0,0,0,0,0,0,0,0,0,0,0
R238743057,0,0,0,0,0,0,0,0,0,0,0,0,0,1,0,0,0,0,0,0
R238760447,0,0,0,0,0,0,0,0,0,0,0,0,0,0,0,1,1,0,1,0
R238790903,0,0,0,0,0,0,0,0,0,0,0,0,0,0,0,0,0,0,0,0
R238842924,0,0,0,0,0,0,0,0,0,0,1,0,0,1,0,0,0,0,1,0
R238882778,0,0,0,0,0,0,0,0,0,0,0,0,0,1,0,0,0,0,1,0
R238894775,0,0,0,0,0,0,0,0,0,0,0,0,0,0,0,0,0,0,0,0
R238902053,0,0,0,0,0,0,0,0,0,0,0,0,0,0,0,0,0,0,0,0
R238907077,0,0,0,0,0,0,0,0,0,0,0,0,0,0,0,0,0,0,0,0
R238919141,0,0,0,0,0,0,0,0,0,0,0,0,0,0,0,0,0,0,0,0
R238924464,0,0,0,0,0,0,0,0,0,0,0,0,0,0,0,1,1,0,1,0
R238929808,0,0,0,0,0,0,0,0,0,0,0,0,0,1,0,0,0,0,0,0
R239004362,0,0,0,0,0,0,0,0,0,0,0,0,0,0,0,0,0,0,0,0
R239045885,0,0,0,0,0,0,0,0,0,0,0,0,0,0,0,0,0,0,1,0
R239084578,0,0,0,0,0,0,0,0,0,0,0,0,0,0,0,0,0,0,0,0
R239138061,0,0,0,0,0,0,0,0,0,0,0,0,0,0,0,0,0,0,0,0
R239169185,0,0,0,0,0,0,0,0,0,0,0,0,0,0,0,0,0,0,0,0
R239270018,0,0,0,0,0,0,0,0,0,0,0,0,0,0,0,0,0,0,0,0
R239391177,0,0,0,0,0,0,0,0,0,0,0,0,0,0,0,0,0,0,0,0
R239402179,0,0,0,0,0,0,0,0,0,0,0,0,0,0,0,0,0,0,0,0
R239431937,0,0,0,0,0,0,0,0,0,0,0,1,0,0,0,0,0,1,0,0
R239432249,0,0,0,0,0,0,0,0,0,0,0,0,0,1,0,0,0,0,0,0
R239438756,0,0,0,0,0,0,0,0,0,0,0,0,0,0,0,0,0,0,0,0
R239480754,0,0,0,0,0,0,0,0,0,0,0,0,0,1,0,1,1,0,1,0
R239484757,0,0,0,0,0,0,0,0,0,0,0,0,0,0,0,0,0,0,0,0
R239519666,0,0,0,0,0,0,0,0,0,0,0,0,0,0,0,0,0,0,1,0
R239544237,0,0,0,0,0,0,0,0,0,0,0,0,0,0,0,0,0,1,0,0
R239548729,0,0,0,0,1,1,0,0,0,0,1,0,0,0,0,1,1,0,1,0
R239568611,0,0,0,0,0,0,0,0,0,0,0,0,0,0,0,0,0,0,0,0
R239616927,0,0,0,0,0,0,0,0,0,0,0,0,0,0,0,0,0,0,0,0
R239619526,0,0,0,0,1,1,0,0,0,0,0,0,0,0,0,0,0,0,0,0
R239624138,0,0,0,0,0,0,0,0,0,0,0,0,0,0,0,0,0,0,0,0
R239624171,0,0,0,0,0,0,0,0,0,0,0,0,0,0,0,0,0,0,0,0
R239633626,0,0,0,0,0,0,0,0,0,0,0,0,0,0,0,0,0,0,0,0
R239638594,0,0,0,0,0,0,0,0,0,0,0,0,0,0,0,0,0,0,0,0
R239677984,0,0,0,0,0,0,0,0,0,0,1,0,0,1,0,0,0,0,0,0
R239684268,0,0,0,0,0,0,0,0,0,0,0,0,0,0,0,0,0,0,1,0
R239713261,0,0,0,0,0,1,0,0,0,0,1,0,0,0,1,0,0,0,0,0
R239734122,0,0,0,0,0,0,0,0,0,0,0,0,0,0,0,0,0,0,0,0
R239740714,0,0,0,0,0,0,0,0,0,0,0,0,0,0,0,0,0,0,1,0
R239748557,0,0,0,0,0,0,0,0,0,0,0,0,0,0,0,0,0,0,0,0
R239755347,0,0,0,0,0,0,0,0,0,0,1,0,0,0,0,0,0,0,1,0
R239770069,0,0,0,0,0,0,0,0,0,0,0,0,0,0,0,0,0,0,0,0
R239778210,0,0,0,0,0,0,0,0,0,0,0,0,0,0,0,0,0,0,0,0
R239820225,0,0,0,0,0,0,0,0,0,0,0,0,0,0,0,0,0,0,0,0
R239844158,0,0,0,0,0,0,0,0,0,0,0,0,0,0,0,0,0,0,0,0
R239873890,0,0,0,0,1,1,0,0,0,0,0,0,0,0,0,1,1,0,1,0
R239884040,0,0,0,0,0,0,0,0,0,0,0,0,0,0,0,0,0,0,0,0
R239886394,0,0,0,0,0,0,0,0,0,0,0,0,0,0,0,0,0,0,0,0
R239943671,0,0,0,0,1,1,0,0,0,0,0,0,0,0,0,1,1,0,0,0
R239944153,0,0,0,0,0,0,0,0,0,0,0,0,0,0,0,0,0,0,1,0
R239947696,0,0,0,0,0,0,0,0,0,0,0,0,0,0,0,0,0,0,0,0
R239947898,0,0,0,0,0,0,0,0,0,0,0,0,0,0,0,1,0,0,0,0
R239968243,0,0,0,0,0,0,0,0,0,0,0,0,0,0,0,1,1,0,1,0
R239994279,0,0,0,0,0,1,0,0,0,0,1,0,0,0,0,0,0,0,0,0
R240010775,0,0,0,0,0,0,0,0,0,0,0,0,0,0,0,0,0,0,0,0
R240010890,0,0,0,0,1,1,0,0,0,0,0,0,0,0,0,0,0,0,1,0
R240057098,0,0,0,0,0,0,0,0,0,0,0,0,0,0,0,0,0,0,0,0
R240058481,0,0,0,0,0,0,0,0,0,0,0,0,0,1,0,1,1,0,1,0
R240080108,0,0,0,0,0,0,0,0,0,0,0,0,0,0,0,0,0,0,0,0
R240088455,0,0,0,0,0,0,0,0,0,0,0,0,0,0,0,0,0,0,0,0
R240089909,0,0,0,0,0,0,0,0,0,0,0,0,0,1,0,0,0,0,1,0
R240108076,0,0,0,0,0,0,0,0,0,0,0,0,0,0,0,0,0,0,1,0
R240122026,0,0,0,0,0,0,0,0,0,0,0,0,0,0,0,0,0,0,0,0
R240130668,0,0,0,0,0,0,0,0,0,0,0,1,0,0,0,0,0,1,0,0
R240135147,0,0,0,0,0,0,0,0,0,0,0,0,0,0,0,0,0,0,1,0
R240140933,0,0,0,0,0,0,0,0,0,0,1,0,0,0,0,0,0,0,1,0
R240164486,0,0,0,0,1,1,0,0,0,0,0,0,0,0,0,1,0,0,1,0
R240167672,0,0,0,0,0,0,0,0,0,0,0,0,0,0,0,0,0,0,0,0
R240172272,0,0,0,0,0,0,0,0,0,0,0,0,0,0,0,0,0,0,0,0
R240177809,0,0,0,0,0,0,0,0,0,0,0,0,0,0,0,0,0,0,1,0
R240213979,0,0,0,0,0,0,0,0,0,0,0,0,0,0,0,0,0,0,0,0
R240231496,0,0,0,0,0,0,0,0,0,0,0,0,0,0,0,0,0,0,1,0
R240258115,0,0,0,0,0,0,0,0,0,0,0,0,0,0,0,1,1,0,1,0
R240285517,0,0,0,0,0,0,0,0,0,0,0,0,0,0,0,1,1,0,1,0
R240293693,0,0,0,0,0,0,0,0,0,0,0,0,0,0,0,0,0,0,0,0
R240303886,0,0,0,0,0,1,0,0,0,0,1,0,0,0,1,0,0,0,0,0
R240337235,0,0,0,0,0,0,0,0,0,0,0,0,0,1,0,0,0,0,1,0
R240359092,0,0,0,0,0,0,0,0,0,0,0,1,0,0,0,0,0,1,0,0
R240364611,0,0,0,0,1,1,0,0,0,0,1,0,0,0,1,0,0,0,0,0
R240365655,0,0,0,0,0,0,0,0,0,0,0,0,0,0,0,0,0,0,0,0
R240380646,0,0,0,0,1,1,0,0,0,0,0,0,0,0,0,0,0,0,0,0
R240386696,0,0,0,0,0,0,0,0,0,0,0,0,0,0,0,0,0,0,0,0
R240397774,0,0,0,0,0,0,0,0,0,0,0,0,0,1,0,0,0,0,0,0
R240403694,0,0,0,0,0,0,0,0,0,0,0,0,0,0,0,0,0,0,1,0
R240409909,0,0,0,0,0,0,0,0,0,0,0,0,0,0,0,0,0,1,1,0
R240425093,0,0,0,0,0,0,0,0,0,0,0,0,0,0,0,0,0,0,0,0
R240438439,0,0,0,0,0,0,0,0,0,0,0,0,0,0,0,0,0,0,0,0
R240455800,0,0,0,0,0,1,0,0,0,0,1,0,0,0,1,0,0,0,0,0
R240456147,0,0,0,0,0,1,0,0,0,0,0,0,0,1,1,0,0,0,0,0
R240471609,0,0,0,0,0,0,0,0,0,0,0,0,0,0,0,0,0,0,0,0
R240479711,0,0,0,0,0,0,0,0,0,0,0,0,0,0,0,0,0,0,0,0
R240484236,0,0,0,0,0,0,0,0,0,0,0,0,0,0,0,0,0,0,0,0
R240506754,0,0,0,0,0,0,0,0,0,0,0,0,0,0,0,0,0,0,1,0
R240515058,0,0,0,0,0,0,0,0,0,0,0,0,0,0,0,0,0,0,0,0
R240602231,0,0,0,0,0,0,0,0,0,0,0,0,0,0,0,0,0,0,0,0
R240607579,0,0,0,0,0,0,0,0,0,0,0,0,0,0,0,0,0,0,0,0
R240667260,0,0,0,0,0,0,0,0,0,0,0,0,0,0,0,1,1,0,1,0
R240681600,0,0,0,0,0,0,0,0,0,0,0,0,0,0,0,1,1,0,1,0
R240684551,0,0,0,0,1,1,0,0,0,0,0,1,0,1,0,0,0,1,0,0
R240690102,0,0,0,0,0,0,0,0,0,0,0,0,0,0,0,0,0,0,0,0
R240693003,0,0,0,0,0,0,0,0,0,0,0,0,0,0,0,0,0,0,0,0
R240693162,0,0,0,0,0,0,0,0,0,0,0,0,0,0,0,0,0,0,0,0
R240721434,0,0,0,0,0,0,0,0,0,0,0,0,0,0,0,0,0,0,0,0
R240785325,0,0,0,0,0,0,0,0,0,0,1,0,0,0,0,0,0,0,0,0
R240790954,0,0,0,0,0,0,0,0,0,0,0,0,0,0,0,0,0,0,0,0
R240797583,0,0,0,0,0,0,0,0,0,0,0,0,0,0,0,1,0,0,1,0
R240819117,0,0,0,0,0,0,0,0,0,0,0,0,0,0,0,0,0,0,1,0
R240847464,0,0,0,0,0,0,0,0,0,0,0,0,0,0,0,0,0,0,0,0
R240856065,0,0,0,0,0,0,0,0,0,0,0,0,0,0,0,0,0,0,0,0
R240859097,0,0,0,0,0,0,0,0,0,0,0,0,0,0,0,1,0,0,0,0
R240906668,0,0,0,0,0,0,0,0,0,0,0,0,0,0,0,0,0,0,0,0
R240983071,0,0,0,0,0,0,0,0,0,0,0,0,0,0,0,0,0,0,0,0
R240997155,0,0,0,0,0,0,0,0,0,0,1,0,0,1,0,0,0,0,0,0
R241013334,0,0,0,0,0,0,0,0,0,0,0,0,0,0,0,0,0,0,1,0
R241040359,0,0,0,0,0,0,0,0,0,0,0,0,0,0,0,0,0,0,0,0
R241072120,0,0,0,0,0,0,0,0,0,0,0,0,0,1,0,0,0,0,0,0
R241084426,0,0,0,0,0,0,0,0,0,0,0,0,0,0,0,0,0,0,0,0
R241107139,0,0,0,0,0,0,0,0,0,0,0,0,0,0,0,0,0,0,1,0
R241111694,0,0,0,0,0,0,0,0,0,0,1,0,0,0,0,1,1,0,1,0
R241118152,0,0,0,0,0,0,0,0,0,0,0,0,0,0,0,0,0,0,0,0
R241121601,0,0,0,0,0,0,0,0,0,0,1,0,0,0,0,0,0,0,0,0
R241145455,0,0,0,0,0,0,0,0,0,0,0,0,0,0,0,0,0,0,0,0
R241147955,0,0,0,0,1,1,0,0,0,0,1,0,0,0,0,1,0,0,1,0
R241156880,0,0,0,0,0,0,0,0,0,0,0,0,0,0,0,0,0,0,0,0
R241189938,0,0,0,0,0,0,0,0,0,0,0,0,0,0,0,0,0,0,1,0
R241210325,0,0,0,0,0,0,0,0,0,0,0,1,0,0,0,0,0,1,0,0
R241228933,0,0,0,0,0,0,0,0,0,0,0,0,0,0,0,1,1,0,0,0
R241274812,0,0,0,0,0,0,0,0,0,0,0,0,0,0,0,0,0,0,1,0
R241312663,0,0,0,0,1,1,0,0,0,0,0,0,0,0,1,0,0,0,0,0
R241336392,0,0,0,0,0,0,0,0,0,0,0,0,0,0,0,0,0,0,0,0
R241338763,0,0,0,0,1,1,0,0,0,0,0,0,0,0,0,0,0,0,1,0
R241344470,0,0,0,0,0,0,0,0,0,0,0,0,0,0,0,0,0,0,1,0
R241350794,0,0,0,0,0,1,0,0,0,0,0,0,0,0,1,0,0,0,0,0
R241364719,0,0,0,0,0,0,0,0,0,0,0,0,0,0,0,0,0,0,0,0
R241383957,0,0,0,0,0,0,0,0,0,0,0,0,0,0,0,1,0,0,0,0
R241415870,0,0,0,0,1,1,0,0,0,0,1,0,0,0,0,0,0,0,0,0
R241420994,0,0,0,0,0,0,0,0,0,0,0,0,0,0,0,0,0,0,1,0
R241428575,0,0,0,0,0,0,0,0,0,0,0,0,0,0,0,0,0,0,0,0
R241445996,0,0,0,0,0,0,0,0,0,0,0,0,0,0,0,0,0,0,1,0
R241552120,0,0,0,0,0,0,0,0,0,0,0,0,0,0,0,1,1,0,0,0
R241581910,0,0,0,0,0,0,0,0,0,0,0,0,0,0,0,0,0,0,1,0
R241638248,0,0,0,0,0,0,0,0,0,0,0,1,0,0,0,0,0,1,0,0
R241640955,0,0,0,0,0,0,0,0,0,0,0,0,0,0,0,0,0,0,0,0
R241648576,0,0,0,0,0,0,0,0,0,0,0,0,0,0,0,0,0,0,0,0
R241659750,0,0,0,0,0,0,0,0,0,0,0,0,0,0,0,0,0,0,0,0
R241673265,0,0,0,0,0,1,0,0,0,0,0,0,0,0,0,0,0,0,0,0
R241673281,0,0,0,0,0,0,0,0,0,0,0,0,0,0,0,0,0,0,0,0
R241695732,0,0,0,0,0,0,0,0,0,0,0,0,0,0,0,0,0,1,0,0
R241719259,0,0,0,0,0,0,0,0,0,0,0,0,0,0,0,0,0,0,0,0
R241749586,0,0,0,0,0,0,0,0,0,0,0,0,0,0,0,0,0,0,0,0
R241769730,0,0,0,0,0,0,0,0,0,0,0,1,0,0,0,0,0,1,0,0
R241797797,0,0,0,0,0,0,0,0,0,0,0,0,0,0,0,0,0,0,0,0
R241808857,0,0,0,0,0,0,0,0,0,0,0,0,0,0,0,0,0,0,1,0
R241816000,0,0,0,0,0,0,0,0,0,0,0,0,0,0,0,1,0,0,0,0
R241854566,0,0,0,0,0,0,0,0,0,0,0,0,0,0,0,0,0,0,0,0
R241855191,0,0,0,0,0,0,0,0,0,0,1,0,0,0,0,0,0,0,0,0
R241872499,0,0,0,0,1,1,0,0,0,0,1,0,0,0,0,0,0,0,1,0
R241894371,0,0,0,0,0,0,0,0,0,0,0,0,0,0,0,0,0,0,0,0
R241907941,0,0,0,0,0,0,0,0,0,0,0,0,0,0,0,0,0,0,0,0
R241938509,0,0,0,0,0,0,0,0,0,0,0,0,0,0,0,0,0,0,0,0
R241938628,0,0,0,0,0,0,0,0,0,0,0,0,0,0,0,0,0,0,0,0
R241940265,0,0,0,0,0,0,0,0,0,0,0,1,0,0,0,0,0,1,0,0
R241949647,0,0,0,0,0,0,0,0,0,0,0,0,0,0,0,0,0,0,0,0
R241960677,0,0,0,0,0,0,0,0,0,0,0,0,0,0,0,0,0,0,1,0
R242035355,0,0,0,0,1,1,0,0,0,0,0,0,0,0,0,0,0,0,0,0
R242052632,0,0,0,0,0,0,0,0,0,0,0,0,0,0,0,0,0,0,0,0
R242068312,0,0,0,0,0,0,0,0,0,0,0,0,0,1,0,0,0,0,0,0
R242076112,0,0,0,0,0,0,0,0,0,0,1,0,0,0,0,1,1,0,1,0
R242077684,0,0,0,0,0,0,0,0,0,0,0,0,0,0,0,0,0,0,0,0
R242111547,0,0,0,0,0,0,0,0,0,0,1,0,0,0,0,1,1,0,0,0
R242161851,0,0,0,0,0,0,0,0,0,0,0,0,0,0,0,0,0,0,0,0
R242166144,0,0,0,0,0,0,0,0,0,0,0,0,0,0,0,1,1,0,1,0
R242173667,0,0,0,0,0,0,0,0,0,0,0,0,0,0,0,0,0,0,0,0
R242176870,0,0,0,0,0,0,0,0,0,0,0,0,0,0,0,0,0,1,0,0
R242198046,0,0,0,0,0,0,0,0,0,0,1,0,0,0,0,0,0,0,0,0
R242207889,0,0,0,0,0,0,0,0,0,0,0,0,0,0,0,0,0,1,0,0
R242209986,0,0,0,0,1,1,0,0,0,0,1,0,0,0,0,0,0,1,1,0
R242210208,0,0,0,0,0,0,0,0,0,0,0,0,0,0,0,0,0,0,0,0
R242215480,0,0,0,0,0,0,0,0,0,0,0,0,0,0,0,1,0,0,1,0
R242224949,0,0,0,0,0,0,0,0,1,0,1,0,0,1,0,0,0,0,1,0
R242239118,0,0,0,0,1,1,0,0,0,0,0,0,0,0,0,0,0,0,1,0
R242242628,0,0,0,0,0,0,0,0,0,0,0,0,0,0,0,0,0,0,0,0
R242274183,0,0,0,0,1,1,0,0,0,0,1,0,0,1,0,1,1,0,1,0
R242275770,0,0,0,0,0,0,0,0,0,0,0,0,0,0,0,0,0,0,0,0
R242281659,0,0,0,0,0,0,0,0,0,0,0,0,0,0,0,0,0,1,0,0
R242291530,0,0,0,0,0,0,0,0,0,0,0,0,0,0,0,0,0,0,1,0
R242332362,0,0,0,0,1,1,0,0,1,0,0,0,0,1,0,0,0,1,1,0
R242397845,0,0,0,0,0,0,0,0,1,0,0,0,0,1,0,0,0,0,0,0
R242402517,0,0,0,0,0,0,0,0,0,0,0,0,0,0,0,0,0,0,0,0
R242403115,0,0,0,0,0,0,0,0,0,0,0,0,0,0,0,0,0,0,0,0
R242440175,0,0,0,0,0,0,0,0,0,0,0,0,0,0,0,0,0,0,1,0
R242447583,0,0,0,0,0,0,0,0,0,0,0,0,0,0,0,0,0,0,1,0
R242450069,0,0,0,0,0,0,0,0,0,0,1,0,0,0,0,1,0,0,0,0
R242456480,0,0,0,0,0,1,0,0,0,0,0,0,0,1,0,0,0,0,0,0
R242470487,0,0,0,0,0,0,0,0,0,0,0,0,0,0,0,1,1,0,1,0
R242522917,0,0,0,0,0,0,0,0,0,0,0,0,0,0,0,1,1,0,1,0
R242525393,0,0,0,0,0,0,0,0,0,0,0,0,0,0,0,0,0,0,0,0
R242534631,0,0,0,0,0,1,0,0,0,0,1,0,0,0,0,0,0,0,1,0
R242546742,0,0,0,0,0,0,0,0,0,0,0,0,0,0,0,0,0,0,0,0
R242547757,0,0,0,0,0,0,0,0,0,0,0,0,0,0,0,0,0,0,0,0
R242589175,0,0,0,0,0,0,0,0,0,0,0,0,0,0,0,0,0,0,0,0
R242646903,0,0,0,0,0,0,0,0,0,0,0,0,0,0,0,0,0,0,0,0
R242664763,0,0,0,0,0,0,0,0,0,0,0,0,0,0,0,0,0,0,0,0
R242681015,0,0,0,0,0,0,0,0,0,0,0,0,0,0,0,0,0,0,0,0
R242683992,0,0,0,0,0,0,0,0,0,0,0,0,0,0,0,0,0,0,0,0
R242694079,0,0,0,0,0,0,0,0,0,0,1,0,0,0,0,0,0,0,0,0
R242700903,0,0,0,0,0,0,0,0,0,0,0,0,0,0,0,0,0,0,1,0
R242719922,0,0,0,0,0,0,0,0,0,0,0,0,0,0,0,0,0,0,0,0
R242739707,0,0,0,0,0,0,0,0,0,0,0,0,0,0,0,0,0,0,0,0
R242764613,0,0,0,0,0,0,0,0,0,0,0,0,0,0,0,0,0,0,0,0
R242767031,0,0,0,0,0,0,0,0,0,0,0,0,0,0,0,0,0,0,0,0
R242767842,0,0,0,0,1,1,0,0,1,0,0,0,0,1,0,1,0,0,0,0
R242793769,0,0,0,0,0,0,0,0,0,0,0,0,0,0,0,0,0,0,1,0
R242833939,0,0,0,0,0,0,0,0,0,0,0,0,0,0,0,0,0,0,0,0
R242856981,0,0,0,0,0,0,0,0,0,0,0,0,0,0,0,0,0,0,0,0
R242875110,0,0,0,0,0,0,0,0,0,0,1,0,0,0,0,0,0,0,0,0
R242884722,0,0,0,0,0,0,0,0,0,0,0,0,0,0,0,1,1,0,1,0
R242904909,0,0,0,0,0,0,0,0,0,0,0,0,0,0,0,0,0,0,0,0
R242912920,0,0,0,0,0,0,0,0,0,0,0,0,0,0,0,0,0,0,0,0
R242925514,0,0,0,0,0,0,0,0,0,0,0,0,0,0,0,0,0,0,0,0
R242925756,0,0,0,0,0,0,0,0,0,0,0,0,0,0,0,0,0,0,0,0
R242965554,0,0,0,0,0,0,0,0,0,0,0,0,0,0,0,0,0,1,1,0
R242967836,0,0,0,0,0,0,0,0,0,0,1,0,0,1,0,1,0,0,1,0
R242972931,0,0,0,0,0,0,0,0,0,0,0,0,0,0,0,0,0,0,0,0
R243001687,0,0,0,0,0,0,0,0,0,0,0,0,0,0,0,0,0,1,1,0
R243002581,0,0,0,0,0,0,0,0,0,0,0,0,0,0,0,0,0,0,0,0
R243013380,0,0,0,0,0,0,0,0,0,0,0,0,0,0,0,0,0,0,1,0
R243042567,0,0,0,0,0,0,0,0,0,0,0,0,0,1,0,0,0,0,0,0
R243047491,0,0,0,0,0,0,0,0,0,0,0,0,0,0,0,0,0,0,1,0
R243051326,0,0,0,0,0,0,0,0,0,0,0,0,0,0,0,0,0,0,0,0
R243061797,0,0,0,0,0,0,0,0,0,0,0,0,0,0,0,0,0,0,1,0
R243078229,0,0,0,0,0,0,0,0,0,0,0,0,0,0,0,0,0,0,1,0
R243081456,0,0,0,0,0,0,0,0,0,0,0,0,0,0,0,0,0,0,0,0
R243106115,0,0,0,0,0,0,0,0,0,0,0,0,0,0,0,0,0,0,0,0
R243123526,0,0,0,0,1,1,0,0,0,0,1,0,0,0,0,0,0,0,0,0
R243133682,0,0,0,0,0,0,0,0,0,0,0,0,0,0,0,0,0,0,0,0
R243138583,0,0,0,0,0,0,0,0,0,0,0,0,0,1,0,0,0,0,0,0
R243146613,0,0,0,0,0,0,0,0,0,0,0,0,0,0,0,0,0,1,0,0
R243155009,0,0,0,0,0,0,0,0,0,0,0,0,0,0,0,0,0,0,0,0
R243160251,0,0,0,0,0,0,0,0,0,0,0,0,0,0,0,0,0,0,0,0
R243197927,0,0,0,0,1,1,0,0,0,0,1,0,0,1,0,1,0,0,0,0
R243201433,0,0,0,0,0,0,0,0,0,0,0,0,0,0,0,0,0,0,0,0
R243246063,0,0,0,0,0,1,0,0,0,0,1,1,0,0,1,0,0,1,0,0
R243261041,0,0,0,0,0,0,0,0,0,0,0,0,0,0,0,0,0,0,0,0
R243281899,0,0,0,0,0,0,0,0,0,0,0,0,0,0,0,0,0,0,0,0
R243293164,0,0,0,0,0,0,0,0,0,0,0,0,0,0,0,1,1,0,1,0
R243299410,0,0,0,0,0,0,0,0,0,0,0,0,0,0,0,0,0,0,0,0
R243302119,0,0,0,0,0,0,0,0,0,0,0,0,0,0,0,0,0,0,1,0
R243323477,0,0,0,0,0,0,0,0,0,0,0,0,0,0,0,0,0,0,0,0
R243333878,0,0,0,0,0,0,0,0,0,0,0,0,0,0,0,0,0,0,0,0
R243344145,0,0,0,0,0,0,0,0,0,0,0,0,0,0,0,0,0,0,0,0
R243344674,0,0,0,0,0,0,0,0,0,0,0,0,0,0,0,0,0,0,0,0
R243351963,0,0,0,0,0,0,0,0,0,0,1,0,0,0,0,0,0,0,0,0
R243384292,0,0,0,0,0,0,0,0,0,0,0,0,0,0,0,0,0,0,1,0
R243409286,0,0,0,0,0,0,0,0,0,0,0,0,0,0,0,0,0,0,0,0
R243443369,0,0,0,0,0,0,0,0,0,0,0,0,0,0,0,0,0,0,0,0
R243456418,0,0,0,0,0,0,0,0,0,0,0,0,0,0,0,1,1,0,1,0
R243461399,0,0,0,0,0,0,0,0,0,0,0,0,0,0,0,0,0,0,0,0
R243473130,0,0,0,0,0,0,0,0,0,0,0,0,0,0,0,0,0,0,0,0
R243476089,0,0,0,0,0,0,0,0,0,0,0,0,0,0,0,0,0,0,0,0
R243478150,0,0,0,0,0,0,0,0,0,0,0,0,0,0,0,0,0,0,0,0
R243504389,0,0,0,0,0,0,0,0,0,0,0,0,0,0,0,0,0,0,1,0
R243508275,0,0,0,0,0,0,0,0,0,0,0,0,0,0,0,0,0,0,0,0
R243509686,0,0,0,0,0,0,0,0,0,0,0,0,0,0,0,1,1,0,1,0
R243509911,0,0,0,0,0,0,0,0,0,0,0,0,0,0,0,0,0,0,0,0
R243525535,0,0,0,0,1,1,0,0,0,0,1,1,0,0,0,1,0,1,1,0
R243535709,0,0,0,0,1,1,0,0,0,0,1,0,0,0,0,0,0,0,0,0
R243544907,0,0,0,0,0,0,0,0,0,0,0,0,0,0,0,0,0,1,1,0
R243582621,0,0,0,0,0,0,0,0,0,0,0,0,0,0,0,0,0,0,0,0
R243585163,0,0,0,0,0,0,0,0,0,0,0,0,0,0,0,0,0,0,0,0
R243610494,0,0,0,0,0,0,0,0,0,0,0,0,0,0,0,0,0,0,1,0
R243610599,0,0,0,0,0,0,0,0,0,0,0,0,0,1,0,0,0,0,0,0
R243648203,0,0,0,0,0,0,0,0,0,0,0,0,0,1,0,1,0,1,0,0
R243667449,0,0,0,0,0,0,0,0,1,0,0,0,0,1,0,0,0,0,0,0
R243668215,0,0,0,0,0,0,0,0,0,0,0,0,0,1,0,0,0,0,1,0
R243672215,0,0,0,0,0,0,0,0,0,0,0,0,0,0,0,0,0,0,0,0
R243680139,0,0,0,0,1,1,0,0,0,0,0,0,0,0,0,0,0,0,0,0
R243714788,0,0,0,0,0,0,0,0,0,0,0,0,0,0,0,0,0,0,1,0
R243750814,0,0,0,0,0,0,0,0,0,0,0,0,0,0,0,0,0,0,0,0
R243772480,0,0,0,0,1,1,0,0,0,0,0,0,0,0,0,0,0,0,1,0
R243812892,0,0,0,0,0,0,0,0,0,0,0,0,0,0,0,0,0,0,0,0
R243841865,0,0,0,0,0,0,0,0,0,0,0,0,0,1,0,0,0,0,0,0
R243842059,0,0,0,0,0,0,0,0,1,0,0,0,0,1,0,0,0,1,0,0
R243859972,0,0,0,0,0,0,0,0,0,0,0,0,0,0,0,0,0,1,0,0
R243860201,0,0,0,0,0,1,0,0,0,0,1,0,0,0,1,0,0,1,1,0
R243881758,0,0,0,0,0,0,0,0,0,0,0,0,0,0,0,0,0,0,0,0
R243885791,0,0,0,0,0,0,0,0,0,0,0,0,0,0,0,0,0,0,0,0
R243888535,0,0,0,0,0,0,0,0,1,0,0,0,0,1,0,0,0,0,0,0
R243911172,0,0,0,0,1,1,0,0,0,0,0,0,0,0,0,1,1,0,1,0
R243914663,0,0,0,0,0,0,0,0,0,0,0,0,0,0,0,0,0,0,0,0
R243936179,0,0,0,0,0,0,0,0,0,0,0,0,0,0,0,0,0,0,0,0
R243954459,0,0,0,0,0,0,0,0,0,0,0,0,0,0,0,0,0,0,0,0
R243976804,0,0,0,0,0,0,0,0,0,0,0,0,0,1,0,0,0,0,0,0
R244000014,0,0,0,0,0,0,0,0,0,0,0,0,0,0,0,0,0,0,0,0
R244003177,0,0,0,0,0,1,0,0,0,0,0,0,0,0,0,1,1,1,1,0
R244003263,0,0,0,0,0,0,0,0,0,0,0,0,0,0,0,0,0,0,1,0
R244004059,0,0,0,0,0,0,0,0,0,0,0,0,0,0,0,0,0,0,0,0
R244032825,0,0,0,0,0,0,0,0,0,0,0,0,0,0,0,0,0,0,0,0
R244033643,0,0,0,0,0,0,0,0,0,0,0,0,0,0,0,0,0,0,0,0
R244037857,0,0,0,0,0,0,0,0,0,0,0,0,0,0,0,0,0,0,0,0
R244055974,0,0,0,0,0,0,0,0,0,0,0,0,0,0,0,0,0,0,0,0
R244073228,0,0,0,0,0,0,0,0,0,0,0,0,0,1,0,0,0,0,0,0
R244097769,0,0,0,0,0,0,0,0,0,0,0,0,0,0,0,0,0,0,0,0
R244118713,0,0,0,0,0,0,0,0,0,0,0,0,0,0,0,1,0,0,1,0
R244124153,0,0,0,0,0,0,0,0,0,0,0,0,0,0,0,0,0,0,1,0
R244143784,0,0,0,0,0,0,0,0,0,0,0,0,0,0,0,0,0,0,0,0
R244188689,0,0,0,0,0,0,0,0,0,0,0,0,0,0,0,1,1,0,1,0
R244289088,0,0,0,0,0,0,0,0,0,0,0,0,0,0,0,0,0,0,0,0
R244318531,0,0,0,0,0,0,0,0,0,0,0,0,0,0,0,1,1,0,0,0
R244369023,0,0,0,0,0,0,0,0,0,0,0,0,0,0,0,0,0,0,1,0
R244429767,0,0,0,0,0,0,0,0,0,0,0,0,0,0,0,0,0,0,1,0
R244469259,0,0,0,0,0,0,0,0,0,0,0,0,0,0,0,0,0,0,1,0
R244471657,0,0,0,0,0,0,0,0,0,0,1,0,0,1,0,0,0,0,0,0
R244489151,0,0,0,0,0,0,0,0,0,0,0,0,0,0,0,0,0,0,1,0
R244489302,0,0,0,0,0,0,0,0,0,0,0,0,0,0,0,0,0,0,0,0
R244502240,0,0,0,0,1,1,0,0,0,0,1,0,0,1,0,0,0,0,1,0
R244536241,0,0,0,0,0,0,0,0,0,0,0,0,0,0,0,0,0,1,1,0
R244541698,0,0,0,0,0,0,0,0,0,0,0,0,0,0,0,0,0,0,0,0
R244567674,0,0,0,0,0,0,0,0,0,0,0,0,0,0,0,1,0,0,1,0
R244580422,0,0,0,0,0,0,0,0,0,0,0,0,0,0,0,0,0,0,0,0
R244586652,0,0,0,0,0,0,0,0,0,0,0,0,0,0,0,0,0,0,0,0
R244610132,0,0,0,0,0,0,0,0,0,0,1,0,0,0,0,0,0,0,0,0
R244640524,0,0,0,0,0,0,0,0,0,0,0,0,0,0,0,1,1,0,0,0
R244641741,0,0,0,0,0,0,0,0,0,0,1,0,0,0,0,0,0,0,1,0
R244650561,0,0,0,0,0,0,0,0,0,0,0,0,0,0,0,0,0,0,0,0
R244688487,0,0,0,0,1,1,0,0,0,0,1,0,0,1,0,0,0,0,0,0
R244725089,0,0,0,0,0,0,0,0,0,0,0,0,0,0,0,0,0,0,0,0
R244749421,0,0,0,0,0,0,0,0,0,0,0,0,0,0,0,0,0,0,0,0
R244757199,0,0,0,0,0,0,0,0,0,0,0,0,0,0,0,0,0,0,1,0
R244777820,0,0,0,0,0,0,0,0,0,0,0,0,0,0,0,0,0,0,0,0
R244799797,0,0,0,0,0,0,0,0,0,0,0,0,0,0,0,0,0,0,0,0
R244813814,0,0,0,0,0,0,0,0,0,0,0,0,0,0,0,0,0,0,0,0
R244825608,0,0,0,0,0,0,0,0,0,0,0,0,0,0,0,0,0,0,0,0
R244827313,0,0,0,0,0,0,0,0,0,0,0,0,0,0,0,0,0,0,1,0
R244832282,0,0,0,0,0,0,0,0,0,0,0,0,0,0,0,0,0,0,0,0
R244842294,0,0,0,0,0,0,0,0,0,0,0,0,0,0,0,0,0,0,0,0
R244866918,0,0,0,0,0,0,0,0,0,0,1,0,0,0,0,0,0,0,0,0
R244962691,0,0,0,0,0,0,0,0,0,0,0,0,0,0,0,0,0,0,0,0
R244965488,0,0,0,0,0,0,0,0,0,0,0,0,0,0,0,0,0,0,0,0
R244988914,0,0,0,0,0,0,0,0,0,0,0,1,0,0,0,0,0,1,0,0
R244993026,0,0,0,0,0,0,0,0,0,0,0,0,0,0,0,0,0,0,0,0
R245007796,0,0,0,0,0,0,0,0,0,0,0,0,0,0,0,0,0,0,0,0
R245025180,0,0,0,0,0,0,0,0,0,0,0,0,0,0,0,0,0,0,0,0
R245057449,0,0,0,0,0,0,0,0,0,0,0,0,0,0,0,0,0,0,0,0
R245076159,0,0,0,0,1,1,0,0,0,0,0,0,0,0,0,1,1,0,1,0
R245084203,0,0,0,0,1,1,0,0,1,0,1,0,0,1,0,0,0,0,1,0
R245123539,0,0,0,0,0,0,0,0,0,0,0,0,0,0,0,0,0,0,1,0
R245131418,0,0,0,0,0,0,0,0,0,0,0,0,0,0,0,0,0,0,0,0
R245157223,0,0,0,0,0,0,0,0,0,0,0,0,0,0,0,0,0,0,1,0
R245161279,0,0,0,0,0,0,0,0,0,0,0,0,0,0,0,0,0,0,0,0
R245213413,0,0,0,0,0,0,0,0,0,0,0,0,0,0,0,0,0,0,1,0
R245227667,0,0,0,0,0,0,0,0,0,0,0,0,0,0,0,0,0,0,0,0
R245241934,0,0,0,0,0,0,0,0,0,0,0,0,0,0,0,0,0,0,1,0
R245250096,0,0,0,0,0,0,0,0,0,0,1,0,0,0,0,0,0,0,1,0
R245254278,0,0,0,0,0,0,0,0,0,0,0,0,0,0,0,0,0,0,0,0
R245324041,0,0,0,0,0,0,0,0,0,0,0,0,0,0,0,0,0,0,0,0
R245329529,0,0,0,0,0,0,0,0,0,0,0,0,0,0,0,0,0,0,0,0
R245330044,0,0,0,0,0,0,0,0,0,0,0,0,0,1,0,1,0,1,0,0
R245333563,0,0,0,0,0,0,0,0,0,0,0,0,0,0,0,0,0,0,0,0
R245333698,0,0,0,0,0,0,0,0,0,0,0,0,0,0,0,0,0,0,0,0
R245353568,0,0,0,0,0,0,0,0,0,0,0,0,0,0,0,0,0,1,0,0
R245367756,0,0,0,0,0,0,0,0,0,0,0,0,0,0,0,0,0,1,0,0
R245381578,0,0,0,0,1,1,0,0,0,0,0,0,0,1,0,0,0,1,1,0
R245382366,0,0,0,0,0,0,0,0,0,0,0,0,0,0,0,1,1,0,0,0
R245390355,0,0,0,0,0,0,0,0,0,0,0,0,0,0,0,0,0,0,0,0
R245395868,0,0,0,0,0,0,0,0,0,0,0,0,0,0,0,0,0,0,0,0
R245418581,0,0,0,0,0,0,0,0,0,0,0,0,0,0,0,0,0,0,0,0
R245423367,0,0,0,0,0,0,0,0,0,0,0,0,0,0,0,0,0,0,0,0
R245428929,0,0,0,0,0,0,0,0,0,0,0,0,0,0,0,0,0,0,0,0
R245444484,0,0,0,0,0,0,0,0,0,0,0,0,0,0,0,0,0,0,0,0
R245484511,0,0,0,0,0,0,0,0,0,0,0,0,0,0,0,1,1,0,1,0
R245485968,0,0,0,0,0,0,0,0,0,0,0,0,0,0,0,0,0,0,0,0
R245499705,0,0,0,0,0,0,0,0,0,0,0,0,0,0,0,1,1,0,1,0
R245538878,0,0,0,0,0,1,0,0,0,0,1,0,0,0,0,1,0,0,1,0
R245539197,0,0,0,0,0,0,0,0,0,0,1,0,0,0,0,1,1,0,1,0
R245551582,0,0,0,0,0,0,0,0,0,0,1,0,0,0,0,0,0,0,0,0
R245554163,0,0,0,0,0,0,0,0,0,0,0,0,0,0,0,0,0,0,1,0
R245568520,0,0,0,0,0,0,0,0,0,0,0,0,0,0,0,0,0,0,0,0
R245581656,0,0,0,0,0,0,0,0,0,0,0,0,0,0,0,0,0,0,0,0
R245583523,0,0,0,0,0,1,0,0,0,0,0,0,0,1,0,0,0,0,1,0
R245592059,0,0,0,0,0,0,0,0,0,0,1,0,0,0,0,0,0,1,0,0
R245622992,0,0,0,0,0,0,0,0,0,0,0,0,0,0,0,0,0,0,0,0
R245630173,0,0,0,0,0,0,0,0,0,0,0,0,0,0,0,0,0,0,0,0
R245638472,0,0,0,0,0,0,0,0,0,0,0,0,0,0,0,0,0,0,1,0
R245649469,0,0,0,0,0,0,0,0,0,0,0,0,0,0,0,0,0,0,0,0
R245671950,0,0,0,0,0,0,0,0,0,0,0,0,0,0,0,0,0,1,0,0
R245698936,0,0,0,0,0,0,0,0,0,0,0,0,0,0,0,0,0,0,0,0
R245721231,0,0,0,0,1,1,0,0,0,0,0,0,0,0,0,0,0,0,0,0
R245735612,0,0,0,0,0,0,0,0,0,0,0,0,0,0,0,0,0,0,0,0
R245788826,0,0,0,0,0,0,0,0,0,0,1,0,0,0,0,0,0,0,0,0
R245817964,0,0,0,0,0,0,0,0,0,0,0,0,0,0,0,0,0,0,1,0
R245829813,0,0,0,0,0,0,0,0,0,0,0,0,0,0,0,0,0,0,0,0
R245831036,0,0,0,0,0,0,0,0,0,0,0,0,0,0,0,0,0,0,0,0
R245832463,0,0,0,0,0,0,0,0,0,0,0,0,0,0,0,0,0,0,0,0
R245844986,0,0,0,0,0,0,0,0,0,0,0,0,0,0,0,0,0,0,1,0
R245871584,0,0,0,0,0,0,0,0,0,0,0,0,0,0,0,0,0,0,1,0
R245874540,0,0,0,0,0,0,0,0,0,0,0,0,0,0,0,0,0,0,1,0
R245882245,0,0,0,0,0,0,0,0,0,0,1,0,0,0,0,0,0,0,0,0
R245886337,0,0,0,0,0,0,0,0,0,0,0,0,0,0,0,0,0,0,0,0
R245940349,0,0,0,0,0,0,0,0,0,0,0,0,0,0,0,0,0,0,0,0
R246025315,0,0,0,0,0,0,0,0,0,0,1,0,0,0,0,0,0,0,0,0
R246029863,0,0,0,0,0,0,0,0,0,0,0,0,0,0,0,0,0,0,1,0
R246045651,0,0,0,0,0,0,0,0,0,0,0,0,0,0,0,0,0,0,0,0
R246068793,0,0,0,0,0,0,0,0,0,0,0,0,0,0,0,0,0,0,0,0
R246088797,0,0,0,0,0,1,0,0,0,0,1,0,0,0,0,0,0,0,1,0
R246122579,0,0,0,0,0,0,0,0,0,0,0,0,0,0,0,0,0,0,0,0
R246124934,0,0,0,0,0,0,0,0,0,0,1,0,0,0,0,0,0,0,0,0
R246156446,0,0,0,0,0,0,0,0,0,0,0,0,0,0,0,0,0,0,0,0
R246158154,0,0,0,0,0,0,0,0,0,0,0,0,0,0,0,0,0,0,1,0
R246164199,0,0,0,0,0,0,0,0,0,0,1,0,0,0,0,0,0,0,0,0
R246242692,0,0,0,0,0,0,0,0,0,0,0,0,0,0,0,0,0,0,0,0
R246261392,0,0,0,0,0,0,0,0,0,0,0,1,0,0,0,0,0,1,0,0
R246261777,0,0,0,0,0,0,0,0,0,0,0,0,0,0,0,0,0,0,0,0
R246270064,0,0,0,0,0,0,0,0,0,0,1,0,0,0,0,0,0,1,1,0
R246272092,0,0,0,0,0,0,0,0,0,0,0,0,0,0,0,0,0,0,0,0
R246298417,0,0,0,0,0,0,0,0,0,0,1,0,0,0,0,0,0,0,0,0
R246313946,0,0,0,0,0,1,0,0,1,0,1,0,0,1,0,1,0,0,0,0
R246334570,0,0,0,0,0,0,0,0,0,0,0,0,0,0,0,0,0,0,0,0
R246360141,0,0,0,0,0,0,0,0,0,0,0,0,0,0,0,0,0,0,0,0
R246367896,0,0,0,0,0,0,0,0,0,0,1,0,0,0,0,0,0,0,0,0
R246368797,0,0,0,0,0,0,0,0,0,0,0,0,0,0,0,0,0,0,0,0
R246396780,0,0,0,0,0,0,0,0,0,0,0,0,0,0,0,0,0,0,0,0
R246434005,0,0,0,0,0,0,0,0,0,0,1,0,0,0,0,0,0,0,0,0
R246465093,0,0,0,0,1,1,0,0,0,0,1,0,0,0,0,1,0,0,1,0
R246486660,0,0,0,0,0,0,0,0,0,0,0,0,0,0,0,0,0,0,0,0
R246489921,0,0,0,0,0,0,0,0,1,0,0,0,0,1,0,1,0,0,0,0
R246509627,0,0,0,0,0,1,0,0,0,0,0,0,0,0,0,1,1,1,1,0
R246516214,0,0,0,0,0,0,0,0,0,0,0,0,0,0,0,0,0,0,1,0
R246522815,0,0,0,0,0,0,0,0,0,0,0,0,0,0,0,0,0,0,0,0
R246532601,0,0,0,0,0,0,0,0,0,0,0,0,0,0,0,0,0,0,0,0
R246537920,0,0,0,0,0,0,0,0,0,0,0,0,0,0,0,0,0,0,0,0
R246564338,0,0,0,0,0,0,0,0,0,0,0,0,0,0,0,0,0,0,0,0
R246585425,0,0,0,0,0,0,0,0,0,0,1,0,0,0,0,0,0,0,0,0
R246587913,0,0,0,0,0,0,0,0,0,0,0,0,0,0,0,0,0,0,0,0
R246595960,0,0,0,0,0,1,0,0,0,0,1,0,0,0,0,0,0,0,0,0
R246600853,0,0,0,0,0,0,0,0,0,0,1,0,0,0,0,1,0,0,0,0
R246614467,0,0,0,0,0,0,0,0,0,0,0,0,0,0,0,0,0,0,0,0
R246638227,0,0,0,0,0,0,0,0,0,0,0,0,0,0,0,0,0,0,0,0
R246654162,0,0,0,0,0,0,0,0,0,0,0,0,0,0,0,0,0,0,0,0
R246672138,0,0,0,0,0,0,0,0,0,0,0,0,0,0,0,0,0,0,0,0
R246685828,0,0,0,0,0,0,0,0,0,0,0,0,0,0,0,0,0,0,0,0
R246699272,0,0,0,0,0,0,0,0,0,0,0,0,0,0,0,0,0,0,0,0
R246718691,0,0,0,0,0,0,0,0,0,0,0,0,0,0,0,0,0,1,0,0
R246753492,0,0,0,0,0,0,0,0,0,0,0,0,0,0,0,0,0,0,0,0
R246767370,0,0,0,0,0,0,0,0,0,0,0,0,0,0,0,0,0,0,1,0
R246780133,0,0,0,0,0,0,0,0,0,0,0,0,0,0,0,0,0,0,0,0
R246782501,0,0,0,0,0,0,0,0,0,0,0,0,0,0,0,0,0,0,0,0
R246797412,0,0,0,0,0,0,0,0,0,0,1,0,0,0,0,0,0,0,0,0
R246821100,0,0,0,0,0,0,0,0,0,0,1,0,0,0,0,1,0,1,1,0
R246821151,0,0,0,0,0,0,0,0,0,0,0,0,0,0,0,0,0,0,1,0
R246889184,0,0,0,0,0,0,0,0,0,0,0,0,0,0,0,0,0,0,1,0
R246905473,0,0,0,0,0,0,0,0,0,0,0,0,0,0,0,0,0,0,0,0
R246929533,0,0,0,0,0,0,0,0,0,0,0,0,0,0,0,0,0,0,0,0
R246948239,0,0,0,0,0,0,0,0,0,0,0,0,0,0,0,0,0,0,0,0
R247003570,0,0,0,0,1,1,0,0,0,0,1,0,0,0,0,1,0,0,1,0
R247021620,0,0,0,0,0,0,0,0,0,0,0,0,0,0,0,0,0,0,1,0
R247049733,0,0,0,0,0,0,0,0,0,0,0,0,0,0,0,0,0,0,0,0
R247050330,0,0,0,0,0,0,0,0,0,0,0,0,0,0,0,0,0,0,0,0
R247078061,0,0,0,0,0,0,0,0,0,0,0,0,0,0,0,1,1,0,1,0
R247087785,0,0,0,0,0,0,0,0,0,0,0,1,0,0,0,1,0,1,0,0
R247170480,0,0,0,0,0,0,0,0,0,0,1,0,0,0,0,0,0,0,0,0
R247176862,0,0,0,0,0,0,0,0,0,0,0,0,0,0,0,0,0,0,0,0
R247184153,0,0,0,0,0,0,0,0,0,0,1,0,0,0,0,0,0,0,0,0
R247199413,0,0,0,0,1,1,0,0,0,0,1,1,0,1,0,0,0,1,0,0
R247223051,0,0,0,0,0,0,0,0,0,0,1,1,0,0,0,0,0,1,0,0
R247234874,0,0,0,0,0,0,0,0,0,0,0,0,0,0,0,0,0,0,0,0
R247238032,0,0,0,0,0,0,0,0,0,0,0,0,0,1,0,0,0,0,0,0
R247245283,0,0,0,0,0,0,0,0,0,0,0,0,0,0,0,1,0,0,1,0
R247256862,0,0,0,0,0,0,0,0,0,0,1,0,0,0,0,0,0,0,0,0
R247312382,0,0,0,0,0,0,0,0,0,0,0,0,0,0,0,0,0,0,0,0
R247350037,0,0,0,0,0,0,0,0,0,0,0,0,0,0,0,0,0,0,0,0
R247355723,0,0,0,0,0,0,0,0,0,0,0,0,0,0,0,0,0,0,1,0
R247396637,0,0,0,0,0,0,0,0,0,0,0,0,0,0,0,0,0,0,0,0
R247403211,0,0,0,0,1,1,0,0,0,0,0,0,0,0,0,1,0,0,1,0
R247406398,0,0,0,0,0,0,0,0,0,0,0,0,0,0,0,0,0,0,0,0
R247426944,0,0,0,0,0,0,0,0,0,0,0,0,0,0,0,0,0,0,0,0
R247429195,0,0,0,0,0,0,0,0,0,0,0,0,0,0,0,0,0,0,0,0
R247459531,0,0,0,0,0,0,0,0,0,0,0,0,0,0,0,0,0,0,0,0
R247488325,0,0,0,0,0,0,0,0,0,0,0,0,0,0,0,0,0,0,0,0
R247494512,0,0,0,0,0,0,0,0,0,0,0,0,0,0,0,0,0,0,1,0
R247528171,0,0,0,0,0,0,0,0,0,0,0,0,0,0,0,0,0,0,0,0
R247534622,0,0,0,0,0,0,0,0,0,0,0,0,0,0,0,0,0,1,0,0
R247577036,0,0,0,0,0,0,0,0,0,0,0,0,0,0,0,0,0,0,0,0
R247587647,0,0,0,0,0,0,0,0,0,0,0,0,0,0,0,1,1,0,1,0
R247593312,0,0,0,0,0,0,0,0,0,0,1,0,0,0,0,1,0,0,0,0
R247597739,0,0,0,0,0,0,0,0,0,0,1,0,0,0,0,0,0,0,0,0
R247619434,0,0,0,0,0,0,0,0,0,0,0,0,0,0,0,0,0,0,0,0
R247635681,0,0,0,0,0,0,0,0,0,0,1,0,0,0,0,0,0,0,1,0
R247644782,0,0,0,0,1,1,0,0,0,0,1,0,0,0,0,1,0,0,0,0
R247666715,0,0,0,0,0,0,0,0,0,0,0,0,0,0,0,0,0,0,0,0
R247676413,0,0,0,0,0,0,0,0,0,0,0,0,0,1,0,1,1,1,0,0
R247691318,0,0,0,0,1,1,0,0,1,0,0,0,0,1,0,1,0,1,1,0
R247716111,0,0,0,0,0,0,0,0,0,0,0,0,0,0,0,0,0,0,0,0
R247721281,0,0,0,0,0,0,0,0,0,0,0,0,0,0,0,1,1,0,1,0
R247732474,0,0,0,0,0,0,0,0,0,0,1,0,0,0,0,0,0,1,0,0
R247737391,0,0,0,0,0,0,0,0,0,0,0,0,0,0,0,0,0,0,0,0
R247743004,0,0,0,0,0,0,0,0,0,0,0,0,0,0,0,0,0,0,0,0
R247744876,0,0,0,0,0,0,0,0,0,0,0,0,0,0,0,0,0,0,0,0
R247746317,0,0,0,0,0,0,0,0,0,0,1,0,0,0,0,0,0,0,1,0
R247746762,0,0,0,0,0,0,0,0,0,0,0,0,0,0,0,0,0,0,0,0
R247778802,0,0,0,0,0,0,0,0,0,0,0,0,0,0,0,0,0,0,0,0
R247793975,0,0,0,0,1,1,0,0,0,0,0,0,0,0,0,1,0,0,1,0
R247827011,0,0,0,0,0,0,0,0,0,0,0,0,0,0,0,0,0,0,0,0
R247846272,0,0,0,0,0,0,0,0,0,0,0,0,0,0,0,1,0,0,1,0
R247851460,0,0,0,0,0,0,0,0,0,0,0,0,0,0,0,0,0,0,1,0
R247856923,0,0,0,0,0,0,0,0,0,0,0,0,0,0,0,0,0,0,0,0
R247873127,0,0,0,0,0,0,0,0,0,0,0,0,0,0,0,0,0,0,0,0
R247923703,0,0,0,0,0,0,0,0,0,0,0,0,0,0,0,0,0,0,0,0
R247929272,0,0,0,0,0,0,0,0,0,0,0,0,0,0,0,0,0,0,0,0
R247958106,0,0,0,0,0,0,0,0,0,0,1,0,0,0,0,0,0,0,0,0
R248052500,0,0,0,0,1,1,0,0,0,0,1,0,0,0,0,1,0,0,1,0
R248055940,0,0,0,0,0,0,0,0,0,0,0,0,0,0,0,0,0,0,0,0
R248068320,0,0,0,0,0,0,0,0,0,0,0,0,0,0,0,0,0,0,0,0
R248106300,0,0,0,0,1,1,0,0,0,0,0,0,0,0,1,0,0,0,0,0
R248110467,0,0,0,0,0,0,0,0,0,0,0,0,0,0,0,0,0,0,0,0
R248123309,0,0,0,0,0,0,0,0,0,0,0,0,0,0,0,0,0,0,0,0
R248133697,0,0,0,0,0,0,0,0,0,0,1,0,0,0,0,0,0,0,0,0
R248141854,0,0,0,0,0,0,0,0,0,0,0,0,0,0,0,0,0,0,0,0
R248150230,0,0,0,0,0,0,0,0,0,0,1,0,0,0,0,0,0,0,0,0
R248168156,0,0,0,0,0,0,0,0,0,0,0,0,0,0,0,0,0,0,0,0
R248173624,0,0,0,0,0,0,0,0,0,0,0,0,0,0,0,0,0,0,1,0
R248191562,0,0,0,0,0,0,0,0,0,0,0,0,0,0,0,0,0,0,0,0
R248192261,0,0,0,0,0,0,0,0,0,0,0,0,0,0,0,0,0,0,0,0
R248201626,0,0,0,0,1,1,0,0,1,0,0,0,0,1,0,1,1,0,1,0
R248234076,0,0,0,0,0,0,0,0,0,0,0,0,0,0,0,0,0,0,0,0
R248235371,0,0,0,0,0,0,0,0,0,0,0,0,0,1,0,0,0,0,0,0
R248240640,0,0,0,0,0,0,0,0,0,0,1,0,0,0,0,0,0,0,0,0
R248243503,0,0,0,0,0,0,0,0,0,0,0,0,0,0,0,0,0,0,0,0
R248263715,0,0,0,0,1,1,0,0,0,0,0,0,0,0,0,1,1,0,1,0
R248285741,0,0,0,0,0,0,0,0,0,0,0,1,0,0,0,0,0,1,0,0
R248285934,0,0,0,0,0,0,0,0,0,0,0,1,0,0,0,0,0,1,0,0
R248296362,0,0,0,0,0,0,0,0,0,0,0,0,0,0,0,0,0,0,0,0
R248308335,0,0,0,0,0,0,0,0,0,0,0,0,0,0,0,0,0,1,0,0
R248315641,0,0,0,0,0,1,0,0,0,0,0,0,0,0,0,1,0,0,0,0
R248318365,0,0,0,0,0,0,0,0,0,0,0,0,0,0,0,0,0,0,0,0
R248340786,0,0,0,0,0,0,0,0,0,0,1,0,0,0,0,0,0,0,0,0
R248345769,0,0,0,0,0,0,0,0,0,0,0,0,0,0,0,0,0,0,1,0
R248355785,0,0,0,0,0,0,0,0,0,0,0,0,0,0,0,0,0,0,1,0
R248381931,0,0,0,0,1,1,0,0,0,0,0,0,0,1,0,0,0,0,0,0
R248391456,0,0,0,0,0,0,0,0,0,0,0,0,0,1,0,0,0,0,0,0
R248430695,0,0,0,0,0,0,0,0,0,0,1,0,0,0,0,1,0,0,0,0
R248454074,0,0,0,0,0,0,0,0,0,0,0,0,0,0,0,0,0,0,0,0
R248481705,0,0,0,0,0,0,0,0,0,0,0,0,0,0,0,0,0,0,0,0
R248488358,0,0,0,0,0,0,0,0,0,0,0,0,0,0,0,0,0,0,0,0
R248490617,0,0,0,0,0,0,0,0,0,0,0,0,0,0,0,0,0,0,1,0
R248495386,0,0,0,0,0,0,0,0,0,0,0,0,0,0,0,0,0,0,0,0
R248495471,0,0,0,0,0,0,0,0,0,0,0,0,0,0,0,0,0,0,0,0
R248513128,0,0,0,0,0,0,0,0,0,0,0,0,0,0,0,0,0,0,0,0
R248540542,0,0,0,0,0,0,0,0,0,0,1,0,0,0,0,0,0,0,0,0
R248552085,0,0,0,0,0,0,0,0,0,0,0,0,0,1,0,0,0,0,0,0
R248563094,0,0,0,0,0,0,0,0,0,0,0,0,0,0,0,0,0,0,1,0
R248579212,0,0,0,0,0,0,0,0,0,0,0,0,0,0,0,0,0,0,0,0
R248585880,0,0,0,0,0,0,0,0,0,0,0,0,0,0,0,0,0,0,0,0
R248599423,0,0,0,0,0,0,0,0,0,0,1,0,0,0,0,0,0,0,1,0
R248609085,0,0,0,0,1,1,0,0,0,0,0,1,0,0,0,1,1,1,1,0
R248611691,0,0,0,0,1,1,0,0,0,0,0,0,0,0,0,1,1,0,1,0
R248630116,0,0,0,0,0,0,0,0,0,0,0,0,0,0,0,0,0,0,0,0
R248635298,0,0,0,0,0,0,0,0,0,0,0,0,0,0,0,0,0,0,0,0
R248682959,0,0,0,0,0,0,0,0,0,0,0,0,0,0,0,1,0,0,0,0
R248705361,0,0,0,0,0,0,0,0,0,0,0,0,0,0,0,0,0,0,0,0
R248708940,0,0,0,0,0,0,0,0,0,0,0,0,0,0,0,0,0,0,0,0
R248728253,0,0,0,0,0,0,0,0,0,0,0,0,0,0,0,0,0,0,0,0
R248729198,0,0,0,0,0,0,0,0,0,0,1,0,0,1,0,0,0,0,0,0
R248733472,0,0,0,0,0,0,0,0,0,0,0,0,0,0,0,0,0,0,1,0
R248739451,0,0,0,0,0,0,0,0,0,0,0,0,0,0,0,0,0,0,0,0
R248742148,0,0,0,0,0,0,0,0,0,0,0,0,0,0,0,0,0,0,1,0
R248812207,0,0,0,0,0,0,0,0,0,0,0,0,0,0,0,0,0,0,0,0
R248814829,0,0,0,0,1,1,0,0,1,0,0,0,0,1,1,0,0,0,1,0
R248862478,0,0,0,0,0,0,0,0,0,0,0,0,0,0,0,0,0,0,0,0
R248877283,0,0,0,0,0,0,0,0,0,0,0,0,0,0,0,0,0,0,0,0
R248962129,0,0,0,0,0,0,0,0,0,0,0,0,0,0,0,0,0,0,0,0
R248983281,0,0,0,0,0,0,0,0,0,0,0,0,0,0,0,0,0,0,0,0
R249033405,0,0,0,0,0,0,0,0,0,0,0,0,0,1,0,1,1,0,1,0
R249055509,0,0,0,0,0,0,0,0,0,0,0,0,0,0,0,0,0,0,0,0
R249085591,0,0,0,0,0,0,0,0,0,0,0,0,0,0,0,0,0,0,0,0
R249116932,0,0,0,0,0,0,0,0,0,0,0,0,0,0,0,0,0,0,0,0
R249134684,0,0,0,0,0,0,0,0,0,0,0,0,0,0,0,0,0,0,0,0
R249149856,0,0,0,0,1,1,0,0,0,0,0,0,0,0,0,0,0,0,1,0
R249157965,0,0,0,0,0,1,0,0,0,0,1,0,0,0,0,1,0,0,0,0
R249187631,0,0,0,0,0,0,0,0,0,0,0,0,0,0,0,0,0,0,0,0
R249187656,0,0,0,0,0,0,0,0,0,0,0,0,0,0,0,0,0,0,0,0
R249193473,0,0,0,0,0,0,0,0,0,0,0,0,0,0,0,0,0,0,0,0
R249217269,0,0,0,0,0,0,0,0,0,0,0,0,0,0,0,0,0,0,0,0
R249246927,0,0,0,0,0,0,0,0,0,0,0,0,0,0,0,1,1,0,1,0
R249280692,0,0,0,0,0,1,0,0,0,0,1,0,0,0,0,0,0,0,1,0
R249308556,0,0,0,0,0,0,0,0,0,0,0,0,0,0,0,0,0,0,0,0
R249319200,0,0,0,0,0,0,0,0,0,0,0,0,0,0,0,0,0,0,0,0
R249395041,0,0,0,0,0,0,0,0,0,0,0,0,0,0,0,0,0,0,0,0
R249408167,0,0,0,0,0,0,0,0,0,0,0,0,0,0,0,0,0,0,0,0
R249438769,0,0,0,0,1,1,0,0,0,0,0,0,0,0,0,0,0,0,1,0
R249448940,0,0,0,0,0,0,0,0,0,0,0,0,0,0,0,0,0,0,0,0
R249467331,0,0,0,0,0,0,0,0,0,0,1,0,0,1,0,1,1,0,1,0
R249470065,0,0,0,0,0,0,0,0,0,0,0,0,0,0,0,0,0,0,0,0
R249484962,0,0,0,0,0,0,0,0,0,0,0,0,0,0,0,0,0,0,0,0
R249494126,0,0,0,0,0,0,0,0,0,0,0,0,0,0,0,1,0,0,1,0
R249521514,0,0,0,0,0,0,0,0,0,0,0,0,0,0,0,1,1,0,1,0
R249543264,0,0,0,0,0,0,0,0,0,0,0,0,0,0,0,0,0,0,0,0
R249582141,0,0,0,0,0,0,0,0,0,0,0,0,0,0,0,0,0,0,0,0
R249587098,0,0,0,0,0,1,0,0,0,0,1,0,0,0,1,0,0,0,1,0
R249607937,0,0,0,0,0,0,0,0,0,0,0,0,0,0,0,0,0,0,1,0
R249612344,0,0,0,0,0,1,0,0,0,0,1,0,0,0,0,0,0,0,0,0
R249635488,0,0,0,0,0,0,0,0,0,0,0,0,0,0,0,0,0,0,0,0
R249761077,0,0,0,0,0,0,0,0,0,0,0,0,0,0,0,0,0,0,0,0
R249763577,0,0,0,0,0,0,0,0,0,0,0,0,0,0,0,0,0,0,0,0
R249770348,0,0,0,0,0,1,0,0,0,0,0,0,0,1,1,0,0,0,1,0
R249771988,0,0,0,0,0,0,0,0,0,0,0,0,0,1,0,0,0,1,0,0
R249777414,0,0,0,0,0,0,0,0,0,0,0,0,0,0,0,0,0,0,0,0
R249813869,0,0,0,0,0,0,0,0,0,0,0,0,0,0,0,0,0,0,0,0
R249826367,0,0,0,0,1,1,0,0,0,0,1,0,0,0,0,1,0,0,0,0
R249878727,0,0,0,0,1,1,0,0,1,0,0,0,0,1,0,1,0,0,1,0
R249886339,0,0,0,0,1,1,0,0,1,0,1,0,0,1,0,0,0,1,0,0
R249909400,0,0,0,0,0,0,0,0,0,0,0,0,0,0,0,0,0,0,0,0
R249943270,0,0,0,0,0,0,0,0,0,0,0,0,0,0,0,0,0,0,1,0
R249954856,0,0,0,0,0,0,0,0,0,0,0,0,0,0,0,0,0,0,0,0
R249961498,0,0,0,0,0,0,0,0,0,0,1,0,0,0,0,0,0,0,0,0
R249975049,0,0,0,0,0,0,0,0,0,0,1,0,0,0,0,0,0,0,0,0
R249986485,0,0,0,0,0,1,0,0,0,0,0,0,0,0,0,0,0,0,0,0
R249994722,0,0,0,0,0,0,0,0,0,0,0,0,0,0,0,0,0,1,0,0
R249997680,0,0,0,0,0,0,0,0,0,0,0,0,0,0,0,1,1,0,1,0
R250004650,0,0,0,0,0,0,0,0,0,0,0,0,0,0,0,0,0,0,0,0
R250040508,0,0,0,0,0,0,0,0,0,0,0,0,0,0,0,0,0,0,1,0
R250064438,0,0,0,0,1,1,0,0,0,0,0,0,0,0,0,0,0,0,1,0
R250068193,0,0,0,0,0,0,0,0,0,0,0,0,0,0,0,0,0,0,0,0
R250080969,0,0,0,0,0,0,0,0,0,0,0,0,0,0,0,1,0,1,1,0
R250149690,0,0,0,0,0,1,0,0,0,0,0,1,0,0,0,0,0,1,0,0
R250150265,0,0,0,0,0,0,0,0,0,0,0,0,0,0,0,0,0,0,0,0
R250182350,0,0,0,0,0,0,0,0,0,0,0,0,0,0,0,0,0,0,0,0
R250189430,0,0,0,0,1,1,0,0,0,0,1,1,0,1,0,1,0,1,0,0
R250207025,0,0,0,0,0,0,0,0,0,0,0,0,0,0,0,0,0,0,0,0
R250212622,0,0,0,0,0,0,0,0,0,0,0,0,0,0,0,0,0,0,0,0
R250215144,0,0,0,0,1,1,0,0,0,0,1,0,0,0,0,0,0,0,0,0
R250215757,0,0,0,0,0,0,0,0,0,0,0,0,0,0,0,0,0,0,0,0
R250219002,0,0,0,0,0,0,0,0,0,0,0,0,0,0,0,0,0,0,0,0
R250268795,0,0,0,0,0,1,0,0,0,0,0,1,0,1,0,1,1,1,1,0
R250293217,0,0,0,0,0,0,0,0,0,0,0,1,0,0,0,0,0,1,0,0
R250293478,0,0,0,0,0,0,0,0,0,0,1,0,0,0,0,0,0,0,1,0
R250295782,0,0,0,0,0,0,0,0,0,0,0,0,0,0,0,0,0,0,0,0
R250296740,0,0,0,0,0,0,0,0,0,0,0,0,0,0,0,0,0,0,0,0
R250359995,0,0,0,0,0,0,0,0,1,0,0,0,0,1,0,0,0,0,0,0
R250365176,0,0,0,0,0,0,0,0,0,0,0,0,0,0,0,0,0,0,0,0
R250401163,0,0,0,0,0,0,0,0,0,0,0,0,0,0,0,0,0,0,0,0
R250455199,0,0,0,0,0,0,0,0,0,0,0,0,0,1,0,0,0,0,0,0
R250474120,0,0,0,0,0,0,0,0,0,0,0,0,0,0,0,1,0,1,0,0
R250503082,0,0,0,0,0,0,0,0,0,0,1,0,0,0,0,0,0,0,0,0
R250530752,0,0,0,0,0,0,0,0,0,0,0,0,0,0,0,1,0,0,1,0
R250536246,0,0,0,0,0,0,0,0,0,0,0,0,0,0,0,0,0,0,1,0
R250567001,0,0,0,0,0,1,0,0,0,0,0,0,0,0,0,1,1,1,0,0
R250572943,0,0,0,0,0,0,0,0,0,0,0,0,0,0,0,0,0,0,0,0
R250576083,0,0,0,0,0,0,0,0,0,0,0,0,0,0,0,0,0,0,0,0
R250593377,0,0,0,0,0,0,0,0,0,0,0,0,0,0,0,0,0,0,1,0
R250607981,0,0,0,0,0,0,0,0,0,0,0,0,0,0,0,0,0,0,0,0
R250609634,0,0,0,0,1,1,0,0,0,0,0,0,0,0,1,0,0,0,0,0
R250627990,0,0,0,0,0,0,0,0,0,0,0,0,0,0,0,0,0,0,0,0
R250640155,0,0,0,0,0,0,0,0,0,0,0,0,0,0,0,0,0,0,0,0
R250648121,0,0,0,0,1,1,0,0,0,0,1,0,0,1,0,1,0,0,0,0
R250663430,0,0,0,0,0,0,0,0,0,0,0,0,0,0,0,0,0,0,0,0
R250665737,0,0,0,0,0,0,0,0,0,0,0,0,0,0,0,0,0,0,0,0
R250686812,0,0,0,0,0,0,0,0,0,0,0,0,0,0,0,0,0,0,0,0
R250709616,0,0,0,0,0,0,0,0,0,0,0,0,0,1,0,0,0,0,0,0
R250715425,0,0,0,0,0,0,0,0,0,0,0,0,0,0,0,0,0,0,1,0
R250769870,0,0,0,0,0,0,0,0,0,0,1,0,0,0,0,0,0,0,0,0
R250771208,0,0,0,0,0,0,0,0,0,0,0,0,0,0,0,0,0,0,0,0
R250774122,0,0,0,0,1,1,0,0,1,0,1,0,0,1,0,1,1,0,1,0
R250830120,0,0,0,0,0,0,0,0,0,0,0,0,0,0,0,1,0,0,0,0
R250832348,0,0,0,0,0,0,0,0,0,0,1,0,0,0,0,0,0,0,0,0
R250839234,0,0,0,0,0,0,0,0,0,0,0,1,0,0,0,0,0,1,1,0
R250839900,0,0,0,0,0,0,0,0,0,0,0,0,0,0,0,1,0,0,0,0
R250850860,0,0,0,0,0,0,0,0,0,0,0,0,0,0,0,0,0,0,0,0
R250855560,0,0,0,0,0,0,0,0,0,0,0,0,0,0,0,1,1,0,1,0
R250864174,0,0,0,0,0,0,0,0,0,0,0,0,0,0,0,0,0,0,0,0
R250866824,0,0,0,0,0,0,0,0,0,0,0,0,0,0,0,0,0,0,1,0
R250887452,0,0,0,0,0,0,0,0,0,0,0,0,0,0,0,0,0,0,0,0
R250897217,0,0,0,0,0,0,0,0,0,0,0,0,0,0,0,0,0,0,1,0
R250931875,0,0,0,0,0,0,0,0,0,0,0,0,0,0,0,0,0,0,0,0
R250983008,0,0,0,0,0,0,0,0,0,0,1,0,0,0,0,0,0,0,0,0
R250983061,0,0,0,0,0,0,0,0,0,0,0,0,0,0,0,0,0,0,0,0
R250983200,0,0,0,0,0,1,0,0,0,0,1,0,0,0,1,0,0,0,0,0
R251056422,0,0,0,0,0,0,0,0,0,0,0,0,0,0,0,0,0,0,0,0
R251081110,0,0,0,0,0,0,0,0,0,0,1,0,0,0,0,0,0,0,0,0
R251096331,0,0,0,0,0,0,0,0,0,0,0,0,0,0,0,0,0,0,0,0
R251109242,0,0,0,0,0,0,0,0,0,0,0,0,0,0,0,0,0,0,0,0
R251118992,0,0,0,0,0,0,0,0,0,0,0,0,0,0,0,0,0,0,0,0
R251128819,0,0,0,0,1,1,0,0,1,0,0,0,0,1,0,1,1,1,1,0
R251130213,0,0,0,0,0,0,0,0,0,0,0,0,0,0,0,0,0,0,0,0
R251137450,0,0,0,0,0,0,0,0,0,0,0,0,0,0,0,0,0,0,0,0
R251151234,0,0,0,0,1,1,0,0,0,0,1,0,0,1,0,0,0,0,0,0
R251171394,0,0,0,0,0,0,0,0,0,0,0,0,0,0,0,0,0,0,0,0
R251178034,0,0,0,0,0,0,0,0,0,0,1,0,0,0,0,0,0,0,0,0
R251202274,0,0,0,0,1,1,0,0,1,0,0,0,0,1,0,1,0,0,1,0
R251216745,0,0,0,0,0,0,0,0,0,0,0,0,0,0,0,0,0,0,0,0
R251218811,0,0,0,0,0,0,0,0,0,0,0,0,0,0,0,0,0,0,1,0
R251235692,0,0,0,0,0,0,0,0,0,0,0,0,0,0,0,0,0,0,0,0
R251247670,0,0,0,0,0,0,0,0,0,0,0,0,0,0,0,0,0,0,0,0
R251251439,0,0,0,0,1,1,0,0,0,0,0,0,0,0,0,0,0,0,0,0
R251261983,0,0,0,0,0,0,0,0,0,0,0,0,0,0,0,0,0,0,0,0
R251262224,0,0,0,0,0,0,0,0,0,0,0,0,0,0,0,0,0,0,0,0
R251286023,0,0,0,0,0,0,0,0,0,0,0,0,0,0,0,0,0,0,0,0
R251287868,0,0,0,0,0,0,0,0,0,0,0,0,0,0,0,0,0,0,0,0
R251338499,0,0,0,0,0,0,0,0,0,0,0,0,0,0,0,0,0,0,0,0
R251341864,0,0,0,0,0,0,0,0,0,0,0,0,0,0,0,0,0,0,0,0
R251360893,0,0,0,0,0,0,0,0,0,0,1,0,0,0,0,0,0,0,1,0
R251363973,0,0,0,0,0,0,0,0,0,0,0,0,0,0,0,1,0,1,1,0
R251384807,0,0,0,0,0,0,0,0,0,0,0,0,0,0,0,0,0,0,0,0
R251386769,0,0,0,0,0,0,0,0,0,0,0,0,0,0,0,1,0,0,1,0
R251402089,0,0,0,0,0,0,0,0,0,0,0,0,0,0,0,0,0,0,0,0
R251412698,0,0,0,0,0,0,0,0,0,0,1,0,0,0,0,0,0,0,0,0
R251423925,0,0,0,0,0,0,0,0,0,0,0,0,0,0,0,0,0,0,1,0
R251462467,0,0,0,0,0,0,0,0,0,0,0,0,0,0,0,0,0,0,0,0
R251495483,0,0,0,0,0,0,0,0,0,0,0,0,0,0,0,0,0,0,1,0
R251499275,0,0,0,0,0,1,0,0,0,0,1,0,0,1,0,1,1,0,1,0
R251501565,0,0,0,0,0,0,0,0,0,0,0,0,0,0,0,0,0,0,1,0
R251503151,0,0,0,0,0,0,0,0,0,0,0,0,0,0,0,0,0,0,0,0
R251508364,0,0,0,0,0,0,0,0,0,0,0,0,0,0,0,0,0,0,0,0
R251520932,0,0,0,0,0,1,0,0,0,0,1,0,0,0,1,0,0,1,0,0
R251576119,0,0,0,0,0,0,0,0,0,0,0,1,0,0,0,0,0,1,0,0
R251581390,0,0,0,0,0,0,0,0,0,0,0,0,0,0,0,0,0,0,0,0
R251601461,0,0,0,0,0,0,0,0,0,0,0,0,0,0,0,0,0,0,0,0
R251626097,0,0,0,0,0,0,0,0,0,0,0,0,0,0,0,0,0,0,1,0
R251627865,0,0,0,0,1,1,0,0,0,0,0,0,0,0,0,0,0,0,0,0
R251631882,0,0,0,0,0,0,0,0,0,0,0,0,0,0,0,0,0,0,0,0
R251661136,0,0,0,0,1,1,0,0,0,0,0,0,0,0,0,0,0,0,1,0
R251685412,0,0,0,0,0,0,0,0,0,0,1,0,0,0,0,0,0,0,0,0
R251699997,0,0,0,0,0,0,0,0,0,0,0,0,0,0,0,0,0,0,0,0
R251762820,0,0,0,0,1,1,0,0,0,0,0,0,0,0,0,1,0,0,0,0
R251777800,0,0,0,0,0,0,0,0,0,0,0,0,0,0,0,0,0,0,0,0
R251785521,0,0,0,0,0,0,0,0,0,0,0,0,0,0,0,0,0,0,0,0
R251794810,0,0,0,0,0,0,0,0,0,0,0,0,0,0,0,0,0,0,1,0
R251820624,0,0,0,0,0,0,0,0,0,0,0,0,0,0,0,0,0,0,0,0
R251833608,0,0,0,0,0,0,0,0,0,0,0,0,0,0,0,0,0,0,0,0
R251855573,0,0,0,0,0,0,0,0,0,0,0,0,0,0,0,0,0,0,0,0
R251878289,0,0,0,0,0,0,0,0,0,0,0,0,0,0,0,0,0,0,0,0
R251895739,0,0,0,0,1,1,0,0,0,0,1,0,0,0,0,0,0,0,0,0
R251896906,0,0,0,0,0,0,0,0,0,0,0,0,0,0,0,0,0,0,0,0
R251907896,0,0,0,0,0,0,0,0,0,0,0,0,0,0,0,0,0,0,0,0
R251915003,0,0,0,0,0,0,0,0,0,0,0,0,0,0,0,0,0,0,0,0
R251923570,0,0,0,0,0,0,0,0,0,0,0,0,0,0,0,0,0,0,0,0
R251931233,0,0,0,0,0,0,0,0,0,0,0,0,0,0,0,0,0,0,0,0
R251941457,0,0,0,0,0,1,0,0,0,0,1,0,0,0,0,0,0,0,0,0
R251969853,0,0,0,0,0,0,0,0,0,0,0,0,0,0,0,0,0,0,0,0
R251993061,0,0,0,0,0,0,0,0,0,0,0,0,0,0,0,0,0,0,0,0
R252015294,0,0,0,0,0,0,0,0,0,0,1,0,0,0,0,0,0,0,0,0
R252039258,0,0,0,0,0,0,0,0,0,0,0,0,0,0,0,0,0,0,0,0
R252043505,0,0,0,0,0,0,0,0,0,0,0,0,0,0,0,0,0,0,0,0
R252048978,0,0,0,0,0,0,0,0,0,0,1,0,0,0,0,0,0,0,0,0
R252060540,0,0,0,0,0,0,0,0,0,0,0,0,0,0,0,0,0,0,0,0
R252088072,0,0,0,0,1,1,0,0,0,0,1,0,0,0,0,0,0,0,1,0
R252090163,0,0,0,0,0,0,0,0,0,0,0,0,0,0,0,0,0,0,0,0
R252092465,0,0,0,0,0,0,0,0,0,0,0,0,0,0,0,0,0,0,0,0
R252132267,0,0,0,0,0,0,0,0,0,0,0,0,0,0,0,0,0,0,0,0
R252189823,0,0,0,0,0,0,0,0,0,0,0,0,0,0,0,0,0,0,0,0
R252230784,0,0,0,0,0,0,0,0,0,0,1,0,0,0,0,0,0,1,0,0
R252234128,0,0,0,0,0,0,0,0,0,0,0,0,0,0,0,0,0,0,0,0
R252246208,0,0,0,0,0,0,0,0,0,0,0,0,0,0,0,1,1,0,1,0
R252250824,0,0,0,0,0,0,0,0,0,0,0,0,0,0,0,0,0,0,1,0
R252268954,0,0,0,0,0,0,0,0,0,0,0,0,0,0,0,0,0,0,0,0
R252287265,0,0,0,0,0,0,0,0,0,0,0,0,0,0,0,1,1,0,1,0
R252318553,0,0,0,0,0,0,0,0,0,0,0,0,0,0,0,0,0,0,1,0
R252321836,0,0,0,0,0,1,0,0,1,0,0,0,0,1,0,0,0,0,0,0
R252365636,0,0,0,0,0,0,0,0,0,0,0,0,0,0,0,0,0,0,0,0
R252385516,0,0,0,0,0,0,0,0,0,0,0,0,0,0,0,0,0,0,1,0
R252395250,0,0,0,0,0,0,0,0,0,0,0,0,0,0,0,0,0,0,0,0
R252426124,0,0,0,0,0,0,0,0,0,0,0,0,0,0,0,0,0,0,1,0
R252449143,0,0,0,0,0,0,0,0,0,0,0,0,0,0,0,0,0,0,0,0
R252482827,0,0,0,0,0,0,0,0,0,0,0,0,0,0,0,0,0,0,1,0
R252484666,0,0,0,0,0,0,0,0,0,0,0,0,0,0,0,0,0,0,0,0
R252503393,0,0,0,0,1,1,0,0,0,0,1,0,0,0,1,1,1,1,1,0
R252509041,0,0,0,0,0,0,0,0,0,0,0,0,0,0,0,0,0,0,0,0
R252515089,0,0,0,0,0,0,0,0,0,0,0,0,0,0,0,0,0,0,0,0
R252536304,0,0,0,0,0,0,0,0,0,0,0,0,0,0,0,0,0,0,0,0
R252630533,0,0,0,0,0,0,0,0,0,0,0,0,0,0,0,0,0,0,1,0
R252654506,0,0,0,0,0,0,0,0,0,0,0,0,0,0,0,0,0,0,0,0
R252683447,0,0,0,0,0,0,0,0,0,0,0,1,0,0,0,0,0,1,0,0
R252694534,0,0,0,0,0,0,0,0,0,0,0,0,0,0,0,0,0,0,0,0
R252699816,0,0,0,0,0,0,0,0,0,0,1,0,0,0,0,0,0,0,1,0
R252703066,0,0,0,0,0,0,0,0,0,0,0,0,0,0,0,0,0,0,0,0
R252718935,0,0,0,0,0,0,0,0,0,0,0,0,0,0,0,0,0,0,0,0
R252739058,0,0,0,0,0,0,0,0,0,0,0,0,0,0,0,1,0,0,0,0
R252741990,0,0,0,0,0,0,0,0,0,0,0,0,0,0,0,0,0,0,0,0
R252745793,0,0,0,0,1,1,0,0,0,0,0,0,0,0,0,1,0,0,0,0
R252750196,0,0,0,0,0,0,0,0,0,0,0,0,0,0,0,0,0,0,0,0
R252762821,0,0,0,0,0,0,0,0,0,0,0,0,0,0,0,0,0,0,0,0
R252819508,0,0,0,0,0,0,0,0,0,0,1,0,0,0,0,1,0,0,0,0
R252825881,0,0,0,0,0,0,0,0,0,0,0,0,0,0,0,0,0,0,0,0
R252831206,0,0,0,0,0,0,0,0,0,0,1,0,0,0,0,0,0,0,1,0
R252880956,0,0,0,0,1,1,0,0,0,0,1,0,0,0,0,0,0,0,0,0
R252908459,0,0,0,0,0,0,0,0,0,0,1,0,0,0,0,0,0,0,0,0
R252953560,0,0,0,0,0,0,0,0,0,0,0,0,0,0,0,0,0,0,0,0
R252971838,0,0,0,0,1,1,0,0,0,0,1,0,0,0,0,1,0,0,1,0
R252977383,0,0,0,0,0,1,0,0,0,0,1,0,0,0,0,0,0,1,0,0
R253019961,0,0,0,0,0,0,0,0,0,0,0,0,0,0,0,0,0,0,0,0
R253091081,0,0,0,0,0,0,0,0,0,0,0,0,0,0,0,0,0,0,0,0
R253110170,0,0,0,0,1,1,0,0,0,0,1,0,0,0,0,1,0,0,1,0
R253139008,0,0,0,0,0,0,0,0,0,0,0,0,0,0,0,0,0,0,0,0
R253143090,0,0,0,0,0,0,0,0,0,0,0,0,0,0,0,0,0,0,0,0
R253156426,0,0,0,0,0,0,0,0,0,0,0,0,0,0,0,0,0,0,1,0
R253165409,0,0,0,0,0,0,0,0,0,0,0,0,0,0,0,0,0,0,0,0
R253170385,0,0,0,0,0,0,0,0,0,0,0,0,0,0,0,0,0,0,0,0
R253176723,0,0,0,0,0,0,0,0,0,0,0,0,0,0,0,0,0,0,0,0
R253218421,0,0,0,0,0,0,0,0,0,0,0,0,0,0,0,0,0,0,0,0
R253225828,0,0,0,0,1,1,0,0,0,0,0,0,0,0,0,0,0,0,0,0
R253232024,0,0,0,0,0,0,0,0,0,0,0,0,0,0,0,0,0,0,0,0
R253242039,0,0,0,0,0,0,0,0,0,0,0,0,0,0,0,0,0,0,0,0
R253252633,0,0,0,0,0,0,0,0,0,0,1,0,0,0,0,1,0,0,1,0
R253258832,0,0,0,0,0,0,0,0,0,0,0,0,0,0,0,0,0,0,1,0
R253301655,0,0,0,0,0,0,0,0,0,0,0,0,0,0,0,0,0,0,0,0
R253305559,0,0,0,0,1,1,0,0,0,0,1,1,0,0,0,0,0,1,0,0
R253349815,0,0,0,0,0,1,0,0,0,0,0,0,0,1,1,1,0,1,1,0
R253368606,0,0,0,0,0,0,0,0,0,0,0,0,0,0,0,0,0,0,0,0
R253398883,0,0,0,0,0,0,0,0,0,0,0,0,0,0,0,1,1,0,1,0
R253402622,0,0,0,0,0,0,0,0,0,0,0,0,0,0,0,0,0,0,0,0
R253404765,0,0,0,0,0,0,0,0,0,0,1,0,0,0,0,0,0,0,0,0
R253420835,0,0,0,0,0,0,0,0,0,0,0,0,0,1,0,0,0,0,0,0
R253428498,0,0,0,0,0,0,0,0,0,0,0,0,0,0,0,0,0,0,0,0
R253472591,0,0,0,0,0,0,0,0,0,0,0,0,0,0,0,1,0,0,0,0
R253478713,0,0,0,0,0,0,0,0,0,0,0,0,0,0,0,0,0,0,0,0
R253498776,0,0,0,0,0,0,0,0,0,0,0,0,0,0,0,0,0,0,0,0
R253502714,0,0,0,0,0,0,0,0,0,0,1,0,0,1,0,0,0,0,1,0
R253504376,0,0,0,0,0,0,0,0,0,0,0,0,0,0,0,1,1,0,1,0
R253552412,0,0,0,0,1,1,0,0,1,0,1,0,0,1,0,0,0,0,0,0
R253557812,0,0,0,0,0,0,0,0,0,0,0,0,0,0,0,0,0,0,0,0
R253578446,0,0,0,0,0,1,0,0,0,0,1,0,0,1,0,0,0,0,1,0
R253583338,0,0,0,0,1,1,0,0,0,0,0,0,0,0,0,0,0,0,0,0
R253683245,0,0,0,0,0,1,0,0,0,0,0,0,0,0,0,0,0,0,0,0
R253688244,0,0,0,0,1,1,0,0,0,0,0,0,0,0,0,1,0,0,1,0
R253695020,0,0,0,0,0,0,0,0,0,0,0,0,0,0,0,0,0,0,1,0
R253695909,0,0,0,0,0,0,0,0,0,0,0,0,0,0,0,0,0,0,0,0
R253708202,0,0,0,0,0,0,0,0,0,0,0,0,0,0,0,0,0,0,0,0
R253720989,0,0,0,0,0,0,0,0,0,0,0,0,0,0,0,0,0,0,1,0
R253724746,0,0,0,0,0,0,0,0,0,0,0,0,0,1,0,0,0,0,0,0
R253729591,0,0,0,0,0,0,0,0,0,0,0,0,0,0,0,0,0,0,1,0
R253730259,0,0,0,0,0,0,0,0,0,0,0,0,0,0,0,0,0,0,1,0
R253734807,0,0,0,0,0,0,0,0,0,0,0,0,0,0,0,0,0,0,0,0
R253817365,0,0,0,0,0,0,0,0,1,0,1,0,0,1,0,0,0,0,1,0
R253820693,0,0,0,0,0,0,0,0,0,0,0,0,0,0,0,0,0,0,0,0
R253829317,0,0,0,0,0,0,0,0,0,0,0,0,0,0,0,0,0,0,0,0
R253838309,0,0,0,0,0,0,0,0,0,0,0,0,0,0,0,0,0,0,1,0
R253860964,0,0,0,0,0,0,0,0,0,0,0,0,0,0,0,0,0,1,0,0
R253863356,0,0,0,0,0,0,0,0,0,0,0,0,0,0,0,0,0,0,0,0
R253904202,0,0,0,0,0,1,0,0,0,0,0,0,0,0,0,0,0,0,0,0
R253909579,0,0,0,0,0,0,0,0,0,0,0,0,0,0,0,0,0,0,1,0
R253910742,0,0,0,0,0,0,0,0,0,0,0,0,0,0,0,0,0,0,0,0
R253932380,0,0,0,0,0,0,0,0,0,0,1,0,0,0,0,0,0,0,0,0
R254035362,0,0,0,0,0,0,0,0,0,0,0,0,0,0,0,0,0,0,0,0
R254042943,0,0,0,0,0,0,0,0,0,0,1,0,0,0,0,0,0,0,0,0
R254043256,0,0,0,0,0,0,0,0,0,0,0,0,0,0,0,0,0,0,0,0
R254047015,0,0,0,0,0,0,0,0,0,0,0,0,0,0,0,0,0,0,0,0
R254056713,0,0,0,0,0,0,0,0,0,0,0,0,0,0,0,0,0,0,0,0
R254081059,0,0,0,0,0,0,0,0,0,0,0,0,0,0,0,0,0,0,0,0
R254151199,0,0,0,0,0,1,0,0,0,0,0,0,0,0,0,0,0,0,0,0
R254171850,0,0,0,0,0,0,0,0,0,0,0,0,0,0,0,0,0,0,0,0
R254173196,0,0,0,0,0,0,0,0,0,0,1,0,0,0,0,0,0,0,0,0
R254183191,0,0,0,0,0,0,0,0,0,0,0,0,0,0,0,0,0,0,0,0
R254194986,0,0,0,0,0,0,0,0,0,0,0,0,0,0,0,1,0,0,1,0
R254224721,0,0,0,0,0,0,0,0,0,0,1,0,0,0,0,0,0,0,0,0
R254228476,0,0,0,0,0,0,0,0,0,0,0,0,0,0,0,1,1,0,1,0
R254229133,0,0,0,0,0,0,0,0,0,0,0,0,0,0,0,0,0,0,1,0
R254236953,0,0,0,0,0,0,0,0,0,0,0,0,0,0,0,0,0,0,0,0
R254252953,0,0,0,0,0,1,0,0,0,0,0,0,0,0,1,0,0,0,0,0
R254258328,0,0,0,0,0,0,0,0,0,0,0,0,0,0,0,0,0,0,0,0
R254281360,0,0,0,0,0,0,0,0,0,0,0,0,0,0,0,0,0,0,0,0
R254286211,0,0,0,0,0,0,0,0,0,0,0,0,0,0,0,0,0,0,0,0
R254288463,0,0,0,0,0,0,0,0,0,0,0,0,0,0,0,0,0,0,0,0
R254317474,0,0,0,0,1,1,0,0,0,0,0,0,0,1,1,0,0,1,1,0
R254356690,0,0,0,0,0,0,0,0,0,0,0,0,0,0,0,0,0,0,0,0
R254382825,0,0,0,0,0,1,0,0,0,0,1,0,0,0,0,1,0,1,0,0
R254435040,0,0,0,0,0,0,0,0,0,0,0,0,0,0,0,0,0,0,0,0
R254446534,0,0,0,0,0,0,0,0,0,0,0,0,0,0,0,0,0,0,0,0
R254464464,0,0,0,0,0,0,0,0,0,0,0,0,0,0,0,0,0,0,0,0
R254482020,0,0,0,0,0,0,0,0,0,0,0,0,0,0,0,0,0,0,0,0
R254490902,0,0,0,0,0,0,0,0,0,0,0,0,0,0,0,0,0,0,0,0
R254497838,0,0,0,0,0,0,0,0,0,0,0,0,0,0,0,0,0,0,0,0
R254508026,0,0,0,0,0,1,0,0,0,0,0,0,0,0,0,0,0,0,0,0
R254515636,0,0,0,0,0,0,0,0,0,0,0,0,0,0,0,1,1,0,1,0
R254534143,0,0,0,0,1,1,0,0,0,0,1,0,0,0,1,0,0,0,1,0
R254540277,0,0,0,0,1,1,0,0,1,0,0,0,0,1,0,1,0,0,1,0
R254564292,0,0,0,0,0,0,0,0,0,0,0,0,0,0,0,0,0,0,0,0
R254573302,0,0,0,0,0,0,0,0,0,0,0,0,0,0,0,0,0,0,0,0
R254577470,0,0,0,0,0,0,0,0,0,0,0,0,0,0,0,0,0,0,0,0
R254586768,0,0,0,0,0,1,0,0,0,0,1,0,0,0,1,1,1,0,0,0
R254595140,0,0,0,0,0,0,0,0,0,0,0,0,0,0,0,0,0,0,0,0
R254607121,0,0,0,0,0,0,0,0,0,0,1,0,0,1,0,0,0,0,1,0
R254629751,0,0,0,0,0,0,0,0,0,0,0,0,0,0,0,0,0,0,0,0
R254634881,0,0,0,0,0,1,0,0,0,0,0,0,0,0,0,0,0,0,1,0
R254669297,0,0,0,0,0,0,0,0,0,0,1,0,0,0,0,0,0,0,0,0
R254687388,0,0,0,0,0,0,0,0,0,0,0,0,0,0,0,0,0,0,1,0
R254717730,0,0,0,0,0,0,0,0,0,0,0,0,0,0,0,0,0,0,0,0
R254734964,0,0,0,0,0,0,0,0,0,0,0,0,0,0,0,0,0,0,0,0
R254752140,0,0,0,0,0,0,0,0,0,0,0,0,0,0,0,0,0,0,0,0
R254755333,0,0,0,0,0,0,0,0,0,0,0,0,0,0,0,0,0,0,0,0
R254815831,0,0,0,0,0,0,0,0,0,0,0,0,0,0,0,0,0,0,0,0
R254840128,0,0,0,0,1,1,0,0,1,0,1,0,0,1,1,0,0,0,1,0
R254842038,0,0,0,0,0,0,0,0,0,0,0,0,0,0,0,0,0,0,0,0
R254850969,0,0,0,0,0,0,0,0,0,0,0,0,0,0,0,0,0,0,0,0
R254860782,0,0,0,0,0,0,0,0,0,0,0,0,0,0,0,0,0,0,0,0
R254864728,0,0,0,0,0,0,0,0,0,0,0,0,0,0,0,0,0,0,0,0
R254897744,0,0,0,0,1,1,0,0,0,0,0,1,0,0,0,0,0,1,0,0
R254900564,0,0,0,0,0,0,0,0,0,0,0,0,0,0,0,0,0,0,0,0
R254914318,0,0,0,0,0,0,0,0,0,0,0,0,0,0,0,0,0,0,1,0
R254931947,0,0,0,0,0,0,0,0,0,0,0,0,0,1,0,1,0,0,1,0
R254982830,0,0,0,0,0,0,0,0,0,0,0,0,0,0,0,1,1,0,1,0
R255013713,0,0,0,0,0,0,0,0,0,0,1,0,0,0,0,0,0,0,0,0
R255015742,0,0,0,0,0,0,0,0,0,0,0,0,0,0,0,0,0,0,0,0
R255019758,0,0,0,0,0,0,0,0,0,0,0,0,0,0,0,0,0,0,0,0
R255034616,0,0,0,0,0,0,0,0,0,0,0,0,0,0,0,0,0,0,0,0
R255051868,0,0,0,0,0,0,0,0,0,0,1,0,0,0,0,0,0,0,0,0
R255059422,0,0,0,0,0,0,0,0,1,0,0,0,0,1,0,0,0,0,0,0
R255067293,0,0,0,0,0,0,0,0,0,0,0,0,0,0,0,0,0,0,0,0
R255102184,0,0,0,0,0,0,0,0,0,0,0,0,0,0,0,0,0,0,0,0
R255110939,0,0,0,0,0,0,0,0,0,0,0,0,0,0,0,0,0,0,0,0
R255112250,0,0,0,0,0,0,0,0,0,0,0,0,0,1,0,0,0,0,0,0
R255122039,0,0,0,0,0,0,0,0,0,0,0,0,0,0,0,0,0,0,0,0
R255136076,0,0,0,0,0,0,0,0,0,0,0,0,0,0,0,0,0,0,0,0
R255168055,0,0,0,0,0,0,0,0,0,0,0,0,0,0,0,0,0,0,0,0
R255172233,0,0,0,0,0,0,0,0,0,0,0,0,0,0,0,0,0,0,0,0
R255178426,0,0,0,0,0,0,0,0,0,0,1,0,1,0,0,0,0,0,1,0
R255191683,0,0,0,0,0,0,0,0,0,0,0,0,0,0,0,0,0,0,0,0
R255203993,0,0,0,0,0,0,0,0,0,0,0,0,0,0,0,0,0,0,0,0
R255216205,0,0,0,0,0,0,0,0,0,0,0,0,0,0,0,0,0,0,0,0
R255266695,0,0,0,0,1,1,0,0,1,0,1,0,0,1,1,0,0,0,0,0
R255280359,0,0,0,0,0,0,0,0,0,0,0,0,0,0,0,0,0,0,0,0
R255313690,0,0,0,0,0,1,0,0,0,0,0,0,0,1,0,0,0,0,0,0
R255316897,0,0,0,0,0,0,0,0,0,0,0,0,0,0,0,0,0,0,0,0
R255323491,0,0,0,0,0,0,0,0,0,0,0,0,0,0,0,0,0,0,0,0
R255354503,0,0,0,0,0,0,0,0,0,0,1,0,0,0,0,0,0,0,0,0
R255360970,0,0,0,0,0,0,0,0,0,0,0,0,0,0,0,1,1,0,0,0
R255368832,0,0,0,0,0,0,0,0,0,0,0,0,0,0,0,0,0,0,0,0
R255373963,0,0,0,0,1,1,0,0,0,0,0,0,0,0,0,0,0,0,0,0
R255378835,0,0,0,0,0,0,0,0,0,0,0,0,0,0,0,0,0,0,0,0
R255383591,0,0,0,0,0,0,0,0,0,0,0,0,0,0,0,0,0,0,1,0
R255402357,0,0,0,0,1,1,0,0,0,0,0,0,0,0,0,0,0,0,1,0
R255402472,0,0,0,0,0,0,0,0,0,0,0,0,0,0,0,0,0,0,0,0
R255447479,0,0,0,0,0,0,0,0,0,0,0,0,0,0,0,0,0,0,1,0
R255448930,0,0,0,0,0,0,0,0,0,0,0,0,0,0,0,0,0,0,0,0
R255453245,0,0,0,0,0,0,0,0,0,0,0,0,0,0,0,0,0,0,0,0
R255462416,0,0,0,0,0,0,0,0,0,0,0,0,0,0,0,0,0,0,0,0
R255471817,0,0,0,0,0,0,0,0,0,0,0,0,0,0,0,0,0,0,0,0
R255482242,0,0,0,0,0,1,0,0,0,0,1,0,0,1,0,1,0,0,0,0
R255486973,0,0,0,0,0,0,0,0,0,0,0,0,0,0,0,0,0,0,0,0
R255527644,0,0,0,0,0,0,0,0,0,0,0,0,0,0,0,0,0,0,0,0
R255567024,0,0,0,0,0,0,0,0,0,0,0,0,0,0,0,0,0,0,0,0
R255574477,0,0,0,0,0,0,0,0,0,0,0,0,0,0,0,0,0,0,0,0
R255574548,0,0,0,0,0,0,0,0,1,0,0,0,0,1,0,1,1,0,1,0
R255626324,0,0,0,0,0,0,0,0,0,0,0,0,0,0,0,0,0,0,0,0
R255632150,0,0,0,0,0,0,0,0,0,0,0,0,0,0,0,0,0,0,0,0
R255675112,0,0,0,0,0,0,0,0,0,0,0,0,0,0,0,0,0,0,1,0
R255686938,0,0,0,0,0,0,0,0,0,0,0,0,0,0,0,0,0,0,0,0
R255708809,0,0,0,0,0,0,0,0,0,0,0,0,0,0,0,0,0,0,0,0
R255718818,0,0,0,0,0,0,0,0,0,0,0,0,0,0,0,0,0,0,0,0
R255724089,0,0,0,0,0,0,0,0,0,0,0,0,0,0,0,0,0,0,1,0
R255732650,0,0,0,0,1,1,0,0,0,0,1,0,0,1,0,1,0,0,0,0
R255766767,0,0,0,0,0,0,0,0,0,0,0,0,0,0,0,0,0,0,0,0
R255778789,0,0,0,0,0,0,0,0,0,0,0,0,0,0,0,0,0,0,0,0
R255794531,0,0,0,0,0,0,0,0,0,0,0,0,0,0,0,0,0,0,0,0
R255810888,0,0,0,0,0,0,0,0,0,0,0,0,0,0,0,0,0,0,0,0
R255830177,0,0,0,0,0,0,0,0,0,0,0,0,0,0,0,0,0,1,0,0
R255850761,0,0,0,0,1,1,0,0,0,0,0,0,0,0,0,1,0,0,1,0
R255866795,0,0,0,0,0,0,0,0,0,0,0,0,0,0,0,0,0,0,0,0
R255877941,0,0,0,0,0,0,0,0,0,0,0,0,0,0,0,0,0,0,0,0
R255886496,0,0,0,0,0,0,0,0,0,0,1,0,0,0,0,0,0,0,0,0
R255893933,0,0,0,0,0,1,0,0,0,0,1,0,0,1,0,0,0,0,0,0
R255976279,0,0,0,0,0,0,0,0,0,0,0,0,0,0,0,0,0,0,0,0
R255978555,0,0,0,0,0,0,0,0,0,0,0,0,0,0,0,0,0,0,0,0
R255984160,0,0,0,0,0,0,0,0,0,0,0,0,0,0,0,0,0,0,0,0
R256038593,0,0,0,0,0,1,0,0,0,0,0,0,0,0,0,0,0,0,0,0
R256050543,0,0,0,0,1,1,0,0,0,0,0,0,0,0,0,1,0,1,0,0
R256059467,0,0,0,0,1,1,0,0,1,0,1,0,0,1,0,0,0,0,1,0
R256061640,0,0,0,0,0,0,0,0,0,0,0,0,0,0,0,0,0,0,0,0
R256068971,0,0,0,0,0,0,0,0,0,0,1,0,0,0,0,0,0,0,1,0
R256115888,0,0,0,0,1,1,0,0,0,0,1,1,0,0,0,0,0,1,0,0
R256117507,0,0,0,0,0,0,0,0,0,0,0,0,0,1,0,0,0,0,1,0
R256126904,0,0,0,0,0,0,0,0,0,0,0,0,0,1,0,0,0,0,0,0
R256164348,0,0,0,0,0,0,0,0,0,0,0,0,0,0,0,1,0,0,1,0
R256199065,0,0,0,0,0,0,0,0,0,0,0,0,0,0,0,0,0,0,0,0
R256226473,0,0,0,0,0,0,0,0,0,0,0,0,0,0,0,0,0,0,0,0
R256229902,0,0,0,0,0,0,0,0,0,0,0,0,0,0,0,0,0,0,0,0
R256257896,0,0,0,0,0,0,0,0,0,0,0,0,0,0,0,0,0,0,0,0
R256266897,0,0,0,0,0,0,0,0,0,0,1,0,0,0,0,1,1,0,1,0
R256274426,0,0,0,0,0,0,0,0,0,0,0,0,0,0,0,0,0,0,0,0
R256276830,0,0,0,0,0,0,0,0,0,0,0,0,0,0,0,0,0,0,0,0
R256305632,0,0,0,0,1,1,0,0,1,0,1,0,0,1,0,0,0,0,0,0
R256312667,0,0,0,0,0,0,0,0,0,0,0,0,0,0,0,0,0,0,1,0
R256316065,0,0,0,0,0,0,0,0,0,0,1,0,0,0,0,0,0,0,0,0
R256322179,0,0,0,0,0,0,0,0,0,0,0,0,0,0,0,0,0,0,0,0
R256351720,0,0,0,0,0,0,0,0,0,0,0,0,0,0,0,0,0,0,0,0
R256379408,0,0,0,0,0,0,0,0,0,0,0,0,0,0,0,0,0,0,1,0
R256423620,0,0,0,0,0,0,0,0,0,0,0,1,0,0,0,0,0,1,0,0
R256457761,0,0,0,0,1,1,0,0,0,0,0,0,0,0,0,0,0,0,1,0
R256486064,0,0,0,0,0,0,0,0,0,0,0,0,0,0,0,0,0,0,0,0
R256492549,0,0,0,0,0,0,0,0,0,0,0,0,0,0,0,0,0,0,0,0
R256513644,0,0,0,0,0,0,0,0,0,0,0,0,0,0,0,0,0,0,0,0
R256517285,0,0,0,0,0,0,0,0,0,0,0,0,0,0,0,0,0,0,1,0
R256529759,0,0,0,0,0,0,0,0,0,0,0,0,0,0,0,0,0,0,0,0
R256538006,0,0,0,0,0,0,0,0,0,0,0,0,0,0,0,0,0,0,0,0
R256560448,0,0,0,0,0,0,0,0,0,0,0,0,0,0,0,0,0,0,0,0
R256570418,0,0,0,0,1,1,0,0,1,0,1,0,0,1,0,0,0,0,0,0
R256582693,0,0,0,0,0,0,0,0,0,0,0,0,0,0,0,0,0,0,0,0
R256602882,0,0,0,0,0,0,0,0,0,0,0,0,0,0,0,0,0,0,0,0
R256624369,0,0,0,0,0,0,0,0,0,0,0,0,0,0,0,0,0,0,0,0
R256687315,0,0,0,0,0,0,0,0,0,0,0,0,0,0,0,0,0,1,0,0
R256696217,0,0,0,0,0,0,0,0,0,0,0,0,0,0,0,0,0,0,0,0
R256723367,0,0,0,0,0,0,0,0,0,0,0,0,0,0,0,0,0,0,0,0
R256776616,0,0,0,0,0,0,0,0,0,0,0,0,0,0,0,0,0,0,0,0
R256789397,0,0,0,0,0,0,0,0,0,0,0,0,0,0,0,0,0,0,0,0
R256799875,0,0,0,0,0,0,0,0,0,0,0,0,0,0,0,0,0,0,0,0
R256825699,0,0,0,0,0,0,0,0,0,0,0,0,0,0,0,0,0,0,0,0
R256828338,0,0,0,0,1,1,0,0,0,0,0,0,0,1,0,0,0,0,0,0
R256854176,0,0,0,0,0,1,0,0,0,0,0,0,0,0,0,0,0,0,0,0
R256864338,0,0,0,0,0,0,0,0,0,0,1,1,0,0,0,0,0,1,0,0
R256885210,0,0,0,0,0,0,0,0,0,0,0,0,0,0,0,0,0,0,0,0
R256929770,0,0,0,0,0,0,0,0,0,0,0,0,0,0,0,0,0,0,0,0
R256933491,0,0,0,0,0,0,0,0,0,0,0,0,0,0,0,0,0,0,0,0
R256938826,0,0,0,0,0,0,0,0,0,0,0,0,0,0,0,0,0,0,0,0
R256952542,0,0,0,0,0,0,0,0,0,0,1,0,0,0,0,0,0,0,0,0
R256954702,0,0,0,0,0,0,0,0,0,0,0,0,0,0,0,0,0,0,0,0
R256968766,0,0,0,0,0,0,0,0,0,0,0,0,0,0,0,0,0,0,1,0
R256973499,0,0,0,0,0,0,0,0,0,0,0,0,0,0,0,0,0,0,0,0
R257010883,0,0,0,0,1,1,0,0,0,0,1,0,0,1,0,0,0,0,1,0
R257017798,0,0,0,0,0,0,0,0,0,0,0,0,0,0,0,0,0,0,1,0
R257033842,0,0,0,0,0,0,0,0,0,0,0,0,0,0,0,0,0,0,0,0
R257039001,0,0,0,0,0,1,0,0,0,0,0,0,0,0,0,0,0,0,0,0
R257046783,0,0,0,0,0,0,0,0,0,0,0,0,0,0,0,0,0,0,0,0
R257058133,0,0,0,0,0,0,0,0,0,0,0,0,0,0,0,0,0,0,0,0
R257092330,0,0,0,0,0,0,0,0,0,0,0,0,0,0,0,0,0,0,0,0
R257094454,0,0,0,0,0,0,0,0,0,0,0,0,0,0,0,0,0,0,0,0
R257111894,0,0,0,0,0,0,0,0,0,0,1,0,0,0,0,0,0,0,1,0
R257117594,0,0,0,0,0,0,0,0,0,0,0,0,0,0,0,0,0,0,0,0
R257125020,0,0,0,0,1,1,0,0,1,0,0,0,0,1,0,0,0,0,0,0
R257125222,0,0,0,0,0,0,0,0,0,0,0,0,0,0,0,0,0,0,0,0
R257133528,0,0,0,0,0,0,0,0,0,0,0,0,0,0,0,0,0,0,0,0
R257148515,0,0,0,0,0,0,0,0,0,0,0,0,0,0,0,0,0,0,0,0
R257153215,0,0,0,0,0,0,0,0,0,0,1,0,0,1,0,0,0,0,0,0
R257158342,0,0,0,0,0,0,0,0,0,0,0,0,0,0,0,0,0,0,0,0
R257194522,0,0,0,0,0,0,0,0,0,0,0,0,0,0,0,0,0,0,0,0
R257208353,0,0,0,0,0,0,0,0,0,0,0,0,0,0,0,0,0,0,0,0
R257260442,0,0,0,0,1,1,0,0,0,0,1,0,0,0,0,0,0,0,0,0
R257274483,0,0,0,0,0,0,0,0,0,0,0,0,0,0,0,0,0,0,0,0
R257285323,0,0,0,0,0,0,0,0,0,0,1,0,0,0,0,1,0,0,0,0
R257286867,0,0,0,0,0,0,0,0,0,0,0,0,0,0,0,0,0,0,0,0
R257293100,0,0,0,0,0,0,0,0,0,0,0,0,0,0,0,0,0,0,0,0
R257323929,0,0,0,0,0,0,0,0,0,0,0,0,0,0,0,0,0,0,0,0
R257330041,0,0,0,0,0,0,0,0,0,0,0,0,0,0,0,0,0,0,0,0
R257346711,0,0,0,0,0,0,0,0,0,0,0,0,0,0,0,0,0,0,0,0
R257364188,0,0,0,0,0,0,0,0,0,0,0,0,0,0,0,0,0,0,0,0
R257382426,0,0,0,0,0,0,0,0,0,0,0,0,0,0,0,0,0,0,0,0
R257397832,0,0,0,0,0,0,0,0,0,0,0,0,0,0,0,0,0,0,0,0
R257432692,0,0,0,0,0,0,0,0,0,0,0,0,0,0,0,0,0,0,0,0
R257487373,0,0,0,0,0,0,0,0,0,0,0,0,0,0,0,0,0,0,0,0
R257499801,0,0,0,0,0,0,0,0,0,0,0,0,0,0,0,1,1,0,1,0
R257511654,0,0,0,0,0,0,0,0,0,0,0,0,0,0,0,0,0,0,0,0
R257561896,0,0,0,0,0,0,0,0,0,0,0,0,0,0,0,0,0,0,1,0
R257570631,0,0,0,0,0,0,0,0,0,0,0,0,0,0,0,0,0,0,0,0
R257580834,0,0,0,0,0,0,0,0,0,0,0,0,0,0,0,0,0,0,1,0
R257597112,0,0,0,0,0,0,0,0,0,0,0,0,0,0,0,0,0,0,0,0
R257617197,0,0,0,0,0,0,0,0,0,0,0,0,0,0,0,0,0,0,1,0
R257670517,0,0,0,0,0,0,0,0,0,0,0,0,0,0,0,0,0,0,0,0
R257680283,0,0,0,0,1,1,0,0,1,0,0,0,0,1,0,1,0,0,1,0
R257731712,0,0,0,0,0,0,0,0,0,0,1,0,0,0,0,0,0,0,0,0
R257779605,0,0,0,0,0,0,0,0,0,0,0,0,0,0,0,0,0,1,0,0
R257792662,0,0,0,0,0,0,0,0,0,0,0,0,0,0,0,0,0,0,0,0
R257854072,0,0,0,0,0,0,0,0,0,0,0,0,0,0,0,0,0,0,0,0
R257875096,0,0,0,0,0,0,0,0,0,0,0,0,0,0,0,0,0,0,0,0
R257885456,0,0,0,0,0,0,0,0,0,0,0,0,0,0,0,0,0,0,0,0
R257895269,0,0,0,0,0,0,0,0,0,0,0,0,0,0,0,0,0,0,0,0
R257896593,0,0,0,0,0,0,0,0,0,0,0,0,0,0,0,0,0,0,0,0
R257915356,0,0,0,0,0,0,0,0,0,0,1,0,0,0,0,0,0,0,0,0
R257916403,0,0,0,0,0,0,0,0,0,0,0,0,0,0,0,0,0,0,0,0
R257936286,0,0,0,0,0,0,0,0,1,0,0,0,0,1,0,0,0,0,1,0
R258043108,0,0,0,0,0,1,0,0,0,0,1,0,0,1,0,0,0,0,1,0
R258047660,0,0,0,0,0,0,0,0,0,0,0,0,0,0,0,0,0,0,1,0
R258048929,0,0,0,0,0,0,0,0,0,0,0,0,0,1,0,0,0,0,0,0
R258084546,0,0,0,0,0,0,0,0,0,0,0,0,0,1,0,0,0,0,0,0
R258095508,0,0,0,0,0,0,0,0,0,0,0,0,0,0,0,0,0,0,0,0
R258112190,0,0,0,0,0,0,0,0,0,0,0,0,0,0,0,0,0,0,0,0
R258133737,0,0,0,0,0,0,0,0,0,0,1,0,0,0,0,0,0,0,1,0
R258137533,0,0,0,0,0,0,0,0,0,0,0,0,0,0,0,0,0,0,1,0
R258139663,0,0,0,0,0,0,0,0,0,0,0,0,0,0,0,0,0,0,1,0
R258147373,0,0,0,0,0,0,0,0,0,0,0,0,0,0,0,1,1,0,0,0
R258253637,0,0,0,0,0,0,0,0,0,0,0,0,0,0,0,1,0,0,1,0
R258258922,0,0,0,0,0,0,0,0,0,0,0,0,0,0,0,0,0,0,0,0
R258261618,0,0,0,0,0,0,0,0,0,0,0,0,0,0,0,0,0,1,1,0
R258274170,0,0,0,0,0,0,0,0,0,0,1,0,0,0,0,1,0,1,0,0
R258299112,0,0,0,0,1,1,0,0,0,0,0,0,0,0,0,1,1,1,1,0
R258330150,0,0,0,0,0,0,0,0,0,0,1,0,0,0,0,0,0,0,0,0
R258342212,0,0,0,0,0,0,0,0,0,0,0,0,0,0,0,0,0,1,0,0
R258376698,0,0,0,0,0,0,0,0,0,0,0,0,0,1,0,0,0,0,0,0
R258382161,0,0,0,0,0,0,0,0,0,0,0,0,0,0,0,0,0,0,0,0
R258423455,0,0,0,0,0,0,0,0,0,0,0,0,0,0,0,0,0,0,0,0
R258425058,0,0,0,0,0,1,0,0,0,0,0,0,0,0,0,0,0,0,0,0
R258440878,0,0,0,0,0,0,0,0,0,0,0,0,0,0,0,1,1,0,1,0
R258500031,0,0,0,0,1,1,0,0,0,0,0,0,0,0,0,0,0,0,1,0
R258527126,0,0,0,0,0,0,0,0,0,0,1,0,0,0,0,0,0,0,0,0
R258543578,0,0,0,0,1,1,0,0,0,0,1,0,0,0,1,0,0,0,0,0
R258544892,0,0,0,0,0,0,0,0,0,0,1,0,0,0,0,1,0,0,1,0
R258560364,0,0,0,0,1,1,0,0,0,0,1,0,0,0,0,0,0,0,0,0
R258586704,0,0,0,0,0,0,0,0,0,0,0,0,0,0,0,0,0,0,0,0
R258607276,0,0,0,0,0,1,0,0,0,0,0,0,0,0,0,0,0,0,0,0
R258607865,0,0,0,0,0,0,0,0,0,0,0,0,0,0,0,0,0,0,0,0
R258614941,0,0,0,0,0,0,0,0,0,0,1,0,0,0,0,0,0,1,0,0
R258637539,0,0,0,0,0,0,0,0,0,0,0,0,0,0,0,0,0,0,0,0
R258651611,0,0,0,0,0,0,0,0,0,0,0,0,0,1,0,0,0,0,0,0
R258692069,0,0,0,0,0,0,0,0,0,0,0,0,0,0,0,0,0,0,0,0
R258726915,0,0,0,0,0,0,0,0,0,0,0,0,0,0,0,0,0,0,0,0
R258727122,0,0,0,0,0,0,0,0,0,0,0,0,0,0,0,0,0,0,0,0
R258768967,0,0,0,0,0,0,0,0,0,0,0,0,0,0,0,0,0,0,0,0
R258773186,0,0,0,0,1,1,0,0,0,0,1,0,0,0,0,1,0,0,1,0
R258782259,0,0,0,0,0,0,0,0,0,0,0,0,0,0,0,0,0,0,0,0
R258795801,0,0,0,0,0,0,0,0,0,0,0,0,0,0,0,0,0,1,0,0
R258819840,0,0,0,0,0,0,0,0,0,0,0,0,0,0,0,0,0,0,0,0
R258822908,0,0,0,0,0,0,0,0,0,0,0,0,0,0,0,0,0,0,0,0
R258825863,0,0,0,0,0,1,0,0,0,0,0,0,0,0,0,0,0,0,0,0
R258861009,0,0,0,0,0,1,0,0,0,0,1,0,0,0,0,1,1,0,1,0
R258862265,0,0,0,0,0,0,0,0,0,0,1,0,0,0,0,0,0,0,0,0
R258863500,0,0,0,0,0,1,0,0,0,0,1,0,0,0,1,0,0,1,0,0
R258884416,0,0,0,0,0,0,0,0,0,0,0,0,0,0,0,0,0,0,0,0
R258907643,0,0,0,0,0,0,0,0,1,0,1,0,0,1,0,0,0,0,0,0
R258922489,0,0,0,0,0,0,0,0,0,0,0,0,0,0,0,0,0,0,0,0
R258946602,0,0,0,0,0,0,0,0,0,0,0,0,0,0,0,0,0,0,0,0
R258959825,0,0,0,0,0,0,0,0,0,0,0,0,0,0,0,0,0,0,1,0
R258963688,0,0,0,0,1,1,0,0,0,0,0,0,0,0,0,1,0,0,1,0
R259009339,0,0,0,0,0,0,0,0,0,0,0,0,0,1,0,0,0,0,0,0
R259021317,0,0,0,0,0,0,0,0,0,0,0,0,0,0,0,0,0,0,0,0
R259030524,0,0,0,0,0,0,0,0,0,0,0,0,0,0,0,0,0,0,1,0
R259058148,0,0,0,0,0,0,0,0,0,0,0,0,0,0,0,0,0,0,0,0
R259125728,0,0,0,0,0,0,0,0,0,0,0,0,0,0,0,0,0,0,0,0
R259127803,0,0,0,0,0,0,0,0,0,0,0,0,0,0,0,0,0,0,1,0
R259140976,0,0,0,0,0,0,0,0,0,0,0,0,0,0,0,0,0,0,0,0
R259155652,0,0,0,0,1,1,0,0,0,0,0,0,0,0,0,0,0,0,0,0
R259162405,0,0,0,0,0,0,0,0,0,0,0,0,0,0,0,0,0,0,0,0
R259167863,0,0,0,0,0,0,0,0,0,0,0,0,0,0,0,0,0,0,0,0
R259183010,0,0,0,0,0,0,0,0,0,0,0,0,0,0,0,0,0,0,0,0
R259184591,0,0,0,0,0,0,0,0,0,0,0,0,0,0,0,0,0,0,0,0
R259190359,0,0,0,0,1,1,0,0,0,0,0,0,0,0,0,0,0,0,0,0
R259203304,0,0,0,0,0,0,0,0,0,0,0,0,0,0,0,1,0,0,1,0
R259207499,0,0,0,0,0,0,0,0,0,0,0,0,0,0,0,0,0,0,0,0
R259228302,0,0,0,0,0,0,0,0,0,0,1,0,0,0,0,1,0,0,0,0
R259250714,0,0,0,0,0,0,0,0,0,0,0,0,0,0,0,0,0,0,0,0
R259262027,0,0,0,0,0,0,0,0,0,0,0,0,0,0,0,1,1,0,1,0
R259262546,0,0,0,0,0,0,0,0,0,0,0,0,0,0,0,0,0,0,0,0
R259268144,0,0,0,0,0,0,0,0,0,0,0,0,0,0,0,0,0,0,1,0
R259278731,0,0,0,0,0,0,0,0,0,0,0,0,0,0,0,0,0,0,1,0
R259298350,0,0,0,0,0,0,0,0,0,0,0,0,0,0,0,0,0,0,0,0
R259301261,0,0,0,0,0,0,0,0,0,0,0,0,0,0,0,0,0,0,0,0
R259311773,0,0,0,0,0,0,0,0,0,0,0,0,0,0,0,1,1,0,1,0
R259328119,0,0,0,0,0,0,0,0,0,0,0,0,0,0,0,0,0,0,0,0
R259355950,0,0,0,0,0,0,0,0,0,0,0,1,0,0,0,0,0,1,1,0
R259372562,0,0,0,0,0,0,0,0,0,0,0,0,0,0,0,0,0,0,0,0
R259377759,0,0,0,0,0,0,0,0,0,0,0,0,0,0,0,0,0,0,0,0
R259395856,0,0,0,0,0,0,0,0,0,0,0,0,0,0,0,0,0,0,0,0
R259434762,0,0,0,0,0,0,0,0,0,0,0,0,0,0,0,0,0,0,1,0
R259455257,0,0,0,0,0,0,0,0,0,0,0,1,0,0,0,1,1,1,1,0
R259460439,0,0,0,0,0,0,0,0,0,0,0,1,0,0,0,0,0,1,0,0
R259461743,0,0,0,0,0,0,0,0,0,0,0,0,0,0,0,0,0,0,0,0
R259488792,0,0,0,0,0,0,0,0,0,0,1,0,0,0,0,1,1,0,1,0
R259505801,0,0,0,0,0,1,0,0,0,0,1,0,0,0,1,0,0,0,0,0
R259518659,0,0,0,0,0,0,0,0,0,0,0,0,0,0,0,0,0,0,0,0
R259544015,0,0,0,0,0,0,0,0,0,0,0,0,0,0,0,0,0,0,0,0
R259557481,0,0,0,0,0,0,0,0,0,0,0,0,0,0,0,0,0,0,0,0
R259588344,0,0,0,0,0,0,0,0,0,0,0,0,0,0,0,0,0,0,0,0
R259606311,0,0,0,0,0,0,0,0,0,0,0,0,0,0,0,0,0,0,0,0
R259613159,0,0,0,0,0,0,0,0,0,0,1,0,0,0,0,0,0,0,0,0
R259711542,0,0,0,0,0,0,0,0,0,0,0,0,0,0,0,0,0,0,1,0
R259711952,0,0,0,0,0,0,0,0,0,0,0,0,0,0,0,0,0,0,0,0
R259712757,0,0,0,0,0,0,0,0,0,0,1,0,0,0,0,0,0,0,0,0
R259746493,0,0,0,0,0,0,0,0,0,0,0,0,0,0,0,0,0,0,0,0
R259766330,0,0,0,0,0,0,0,0,0,0,0,0,0,0,0,0,0,0,0,0
R259771802,0,0,0,0,1,1,0,0,0,0,1,0,0,1,0,1,0,0,1,0
R259782378,0,0,0,0,0,0,0,0,0,0,0,0,0,0,0,0,0,0,0,0
R259802503,0,0,0,0,0,0,0,0,0,0,0,0,0,0,0,0,0,0,0,0
R259807184,0,0,0,0,1,1,0,0,0,0,0,0,0,0,0,1,0,0,1,0
R259824676,0,0,0,0,0,0,0,0,0,0,0,0,0,0,0,0,0,0,1,0
R259839705,0,0,0,0,0,1,0,0,0,0,0,0,0,0,1,0,0,0,1,0
R259845724,0,0,0,0,0,0,0,0,0,0,0,0,0,0,0,0,0,0,0,0
R259847273,0,0,0,0,0,0,0,0,0,0,1,0,0,0,0,0,0,0,1,0
R259847910,0,0,0,0,0,0,0,0,0,0,1,0,0,0,0,0,0,0,0,0
R259848597,0,0,0,0,0,0,0,0,0,0,0,0,0,0,0,0,0,0,1,0
R259871971,0,0,0,0,0,0,0,0,0,0,0,0,0,0,0,0,0,0,1,0
R259882787,0,0,0,0,0,0,0,0,0,0,1,0,0,0,0,0,0,0,0,0
R259886090,0,0,0,0,0,0,0,0,0,0,0,0,0,1,0,0,0,0,0,0
R259891554,0,0,0,0,0,0,0,0,0,0,0,0,0,0,0,0,0,0,0,0
R259897695,0,0,0,0,0,0,0,0,0,0,1,1,0,0,0,0,0,1,1,0
R259911150,0,0,0,0,0,0,0,0,0,0,0,0,0,0,0,0,0,1,0,0
R259915864,0,0,0,0,0,0,0,0,0,0,0,0,0,0,0,0,0,0,0,0
R259933442,0,0,0,0,0,0,0,0,0,0,0,0,0,0,0,0,0,0,0,0
R259935060,0,0,0,0,0,0,0,0,0,0,0,0,0,0,0,0,0,0,0,0
R259988800,0,0,0,0,0,0,0,0,0,0,0,0,0,0,0,0,0,0,0,0
R260036971,0,0,0,0,0,0,0,0,0,0,0,0,0,0,0,0,0,0,0,0
R260063457,0,0,0,0,0,0,0,0,0,0,1,0,0,0,0,0,0,0,0,0
R260068033,0,0,0,0,1,1,0,0,0,0,0,0,0,0,1,0,0,0,1,0
R260068591,0,0,0,0,0,0,0,0,0,0,1,0,0,0,0,0,0,0,0,0
R260076549,0,0,0,0,0,0,0,0,0,0,0,0,0,0,0,0,0,0,0,0
R260110086,0,0,0,0,0,0,0,0,0,0,1,0,0,0,0,0,0,0,0,0
R260113136,0,0,0,0,0,0,0,0,0,0,0,0,0,0,0,0,0,0,0,0
R260131643,0,0,0,0,1,1,0,0,0,0,0,0,0,0,0,0,0,0,1,0
R260134628,0,0,0,0,0,0,0,0,0,0,0,0,0,0,0,0,0,0,0,0
R260170591,0,0,0,0,1,1,0,0,1,0,1,0,0,1,0,1,1,1,0,0
R260192219,0,0,0,0,1,1,0,0,0,0,0,0,0,0,0,1,0,0,1,0
R260196262,0,0,0,0,0,0,0,0,0,0,0,0,0,0,0,0,0,0,0,0
R260209085,0,0,0,0,0,0,0,0,0,0,0,0,0,0,0,0,0,0,0,0
R260209282,0,0,0,0,0,0,0,0,0,0,0,0,0,0,0,0,0,0,0,0
R260220951,0,0,0,0,0,0,0,0,0,0,0,0,0,0,0,0,0,0,0,0
R260226086,0,0,0,0,0,0,0,0,0,0,0,0,0,0,0,0,0,0,0,0
R260259281,0,0,0,0,1,1,0,0,0,0,0,0,0,0,0,0,0,0,0,0
R260275153,0,0,0,0,0,0,0,0,0,0,0,0,0,0,0,0,0,0,0,0
R260287585,0,0,0,0,0,0,0,0,0,0,0,0,0,0,0,0,0,0,0,0
R260313115,0,0,0,0,0,0,0,0,0,0,0,0,0,0,0,1,1,0,1,0
R260349079,0,0,0,0,0,0,0,0,0,0,0,0,0,0,0,0,0,0,0,0
R260361857,0,0,0,0,0,0,0,0,0,0,0,0,0,0,0,0,0,0,0,0
R260365491,0,0,0,0,0,0,0,0,0,0,0,0,0,0,0,0,0,0,0,0
R260410068,0,0,0,0,0,0,0,0,0,0,0,0,0,0,0,0,0,0,1,0
R260428053,0,0,0,0,0,0,0,0,0,0,0,0,0,0,0,0,0,0,0,0
R260437318,0,0,0,0,0,0,0,0,0,0,0,0,0,0,0,0,0,0,0,0
R260441958,0,0,0,0,0,0,0,0,0,0,0,0,0,0,0,0,0,0,0,0
R260454232,0,0,0,0,0,0,0,0,0,0,0,0,0,0,0,0,0,0,1,0
R260467571,0,0,0,0,1,1,0,0,1,0,0,0,0,1,0,1,1,0,0,0
R260492539,0,0,0,0,0,0,0,0,0,0,0,0,0,0,0,0,0,1,0,0
R260538713,0,0,0,0,0,0,0,0,0,0,0,0,0,0,0,0,0,0,0,0
R260543467,0,0,0,0,0,1,0,0,0,0,1,0,0,1,1,0,0,0,0,0
R260551112,0,0,0,0,1,1,0,0,0,0,1,0,0,0,0,1,0,0,0,0
R260556190,0,0,0,0,0,0,0,0,0,0,0,0,0,0,0,0,0,0,1,0
R260583710,0,0,0,0,0,0,0,0,0,0,1,0,0,0,0,0,0,0,0,0
R260591590,0,0,0,0,0,0,0,0,0,0,0,0,0,0,0,0,0,0,0,0
R260599170,0,0,0,0,0,0,0,0,0,0,0,0,0,0,0,0,0,0,0,0
R260605093,0,0,0,0,0,0,0,0,0,0,0,0,0,0,0,0,0,0,1,0
R260627718,0,0,0,0,0,0,0,0,0,0,0,0,0,0,0,0,0,0,0,0
R260634938,0,0,0,0,0,0,0,0,0,0,0,0,0,0,0,0,0,0,0,0
R260683424,0,0,0,0,0,0,0,0,0,0,0,0,0,0,0,0,0,0,1,0
R260685113,0,0,0,0,1,1,0,0,1,0,0,1,0,1,0,0,0,1,0,0
R260705897,0,0,0,0,0,0,0,0,0,0,1,0,0,0,0,0,0,0,0,0
R260732852,0,0,0,0,0,0,0,0,0,0,0,0,0,0,0,0,0,0,0,0
R260736776,0,0,0,0,0,0,0,0,0,1,0,0,0,0,0,1,1,0,1,0
R260753390,0,0,0,0,0,0,0,0,0,0,0,0,0,0,0,0,0,0,0,0
R260763816,0,0,0,0,0,0,0,0,0,0,0,0,0,0,0,0,0,0,0,0
R260784240,0,0,0,0,0,0,0,0,0,0,0,0,0,0,0,1,0,1,1,0
R260789564,0,0,0,0,0,0,0,0,0,0,0,0,0,0,0,0,0,0,0,0
R260810478,0,0,0,0,0,0,0,0,0,0,0,0,0,0,0,1,1,0,1,0
R260824393,0,0,0,0,0,0,0,0,0,0,0,0,0,0,0,0,0,0,0,0
R260832719,0,0,0,0,0,0,0,0,0,0,0,0,0,0,0,0,0,0,1,0
R260833552,0,0,0,0,1,1,0,0,1,0,1,0,0,1,0,0,0,0,0,0
R260833584,0,0,0,0,0,0,0,0,0,0,0,0,0,0,0,0,0,0,0,0
R260839410,0,0,0,0,0,1,0,0,1,0,1,0,0,1,0,0,0,1,0,0
R260892421,0,0,0,0,0,0,0,0,0,0,0,0,0,0,0,0,0,0,0,0
R260903702,0,0,0,0,0,1,0,0,0,0,0,0,0,1,0,0,0,0,0,0
R260921553,0,0,0,0,0,0,0,0,0,0,0,0,0,0,0,0,0,0,1,0
R260923597,0,0,0,0,0,0,0,0,0,0,0,0,0,0,0,0,0,1,0,0
R260958326,0,0,0,0,0,0,0,0,0,0,0,0,0,0,0,1,1,0,1,0
R260973339,0,0,0,0,1,1,0,0,0,0,1,0,0,1,1,0,0,0,1,0
R261001988,0,0,0,0,0,1,0,0,0,0,1,0,0,0,0,1,0,0,0,0
R261018742,0,0,0,0,0,0,0,0,0,0,1,0,0,0,0,0,0,0,0,0
R261042919,0,0,0,0,0,0,0,0,0,0,0,0,0,0,0,0,0,0,0,0
R261043030,0,0,0,0,0,0,0,0,0,0,0,0,0,0,0,0,0,0,0,0
R261067276,0,0,0,0,0,0,0,0,0,0,0,0,0,0,0,0,0,0,0,0
R261078838,0,0,0,0,0,0,0,0,0,0,0,0,0,0,0,0,0,0,0,0
R261148818,0,0,0,0,0,0,0,0,0,0,0,0,0,0,0,0,0,0,1,0
R261214525,0,0,0,0,0,0,0,0,0,0,0,0,0,0,0,0,0,0,1,0
R261216049,0,0,0,0,0,0,0,0,0,0,0,0,0,0,0,0,0,0,0,0
R261238856,0,0,0,0,0,0,0,0,0,0,0,0,0,1,0,1,0,0,0,0
R261263150,0,0,0,0,0,0,0,0,0,0,0,0,0,0,0,0,0,0,0,0
R261269544,0,0,0,0,0,0,0,0,0,0,0,0,0,0,0,0,0,0,0,0
R261287096,0,0,0,0,0,0,0,0,0,0,0,0,0,0,0,0,0,0,0,0
R261305117,0,0,0,0,0,0,0,0,0,0,0,0,0,0,0,0,0,0,0,0
R261332812,0,0,0,0,1,1,0,0,0,0,1,0,0,0,1,0,0,0,1,0
R261337594,0,0,0,0,0,0,0,0,0,0,0,0,0,0,0,0,0,0,0,0
R261382227,0,0,0,0,0,0,0,0,0,0,0,0,0,0,0,0,0,0,1,0
R261448751,0,0,0,0,0,0,0,0,0,0,0,0,0,0,0,0,0,0,0,0
R261460664,0,0,0,0,0,1,0,0,0,0,0,0,0,0,0,0,0,0,0,0
R261469022,0,0,0,0,0,0,0,0,0,0,0,0,0,0,0,0,0,0,1,0
R261469510,0,0,0,0,0,0,0,0,0,0,1,0,0,0,0,0,0,0,1,0
R261473394,0,0,0,0,0,0,0,0,0,0,0,0,0,0,0,0,0,0,0,0
R261479121,0,0,0,0,0,0,0,0,0,0,0,0,0,0,0,0,0,0,0,0
R261506794,0,0,0,0,1,1,0,0,0,0,0,0,0,0,0,0,0,0,1,0
R261509168,0,0,0,0,0,0,0,0,0,0,1,0,0,0,0,0,0,0,0,0
R261511666,0,0,0,0,0,0,0,0,0,0,0,0,0,0,0,1,0,0,1,0
R261515004,0,0,0,0,1,1,0,0,0,0,0,0,0,0,0,1,0,0,1,0
R261538752,0,0,0,0,0,0,0,0,0,0,0,0,0,0,0,0,0,0,0,0
R261553084,0,0,0,0,0,0,0,0,0,0,0,0,0,0,0,0,0,0,1,0
R261557123,0,0,0,0,0,0,0,0,0,0,0,0,0,0,0,0,0,0,0,0
R261581786,0,0,0,0,0,1,0,0,0,0,1,0,0,1,0,0,0,0,0,0
R261584210,0,0,0,0,0,0,0,0,0,0,0,0,0,0,0,0,0,0,0,0
R261594159,0,0,0,0,0,0,0,0,0,0,0,0,0,0,0,0,0,0,0,0
R261604760,0,0,0,0,0,0,0,0,0,0,0,0,0,0,0,0,0,0,0,0
R261623100,0,0,0,0,0,0,0,0,0,0,0,0,0,0,0,0,0,0,1,0
R261629512,0,0,0,0,0,0,0,0,0,0,0,0,0,0,0,0,0,0,0,0
R261683780,0,0,0,0,0,0,0,0,0,0,0,0,0,1,0,0,0,0,0,0
R261718969,0,0,0,0,0,0,0,0,0,0,1,0,0,0,0,0,0,1,0,0
R261742334,0,0,0,0,0,0,0,0,0,0,0,0,0,0,0,1,0,0,0,0
R261763385,0,0,0,0,1,1,0,0,0,0,0,0,0,0,0,0,0,0,0,0
R261767600,0,0,0,0,0,0,0,0,0,0,1,0,0,0,0,0,0,0,1,0
R261783091,0,0,0,0,0,0,0,0,0,0,0,0,0,0,0,0,0,0,0,0
R261789602,0,0,0,0,1,1,0,0,1,0,1,0,0,1,0,1,1,1,1,0
R261793684,0,0,0,0,0,0,0,0,0,0,0,0,1,0,0,0,0,0,0,0
R261797324,0,0,0,0,0,0,0,0,0,0,0,0,0,0,0,0,0,0,0,0
R261828438,0,0,0,0,0,0,0,0,0,0,0,0,0,0,0,1,0,0,0,0
R261898695,0,0,0,0,0,0,0,0,0,0,0,0,0,0,0,0,0,0,0,0
R261941848,0,0,0,0,1,1,0,0,0,0,0,0,0,0,0,1,0,0,1,0
R261944585,0,0,0,0,0,0,0,0,0,0,0,0,0,0,0,1,0,0,0,0
R261966066,0,0,0,0,0,0,0,0,0,0,0,0,0,0,0,0,0,0,0,0
R261976257,0,0,0,0,0,0,0,0,0,0,0,0,0,0,0,0,0,0,1,0
R261981990,0,0,0,0,0,0,0,0,0,0,0,0,0,0,0,0,0,0,1,0
R261996083,0,0,0,0,1,1,0,0,0,0,1,0,0,1,0,0,0,0,0,0
R262004187,0,0,0,0,0,0,0,0,0,0,0,0,0,0,0,0,0,0,0,0
R262069237,0,0,0,0,0,0,0,0,0,0,0,0,0,0,0,0,0,0,1,0
R262100471,0,0,0,0,0,1,0,0,0,0,1,0,0,0,1,0,0,0,0,0
R262127012,0,0,0,0,0,0,0,0,0,0,0,0,0,0,0,0,0,0,0,0
R262149025,0,0,0,0,1,1,0,0,0,0,0,0,0,0,0,1,0,0,1,0
R262150658,0,0,0,0,0,0,0,0,0,0,0,0,0,0,0,0,0,0,0,0
R262177644,0,0,0,0,0,0,0,0,1,0,0,0,0,1,0,0,0,0,0,0
R262197710,0,0,0,0,0,0,0,0,0,0,0,0,0,0,0,0,0,0,0,0
R262201356,0,0,0,0,0,0,0,0,0,0,0,0,0,0,0,0,0,0,0,0
R262215466,0,0,0,0,0,0,0,0,0,0,0,0,0,0,0,0,0,0,1,0
R262219326,0,0,0,0,0,0,0,0,0,0,0,0,0,0,0,0,0,0,0,0
R262221874,0,0,0,0,0,0,0,0,0,0,0,0,0,0,0,0,0,0,0,0
R262269364,0,0,0,0,0,0,0,0,0,0,0,0,0,0,0,0,0,0,0,0
R262283622,0,0,0,0,0,1,0,0,0,0,1,0,0,0,1,0,0,0,1,0
R262289041,0,0,0,0,0,0,0,0,0,0,0,0,0,0,0,0,0,0,0,0
R262320322,0,0,0,0,0,0,0,0,0,0,0,0,0,0,0,0,0,0,0,0
R262327518,0,0,0,0,0,0,0,0,0,0,0,0,0,0,0,0,0,0,0,0
R262330100,0,0,0,0,0,0,0,0,0,0,0,0,0,0,0,0,0,0,0,0
R262339725,0,0,0,0,0,0,0,0,0,0,0,0,0,0,0,0,0,0,0,0
R262366349,0,0,0,0,0,0,0,0,0,0,0,0,0,0,0,0,0,0,0,0
R262456186,0,0,0,0,0,0,0,0,0,0,0,0,0,0,0,1,1,0,1,0
R262458125,0,0,0,0,0,1,0,0,0,0,0,0,0,1,0,0,0,1,0,0
R262463337,0,0,0,0,0,0,0,0,0,0,0,0,0,0,0,0,0,0,0,0
R262465298,0,0,0,0,0,0,0,0,0,0,0,0,0,0,0,1,0,0,0,0
R262473215,0,0,0,0,1,1,0,0,0,0,1,0,0,0,0,0,0,0,0,0
R262483728,0,0,0,0,1,1,0,0,0,0,0,0,0,0,0,0,0,0,1,0
R262505121,0,0,0,0,1,1,0,0,1,0,1,0,0,1,1,0,0,0,1,0
R262533794,0,0,0,0,0,0,0,0,0,0,0,0,0,0,0,0,0,0,0,0
R262544168,0,0,0,0,1,1,0,0,0,0,0,0,0,0,0,1,0,1,1,0
R262550703,0,0,0,0,0,0,0,0,0,0,0,0,0,0,0,0,0,0,0,0
R262573761,0,0,0,0,0,0,0,0,0,0,0,0,0,0,0,0,0,0,0,0
R262576772,0,0,0,0,0,0,0,0,0,0,0,0,0,0,0,0,0,0,0,0
R262585888,0,0,0,0,0,0,0,0,0,0,1,0,0,0,0,0,0,1,1,0
R262604424,0,0,0,0,0,0,0,0,0,0,0,0,0,0,0,0,0,0,0,0
R262607943,0,0,0,0,0,0,0,0,0,0,0,0,0,0,0,1,1,0,0,0
R262628524,0,0,0,0,1,1,0,0,1,0,1,0,0,1,1,0,0,0,0,0
R262671713,0,0,0,0,0,0,0,0,0,0,0,0,0,0,0,0,0,0,0,0
R262686765,0,0,0,0,0,0,0,0,0,0,0,0,0,0,0,0,0,0,0,0
R262687802,0,0,0,0,0,0,0,0,0,0,1,0,0,0,0,0,0,0,0,0
R262699844,0,0,0,0,0,0,0,0,0,0,0,0,0,0,0,0,0,0,0,0
R262707923,0,0,0,0,0,1,0,0,0,0,1,0,0,0,0,0,0,0,0,0
R262710456,0,0,0,0,0,0,0,0,0,0,1,0,0,0,0,0,0,0,0,0
R262756236,0,0,0,0,0,0,0,0,0,0,1,0,0,0,0,0,0,0,0,0
R262788183,0,0,0,0,0,0,0,0,0,0,0,0,0,0,0,0,0,0,1,0
R262794216,0,0,0,0,0,0,0,0,0,0,1,0,0,0,0,0,0,0,0,0
R262808753,0,0,0,0,0,0,0,0,0,0,0,1,0,0,0,0,0,1,0,0
R262818912,0,0,0,0,0,0,0,0,0,0,1,0,0,0,0,0,0,0,1,0
R262825433,0,0,0,0,0,0,0,0,0,0,0,0,0,0,0,0,0,0,0,0
R262846994,0,0,0,0,0,0,0,0,0,0,0,0,0,0,0,0,0,0,1,0
R262849331,0,0,0,0,0,0,0,0,0,0,1,0,0,0,0,0,0,0,0,0
R262853371,0,0,0,0,0,0,0,0,0,0,0,0,0,0,0,0,0,0,0,0
R262866812,0,0,0,0,0,0,0,0,0,0,0,0,0,0,0,0,0,0,0,0
R262875181,0,0,0,0,0,0,0,0,0,0,0,0,0,0,0,0,0,0,0,0
R262875596,0,0,0,0,0,0,0,0,0,0,0,0,0,0,0,0,0,1,1,0
R262919905,0,0,0,0,0,0,0,0,0,0,0,0,0,0,0,0,0,0,0,0
R262942765,0,0,0,0,0,0,0,0,0,0,1,0,0,0,0,0,0,0,0,0
R262989397,0,0,0,0,0,0,0,0,0,0,0,0,0,0,0,0,0,0,0,0
R263006463,0,0,0,0,1,1,0,0,0,0,1,0,0,0,0,0,0,0,0,0
R263016248,0,0,0,0,0,0,0,0,0,0,0,0,0,0,0,0,0,0,0,0
R263025649,0,0,0,0,0,0,0,0,0,0,0,0,0,0,0,1,0,0,1,0
R263025860,0,0,0,0,0,0,0,0,0,0,1,0,0,0,0,0,0,0,1,0
R263027508,0,0,0,0,0,0,0,0,0,0,0,0,0,0,0,0,0,0,0,0
R263059360,0,0,0,0,0,0,0,0,0,0,0,0,0,0,0,0,0,0,0,0
R263070613,0,0,0,0,1,1,0,0,0,0,1,0,0,0,1,0,0,0,1,0
R263086671,0,0,0,0,0,0,0,0,0,0,0,0,0,0,0,0,0,0,0,0
R263088980,0,0,0,0,0,0,0,0,0,0,0,0,0,0,0,0,0,0,0,0
R263192831,0,0,0,0,0,0,0,0,0,0,0,0,0,0,0,0,0,0,0,0
R263193855,0,0,0,0,0,0,0,0,0,0,0,0,0,0,0,0,0,0,0,0
R263204614,0,0,0,0,0,0,0,0,0,0,0,0,0,0,0,0,0,0,0,0
R263210896,0,0,0,0,1,1,0,0,0,0,1,0,0,0,1,1,1,0,1,0
R263215267,0,0,0,0,0,0,0,0,0,0,0,0,0,0,0,0,0,0,1,0
R263225023,0,0,0,0,0,0,0,0,0,0,1,0,0,0,0,1,1,0,0,0
R263229423,0,0,0,0,0,0,0,0,0,0,0,0,0,0,0,0,0,0,0,0
R263251332,0,0,0,0,0,0,0,0,0,0,0,0,0,1,0,1,0,0,0,0
R263286264,0,0,0,0,0,0,0,0,0,0,0,0,0,0,0,1,0,0,0,0
R263289073,0,0,0,0,0,0,0,0,0,0,0,0,0,0,0,0,0,0,0,0
R263293880,0,0,0,0,0,0,0,0,0,0,0,0,0,0,0,0,0,0,0,0
R263311183,0,0,0,0,0,0,0,0,0,0,0,0,0,0,0,0,0,0,0,0
R263334424,0,0,0,0,0,0,0,0,0,0,0,0,0,0,0,0,0,0,0,0
R263339965,0,0,0,0,0,0,0,0,0,0,0,0,0,0,0,0,0,0,0,0
R263372874,0,0,0,0,0,0,0,0,0,0,0,0,0,0,0,0,0,0,1,0
R263380519,0,0,0,0,0,0,0,0,0,0,0,0,0,0,0,1,0,0,1,0
R263384727,0,0,0,0,0,0,0,0,0,0,0,0,0,0,0,0,0,0,0,0
R263435089,0,0,0,0,0,0,0,0,0,0,0,0,0,0,0,0,0,0,1,0
R263449228,0,0,0,0,0,0,0,0,0,0,0,0,0,0,0,0,0,0,0,0
R263465760,0,0,0,0,1,1,0,0,0,0,0,0,0,0,0,0,0,0,1,0
R263486433,0,0,0,0,0,0,0,0,0,0,0,0,0,0,0,1,0,0,0,0
R263506625,0,0,0,0,0,0,0,0,0,0,1,0,0,0,0,0,0,0,0,0
R263511884,0,0,0,0,0,0,0,0,0,0,0,0,0,0,0,0,0,0,0,0
R263527457,0,0,0,0,0,0,0,0,0,0,0,0,0,0,0,1,0,0,1,0
R263531901,0,0,0,0,0,0,0,0,0,0,0,0,0,0,0,0,0,0,0,0
R263535277,0,0,0,0,0,0,0,0,0,0,0,0,0,0,0,0,0,0,1,0
R263553100,0,0,0,0,0,0,0,0,0,0,0,0,0,0,0,0,0,0,1,0
R263568178,0,0,0,0,0,0,0,0,0,0,1,0,0,0,0,0,0,0,0,0
R263599790,0,0,0,0,1,1,0,0,0,0,1,0,0,0,0,1,1,0,1,0
R263611215,0,0,0,0,0,0,0,0,0,0,0,0,0,0,0,0,0,0,0,0
R263620948,0,0,0,0,0,0,0,0,0,0,0,0,0,0,0,0,0,0,0,0
R263634953,0,0,0,0,0,0,0,0,0,0,0,0,0,0,0,0,0,0,0,0
R263635947,0,0,0,0,0,1,0,0,0,0,1,0,0,1,0,0,0,0,0,0
R263643741,0,0,0,0,0,0,0,0,0,0,0,0,0,0,0,0,0,0,1,0
R263662376,0,0,0,0,0,0,0,0,0,0,0,0,0,0,0,0,0,0,0,0
R263676868,0,0,0,0,0,0,0,0,0,0,1,0,0,0,0,0,0,0,0,0
R263795947,0,0,0,0,0,0,0,0,0,0,0,0,0,0,0,1,0,0,0,0
R263798069,0,0,0,0,0,0,0,0,0,0,0,0,0,0,0,0,0,0,1,0
R263844512,0,0,0,0,0,0,0,0,0,0,0,0,0,0,0,0,0,0,0,0
R263861902,0,0,0,0,0,0,0,0,0,0,0,0,0,0,0,0,0,0,1,0
R263891568,0,0,0,0,0,0,0,0,0,0,0,0,0,0,0,0,0,0,0,0
R263901835,0,0,0,0,0,0,0,0,0,0,0,0,0,0,0,0,0,0,0,0
R263904648,0,0,0,0,0,0,0,0,0,0,0,0,0,0,0,0,0,0,0,0
R263912854,0,0,0,0,0,1,0,0,0,0,0,0,0,0,0,0,0,0,0,0
R263941635,0,0,0,0,0,0,0,0,0,0,0,0,0,1,0,0,0,0,0,0
R263944321,0,0,0,0,0,0,0,0,0,0,0,0,0,0,0,0,0,0,1,0
R263971886,0,0,0,0,1,1,0,0,0,0,0,0,0,0,0,1,0,1,0,0
R263983831,0,0,0,0,0,0,0,0,0,0,0,0,0,0,0,0,0,0,0,0
R264007048,0,0,0,0,0,0,0,0,0,0,0,0,0,0,0,0,0,0,0,0
R264007569,0,0,0,0,0,0,0,0,0,0,0,0,0,0,0,0,0,0,0,0
R264017687,0,0,0,0,0,0,0,0,0,0,0,0,0,0,0,0,0,0,0,0
R264032848,0,0,0,0,0,0,0,0,0,0,0,0,0,0,0,0,0,0,0,0
R264043247,0,0,0,0,0,0,0,0,0,0,0,0,0,0,0,0,0,0,0,0
R264077659,0,0,0,0,0,0,0,0,0,0,0,0,0,0,0,0,0,0,0,0
R264102378,0,0,0,0,0,0,0,0,0,0,0,0,0,0,0,0,0,0,0,0
R264134802,0,0,0,0,0,0,0,0,0,0,0,0,0,0,0,1,0,0,1,0
R264138627,0,0,0,0,0,0,0,0,0,0,0,0,0,0,0,0,0,0,0,0
R264150363,0,0,0,0,0,0,0,0,0,0,0,0,0,0,0,0,0,0,0,0
R264157128,0,0,0,0,0,0,0,0,0,0,0,0,0,0,0,0,0,0,0,0
R264174966,0,0,0,0,0,0,0,0,0,0,0,0,0,0,0,0,0,0,0,0
R264205434,0,0,0,0,0,0,0,0,0,0,0,0,0,0,0,0,0,0,0,0
R264206855,0,0,0,0,0,0,0,0,0,0,1,0,0,0,0,0,0,0,0,0
R264222293,0,0,0,0,0,0,0,0,0,0,0,0,0,0,0,0,0,0,0,0
R264242423,0,0,0,0,0,0,0,0,0,0,0,0,0,0,0,0,0,1,1,0
R264250292,0,0,0,0,0,0,0,0,0,0,0,0,0,0,0,0,0,0,0,0
R264260991,0,0,0,0,0,0,0,0,0,0,0,1,0,0,0,0,0,1,0,0
R264266606,0,0,0,0,0,0,0,0,0,0,0,0,0,1,0,0,0,0,0,0
R264268912,0,0,0,0,0,0,0,0,0,0,0,0,0,1,0,0,0,0,0,0
R264274030,0,0,0,0,0,0,0,0,0,0,0,0,0,1,0,0,0,0,0,0
R264282172,0,0,0,0,0,0,0,0,0,0,0,0,0,0,0,0,0,0,0,0
R264294212,0,0,0,0,0,0,0,0,0,0,0,0,0,0,0,0,0,0,0,0
R264307790,0,0,0,0,0,0,0,0,0,0,0,0,0,0,0,0,0,0,0,0
R264312026,0,0,0,0,0,0,0,0,0,0,1,0,0,0,0,0,0,0,1,0
R264379732,0,0,0,0,0,0,0,0,0,0,0,0,0,0,0,0,0,0,0,0
R264394195,0,0,0,0,0,0,0,0,0,0,0,0,0,0,0,0,0,0,0,0
R264395333,0,0,0,0,0,0,0,0,0,0,0,0,0,0,0,0,0,0,0,0
R264412896,0,0,0,0,0,0,0,0,0,0,0,0,0,0,0,0,0,0,0,0
R264457173,0,0,0,0,0,0,0,0,0,0,0,0,0,0,0,1,0,0,1,0
R264528543,0,0,0,0,0,0,0,0,0,0,0,0,0,0,0,0,0,0,0,0
R264529745,0,0,0,0,0,0,0,0,0,0,1,0,0,0,0,0,0,0,0,0
R264536839,0,0,0,0,0,0,0,0,0,0,0,0,0,0,0,0,0,0,0,0
R264558142,0,0,0,0,0,0,0,0,0,0,0,0,0,1,0,1,0,0,0,0
R264576976,0,0,0,0,0,0,0,0,0,0,0,0,0,0,0,0,0,0,0,0
R264592871,0,0,0,0,0,0,0,0,0,0,0,0,0,0,0,0,0,0,0,0
R264597133,0,0,0,0,1,1,0,0,0,0,0,1,0,0,0,0,0,1,0,0
R264637551,0,0,0,0,0,1,0,0,0,0,1,0,0,0,1,0,0,0,1,0
R264652348,0,0,0,0,0,0,0,0,0,0,1,0,0,1,0,0,0,0,0,0
R264655918,0,0,0,0,0,0,0,0,0,0,1,0,0,0,0,1,1,0,1,0
R264676912,0,0,0,0,0,0,0,0,0,0,0,0,0,0,0,0,0,0,0,0
R264695048,0,0,0,0,0,0,0,0,0,0,0,0,0,0,0,0,0,0,0,0
R264699484,0,0,0,0,0,0,0,0,0,0,1,0,0,0,0,0,0,0,1,0
R264710285,0,0,0,0,0,0,0,0,0,0,0,0,0,0,0,0,0,1,0,0
R264711568,0,0,0,0,0,0,0,0,0,0,0,0,0,0,0,0,0,0,0,0
R264713718,0,0,0,0,0,0,0,0,0,0,0,0,0,0,0,0,0,0,1,0
R264722116,0,0,0,0,0,0,0,0,0,0,0,0,0,0,0,1,1,0,1,0
R264726584,0,0,0,0,0,0,0,0,0,0,0,0,0,0,0,0,0,0,0,0
R264728018,0,0,0,0,0,0,0,0,0,0,0,0,0,0,0,1,1,0,1,0
R264755375,0,0,0,0,0,0,0,0,0,0,0,0,0,1,0,0,0,0,1,0
R264765977,0,0,0,0,0,0,0,0,0,0,0,0,0,0,0,0,0,0,1,0
R264768930,0,0,0,0,0,0,0,0,0,0,0,0,0,0,0,0,0,0,0,0
R264784723,0,0,0,0,0,0,0,0,0,0,0,0,0,0,0,0,0,0,0,0
R264814479,0,0,0,0,0,0,0,0,0,0,1,0,0,0,0,0,0,0,1,0
R264864676,0,0,0,0,0,0,0,0,0,0,0,0,0,0,0,0,0,0,0,0
R264886021,0,0,0,0,0,0,0,0,0,0,0,0,0,0,0,1,0,0,0,0
R264889500,0,0,0,0,0,0,0,0,0,0,0,0,0,1,0,0,0,0,0,0
R264899673,0,0,0,0,1,1,0,0,0,0,0,0,0,0,0,1,0,0,1,0
R264935220,0,0,0,0,0,0,0,0,0,0,0,0,0,0,0,0,0,0,0,0
R264945961,0,0,0,0,0,0,0,0,0,0,0,0,0,0,0,1,1,0,1,0
R264984750,0,0,0,0,0,0,0,0,0,0,0,0,0,0,0,0,0,0,0,0
R264989016,0,0,0,0,0,0,0,0,0,0,0,0,0,0,0,0,0,0,0,0
R264991961,0,0,0,0,0,0,0,0,1,0,0,0,0,1,0,0,0,0,0,0
R264997781,0,0,0,0,0,0,0,0,0,0,0,0,0,0,0,0,0,0,0,0
R265036935,0,0,0,0,0,0,0,0,0,0,0,0,0,0,0,0,0,0,0,0
R265047336,0,0,0,0,0,0,0,0,0,0,0,0,0,0,0,0,0,0,0,0
R265052300,0,0,0,0,0,0,0,0,0,0,0,0,0,0,0,0,0,0,0,0
R265083842,0,0,0,0,0,0,0,0,0,0,0,0,0,0,0,0,0,0,1,0
R265102651,0,0,0,0,0,1,0,0,0,0,0,0,0,0,1,0,0,0,1,0
R265106550,0,0,0,0,0,0,0,0,0,0,0,0,0,0,0,0,0,0,0,0
R265110095,0,0,0,0,0,0,0,0,0,0,0,0,0,0,0,0,0,0,0,0
R265129443,0,0,0,0,0,0,0,0,0,0,0,0,0,0,0,0,0,0,0,0
R265147904,0,0,0,0,0,0,0,0,0,0,0,0,0,0,0,0,0,0,0,0
R265155302,0,0,0,0,0,0,0,0,0,0,0,0,0,0,0,0,0,0,0,0
R265172141,0,0,0,0,0,0,0,0,0,0,0,0,0,0,0,0,0,1,0,0
R265181630,0,0,0,0,0,0,0,0,0,0,0,0,0,0,0,1,1,0,1,0
R265182305,0,0,0,0,0,0,0,0,0,0,0,0,0,0,0,0,0,0,1,0
R265187689,0,0,0,0,0,0,0,0,0,0,0,0,0,0,0,0,0,0,0,0
R265218353,0,0,0,0,0,0,0,0,0,0,0,0,0,0,0,0,0,0,0,0
R265230607,0,0,0,0,0,0,0,0,0,0,0,0,0,0,0,0,0,0,0,0
R265235886,0,0,0,0,0,0,0,0,0,0,0,0,0,0,0,0,0,0,0,0
R265246300,0,0,0,0,0,0,0,0,0,0,0,0,0,0,0,0,0,0,0,0
R265250757,0,0,0,0,0,0,0,0,0,0,1,0,0,0,0,0,0,0,0,0
R265256035,0,0,0,0,0,0,0,0,0,0,0,0,0,0,0,0,0,0,0,0
R265256300,0,0,0,0,0,0,0,0,0,0,0,0,0,0,0,0,0,0,0,0
R265282924,0,0,0,0,0,0,0,0,0,0,0,0,0,0,0,0,0,0,0,0
R265321504,0,0,0,0,0,0,0,0,0,0,0,0,0,0,0,1,0,0,1,0
R265323676,0,0,0,0,0,0,0,0,0,0,0,0,0,0,0,0,0,0,0,0
R265329197,0,0,0,0,0,0,0,0,0,0,0,0,0,1,0,0,0,0,0,0
R265330877,0,0,0,0,0,0,0,0,0,0,1,0,0,0,0,0,0,0,0,0
R265331190,0,0,0,0,0,0,0,0,0,0,0,0,0,0,0,0,0,0,0,0
R265333806,0,0,0,0,0,0,0,0,0,0,0,0,0,0,0,0,0,0,0,0
R265340819,0,0,0,0,0,0,0,0,0,0,0,0,0,0,0,0,0,0,0,0
R265343548,0,0,0,0,0,0,0,0,0,0,0,0,0,0,0,0,0,0,0,0
R265359516,0,0,0,0,1,1,0,0,0,0,0,0,0,0,0,0,0,0,0,0
R265367068,0,0,0,0,0,0,0,0,0,0,1,0,0,0,0,0,0,0,0,0
R265393384,0,0,0,0,0,1,0,0,0,0,1,0,0,0,0,0,0,0,1,0
R265393538,0,0,0,0,0,0,0,0,0,0,0,0,0,0,0,0,0,0,1,0
R265441114,0,0,0,0,0,0,0,0,0,0,0,0,0,0,0,0,0,1,1,0
R265448938,0,0,0,0,0,0,0,0,0,0,0,0,0,0,0,0,0,0,0,0
R265494898,0,0,0,0,0,0,0,0,0,0,0,0,0,0,0,0,0,0,0,0
R265512632,0,0,0,0,1,1,0,0,0,0,0,0,0,0,0,1,1,0,0,0
R265532832,0,0,0,0,0,0,0,0,0,0,0,0,0,0,0,0,0,0,0,0
R265555086,0,0,0,0,0,0,0,0,0,0,0,0,0,0,0,0,0,0,0,0
R265556216,0,0,0,0,1,1,0,0,0,0,0,1,0,0,0,0,0,1,1,0
R265556783,0,0,0,0,0,0,0,0,0,0,0,0,0,0,0,0,0,0,0,0
R265587582,0,0,0,0,0,0,0,0,0,0,0,0,0,0,0,0,0,0,0,0
R265597252,0,0,0,0,0,1,0,0,0,0,0,0,0,0,0,0,0,1,0,0
R265601640,0,0,0,0,0,0,0,0,0,0,1,0,0,0,0,0,0,0,0,0
R265608533,0,0,0,0,0,0,0,0,0,0,0,0,0,0,0,0,0,0,0,0
R265627579,0,0,0,0,0,0,0,0,0,0,0,0,0,0,0,0,0,0,0,0
R265627708,0,0,0,0,0,0,0,0,0,0,0,0,0,0,0,0,0,0,0,0
R265651256,0,0,0,0,0,0,0,0,0,0,1,0,0,1,0,0,0,0,0,0
R265660539,0,0,0,0,0,0,0,0,0,0,0,0,0,0,0,0,0,0,0,0
R265667924,0,0,0,0,0,0,0,0,0,0,0,0,0,0,0,0,0,0,0,0
R265670633,0,0,0,0,0,0,0,0,0,0,0,0,0,0,0,1,0,0,0,0
R265700317,0,0,0,0,0,0,0,0,0,0,0,0,0,0,0,0,0,0,1,0
R265716298,0,0,0,0,0,0,0,0,0,0,1,0,0,0,0,0,0,0,0,0
R265756763,0,0,0,0,1,1,0,0,1,0,1,0,0,1,0,1,0,1,0,0
R265766392,0,0,0,0,0,0,0,0,0,0,1,0,0,0,0,0,0,0,0,0
R265771265,0,0,0,0,0,0,0,0,0,0,1,0,0,0,0,0,0,0,0,0
R265802822,0,0,0,0,1,1,0,0,0,0,0,0,0,0,0,0,0,1,0,0
R265803219,0,0,0,0,0,0,0,0,0,0,0,0,0,0,0,1,0,0,1,0
R265830915,0,0,0,0,1,1,0,0,1,0,1,0,0,1,0,1,1,0,1,0
R265832363,0,0,0,0,0,0,0,0,0,0,1,0,0,1,0,0,0,0,0,0
R265832808,0,0,0,0,0,0,0,0,0,0,0,0,0,0,0,0,0,0,0,0
R265833871,0,0,0,0,0,0,0,0,0,0,0,0,0,0,0,0,0,0,0,0
R265860296,0,0,0,0,1,1,0,0,0,0,1,0,0,0,0,1,0,0,0,0
R265862692,0,0,0,0,0,0,0,0,0,0,0,0,0,0,0,0,0,0,0,0
R265880674,0,0,0,0,0,0,0,0,0,0,0,0,0,0,0,0,0,0,0,0
R265942293,0,0,0,0,0,0,0,0,0,0,0,0,0,0,0,0,0,0,1,0
R265961440,0,0,0,0,0,0,0,0,0,0,0,0,0,1,0,1,1,0,1,0
R265974356,0,0,0,0,0,0,0,0,0,0,1,0,0,0,0,0,0,0,0,0
R266005907,0,0,0,0,0,0,0,0,0,0,0,0,0,0,0,0,0,0,0,0
R266011507,0,0,0,0,0,0,0,0,0,0,0,0,0,0,0,0,0,0,0,0
R266016755,0,0,0,0,0,0,0,0,0,0,0,0,0,0,0,0,0,0,1,0
R266021828,0,0,0,0,0,0,0,0,0,0,0,0,0,0,0,0,0,0,0,0
R266065576,0,0,0,0,0,0,0,0,0,0,0,0,0,0,0,0,0,0,0,0
R266099028,0,0,0,0,0,0,0,0,0,0,0,0,0,0,0,0,0,0,0,0
R266128878,0,0,0,0,0,0,0,0,0,0,0,0,0,0,0,1,1,0,1,0
R266138718,0,0,0,0,0,0,0,0,0,0,0,0,0,0,0,0,0,0,1,0
R266146023,0,0,0,0,1,1,0,0,0,0,1,0,0,0,0,1,0,0,1,0
R266149965,0,0,0,0,0,0,0,0,0,0,0,0,0,0,0,0,0,0,0,0
R266218841,0,0,0,0,1,1,0,0,1,0,1,0,0,1,0,1,1,1,1,0
R266221925,0,0,0,0,0,0,0,0,0,0,1,0,0,0,0,0,0,0,1,0
R266250579,0,0,0,0,0,0,0,0,0,0,0,0,0,0,0,0,0,0,0,0
R266294605,0,0,0,0,1,1,0,0,0,0,1,0,0,0,1,0,0,1,0,0
R266365137,0,0,0,0,0,0,0,0,0,0,0,0,0,0,0,0,0,0,0,0
R266377684,0,0,0,0,0,0,0,0,0,0,0,0,0,0,0,0,0,0,0,0
R266381998,0,0,0,0,0,0,0,0,0,0,0,0,0,0,0,0,0,0,1,0
R266437294,0,0,0,0,0,0,0,0,0,0,0,0,0,0,0,0,0,0,0,0
R266456951,0,0,0,0,0,0,0,0,0,0,0,0,0,0,0,1,1,0,1,0
R266467029,0,0,0,0,0,1,0,0,0,0,0,0,0,0,0,0,0,0,0,0
R266472717,0,0,0,0,0,0,0,0,0,0,0,0,0,0,0,0,0,0,0,0
R266479967,0,0,0,0,0,0,0,0,0,0,0,0,0,0,0,0,0,0,0,0
R266494254,0,0,0,0,0,0,0,0,0,0,0,0,0,0,0,1,0,0,1,0
R266541943,0,0,0,0,0,0,0,0,0,0,0,0,0,0,0,0,0,0,0,0
R266542779,0,0,0,0,0,0,0,0,0,0,0,0,0,0,0,0,0,0,0,0
R266572720,0,0,0,0,0,0,0,0,0,0,0,0,0,0,0,0,0,1,1,0
R266583116,0,0,0,0,0,0,0,0,0,0,0,0,0,0,0,0,0,0,0,0
R266598371,0,0,0,0,0,0,0,0,0,0,0,0,0,0,0,0,0,0,0,0
R266615452,0,0,0,0,0,0,0,0,0,0,0,0,0,0,0,0,0,0,0,0
R266616211,0,0,0,0,0,0,0,0,0,0,0,0,0,0,0,0,0,0,1,0
R266621776,0,0,0,0,0,0,0,0,0,0,0,0,0,1,0,0,0,0,0,0
R266625200,0,0,0,0,0,0,0,0,0,0,0,0,0,0,0,0,0,0,0,0
R266627631,0,0,0,0,0,0,0,0,0,0,0,0,0,0,0,0,0,0,0,0
R266637285,0,0,0,0,0,0,0,0,0,0,0,0,0,0,0,0,0,0,0,0
R266661834,0,0,0,0,0,0,0,0,0,0,0,0,0,0,0,0,0,0,0,0
R266674898,0,0,0,0,0,0,0,0,0,0,1,0,0,0,0,0,0,0,1,0
R266699705,0,0,0,0,0,0,0,0,0,0,0,0,0,0,0,0,0,0,0,0
R266718452,0,0,0,0,0,0,0,0,0,0,0,0,0,0,0,0,0,0,0,0
R266721020,0,0,0,0,0,0,0,0,0,0,0,0,0,0,0,1,1,0,1,0
R266763240,0,0,0,0,0,0,0,0,0,0,0,0,0,0,0,0,0,0,0,0
R266765052,0,0,0,0,0,1,0,0,0,0,0,0,0,0,0,1,1,0,1,0
R266774999,0,0,0,0,0,0,0,0,0,0,0,0,0,0,0,0,0,0,0,0
R266848819,0,0,0,0,0,0,0,0,0,0,0,0,0,0,0,0,0,0,0,0
R266892271,0,0,0,0,0,0,0,0,0,0,0,0,0,0,0,0,0,0,0,0
R266892559,0,0,0,0,0,0,0,0,0,0,0,0,0,0,0,0,0,0,1,0
R266901103,0,0,0,0,0,0,0,0,0,0,0,0,0,0,0,0,0,0,0,0
R266922442,0,0,0,0,0,0,0,0,0,0,0,0,0,0,0,0,0,0,1,0
R266932289,0,0,0,0,1,1,0,0,0,0,0,0,0,0,0,1,0,1,0,0
R266951573,0,0,0,0,0,0,0,0,0,0,0,0,0,0,0,0,0,0,0,0
R266987456,0,0,0,0,0,0,0,0,0,0,0,0,0,0,0,0,0,0,0,0
R266989784,0,0,0,0,0,0,0,0,0,0,0,1,0,0,0,0,0,1,0,0
R267004423,0,0,0,0,0,0,0,0,0,0,0,0,0,0,0,0,0,0,0,0
R267060621,0,0,0,0,0,0,0,0,0,0,0,0,0,0,0,0,0,0,0,0
R267066439,0,0,0,0,0,0,0,0,0,0,0,0,0,0,0,0,0,0,0,0
R267069647,0,0,0,0,0,0,0,0,0,0,0,0,0,0,0,0,0,0,1,0
R267084627,0,0,0,0,0,0,0,0,0,0,0,0,0,0,0,0,0,0,0,0
R267112297,0,0,0,0,0,0,0,0,0,0,0,0,0,0,0,0,0,0,0,0
R267166216,0,0,0,0,0,0,0,0,0,0,0,0,0,0,0,0,0,0,1,0
R267170418,0,0,0,0,0,0,0,0,0,0,0,0,0,0,0,0,0,0,0,0
R267249834,0,0,0,0,0,0,0,0,0,0,1,0,0,0,0,0,0,0,0,0
R267258316,0,0,0,0,1,1,0,0,0,0,0,0,0,0,0,1,0,0,1,0
R267265594,0,0,0,0,0,0,0,0,0,0,0,0,0,0,0,0,0,0,0,0
R267371308,0,0,0,0,0,0,0,0,0,0,0,0,0,0,0,0,0,0,0,0
R267383416,0,0,0,0,0,0,0,0,0,0,0,0,0,1,0,0,0,0,0,0
R267424772,0,0,0,0,0,0,0,0,0,0,0,0,0,0,0,0,0,0,0,0
R267426911,0,0,0,0,0,0,0,0,0,0,0,0,0,0,0,0,0,0,0,0
R267443478,0,0,0,0,0,0,0,0,0,0,0,0,0,0,0,0,0,0,0,0
R267443693,0,0,0,0,0,0,0,0,0,0,0,0,0,1,0,0,0,0,0,0
R267446615,0,0,0,0,0,0,0,0,0,0,0,0,0,0,0,1,0,0,1,0
R267451620,0,0,0,0,1,1,0,0,0,0,0,0,0,0,0,0,0,0,0,0
R267467553,0,0,0,0,0,0,0,0,0,0,0,0,0,0,0,0,0,0,0,0
R267467917,0,0,0,0,1,1,0,0,0,0,1,0,0,0,0,0,0,0,1,0
R267497018,0,0,0,0,0,0,0,0,0,0,0,0,0,0,0,0,0,0,0,0
R267524724,0,0,0,0,0,0,0,0,0,0,0,0,0,1,0,0,0,1,1,0
R267545854,0,0,0,0,0,1,0,0,0,0,0,1,0,1,1,0,0,1,0,0
R267555641,0,0,0,0,0,0,0,0,0,0,0,0,0,0,0,0,0,0,0,0
R267565227,0,0,0,0,0,0,0,0,0,0,1,0,0,0,0,0,0,0,0,0
R267647790,0,0,0,0,0,0,0,0,0,0,0,0,0,0,0,0,0,0,0,0
R267727079,0,0,0,0,0,0,0,0,0,0,0,0,0,0,0,0,0,0,0,0
R267741851,0,0,0,0,0,0,0,0,0,0,0,0,0,0,0,0,0,0,0,0
R267763818,0,0,0,0,0,0,0,0,0,0,1,0,0,1,0,0,0,0,0,0
R267793591,0,0,0,0,0,0,0,0,0,0,0,0,0,0,0,0,0,0,0,0
R267810650,0,0,0,0,0,0,0,0,0,0,1,0,0,0,0,0,0,0,0,0
R267838801,0,0,0,0,0,0,0,0,0,0,0,0,0,0,0,0,0,0,0,0
R267850370,0,0,0,0,1,1,0,0,1,0,0,1,0,1,0,0,0,1,0,0
R267876373,0,0,0,0,0,0,0,0,0,0,0,0,0,0,0,0,0,0,1,0
R267920375,0,0,0,0,0,0,0,0,0,0,0,0,0,0,0,0,0,0,0,0
R267938753,0,0,0,0,0,0,0,0,0,0,0,0,0,0,0,0,0,0,0,0
R267959804,0,0,0,0,0,0,0,0,0,0,0,0,0,0,0,0,0,0,0,0
R267964577,0,0,0,0,0,0,0,0,0,0,0,0,0,0,0,0,0,0,0,0
R268015474,0,0,0,0,0,0,0,0,0,0,0,0,0,0,0,0,0,0,0,0
R268056264,0,0,0,0,0,0,0,0,0,0,1,0,0,0,0,0,0,0,0,0
R268112723,0,0,0,0,1,1,0,0,0,0,1,0,0,0,0,0,0,0,1,0
R268135383,0,0,0,0,0,0,0,0,0,0,1,0,0,0,0,0,0,0,0,0
R268157148,0,0,0,0,0,0,0,0,0,0,0,0,0,0,0,0,0,0,0,0
R268196085,0,0,0,0,0,0,0,0,0,0,0,0,0,0,0,0,0,0,0,0
R268202352,0,0,0,0,0,0,0,0,0,0,0,0,0,0,0,0,0,0,0,0
R268237237,0,0,0,0,0,0,0,0,0,0,0,0,0,0,0,0,0,0,0,0
R268254098,0,0,0,0,0,0,0,0,0,0,0,0,0,0,0,0,0,0,0,0
R268259587,0,0,0,0,0,0,0,0,0,0,1,1,0,0,0,0,0,1,1,0
R268270388,0,0,0,0,0,0,0,0,0,0,0,0,0,0,0,0,0,0,0,0
R268272257,0,0,0,0,0,0,0,0,0,0,0,0,0,0,0,1,0,0,0,0
R268275536,0,0,0,0,0,0,0,0,0,0,0,0,0,0,0,0,0,0,0,0
R268298487,0,0,0,0,1,1,0,0,1,0,1,0,0,1,0,1,0,0,1,0
R268366483,0,0,0,0,1,1,0,0,1,0,0,0,0,1,0,0,0,0,0,0
R268380027,0,0,0,0,1,1,0,0,0,0,1,0,0,0,0,1,1,0,1,0
R268381172,0,0,0,0,1,1,0,0,0,0,0,0,0,0,0,0,0,0,0,0
R268381664,0,0,0,0,0,0,0,0,0,0,0,0,0,0,0,0,0,0,0,0
R268390115,0,0,0,0,0,0,0,0,0,0,1,0,0,0,0,0,0,0,1,0
R268390654,0,0,0,0,0,0,0,0,0,0,0,0,0,0,0,0,0,0,0,0
R268409221,0,0,0,0,0,0,0,0,0,0,0,0,0,0,0,0,0,0,0,0
R268409650,0,0,0,0,0,0,0,0,0,0,0,0,0,0,0,0,0,0,0,0
R268411553,0,0,0,0,0,0,0,0,0,0,0,0,0,0,0,1,1,0,1,0
R268415441,0,0,0,0,0,0,0,0,0,0,0,0,0,0,0,0,0,0,0,0
R268418052,0,0,0,0,0,0,0,0,0,0,1,0,0,0,0,0,0,0,0,0
R268454342,0,0,0,0,0,0,0,0,0,0,0,0,0,0,0,0,0,0,0,0
R268479194,0,0,0,0,0,0,0,0,0,0,0,0,0,0,0,0,0,0,1,0
R268491237,0,0,0,0,0,0,0,0,0,0,1,0,0,0,0,0,0,0,0,0
R268498203,0,0,0,0,0,0,0,0,0,0,0,0,0,0,0,0,0,0,1,0
R268513044,0,0,0,0,0,0,0,0,0,0,0,0,0,0,0,0,0,0,0,0
R268569672,0,0,0,0,0,0,0,0,0,0,0,0,0,0,0,0,0,0,0,0
R268625105,0,0,0,0,0,0,0,0,0,0,0,0,0,0,0,0,0,0,0,0
R268638937,0,0,0,0,0,0,0,0,0,0,0,0,0,0,0,0,0,0,0,0
R268667621,0,0,0,0,0,0,0,0,0,0,0,0,0,0,0,0,0,0,0,0
R268672035,0,0,0,0,0,0,0,0,0,0,0,0,0,0,0,0,0,0,0,0
R268672771,0,0,0,0,0,0,0,0,0,0,0,0,0,0,0,0,0,0,1,0
R268704085,0,0,0,0,0,0,0,0,0,0,0,0,0,0,0,0,0,0,0,0
R268719458,0,0,0,0,1,1,0,0,0,0,0,0,0,0,0,0,0,1,1,0
R268729007,0,0,0,0,1,1,0,0,0,0,0,0,0,0,0,0,0,0,0,0
R268808253,0,0,0,0,0,0,0,0,0,0,0,0,0,0,0,0,0,0,0,0
R268809307,0,0,0,0,0,0,0,0,0,0,0,0,0,0,0,0,0,0,0,0
R268838682,0,0,0,0,0,0,0,0,0,0,0,0,0,0,0,1,1,0,1,0
R268867448,0,0,0,0,0,0,0,0,0,0,0,0,0,0,0,0,0,0,0,0
R268882408,0,0,0,0,0,0,0,0,0,0,1,0,0,0,0,0,0,0,0,0
R268916317,0,0,0,0,0,0,0,0,0,0,0,0,0,0,0,0,0,0,0,0
R268933673,0,0,0,0,0,0,0,0,0,0,0,0,0,0,0,0,0,1,0,0
R268934203,0,0,0,0,0,0,0,0,0,0,0,0,0,0,0,0,0,0,0,0
R268980560,0,0,0,0,0,0,0,0,0,0,0,0,0,0,0,0,0,0,0,0
R269019964,0,0,0,0,0,0,0,0,0,0,0,0,0,1,0,0,0,0,1,0
R269052321,0,0,0,0,0,0,0,0,0,0,1,0,0,0,0,0,0,0,0,0
R269055436,0,0,0,0,0,0,0,0,0,0,0,0,0,0,0,1,0,0,0,0
R269076461,0,0,0,0,0,0,0,0,0,0,0,0,0,0,0,0,0,0,0,0
R269085702,0,0,0,0,0,0,0,0,0,0,0,0,0,0,0,0,0,0,0,0
R269092834,0,0,0,0,0,0,0,0,0,0,0,0,0,0,0,0,0,0,0,0
R269106713,0,0,0,0,0,0,0,0,0,0,0,0,0,0,0,0,0,0,0,0
R269155102,0,0,0,0,0,0,0,0,0,0,0,0,0,0,0,0,0,0,1,0
R269168833,0,0,0,0,0,0,0,0,0,0,0,0,0,0,0,1,1,0,0,0
R269174664,0,0,0,0,0,0,0,0,0,0,0,0,0,0,0,0,0,0,0,0
R269214161,0,0,0,0,0,0,0,0,0,0,0,0,0,0,0,0,0,0,0,0
R269218336,0,0,0,0,0,0,0,0,0,0,0,0,0,0,0,0,0,0,0,0
R269218779,0,0,0,0,1,1,0,0,0,0,1,1,0,1,0,1,0,1,1,0
R269219740,0,0,0,0,0,0,0,0,0,0,1,0,0,0,0,0,0,0,0,0
R269242781,0,0,0,0,0,0,0,0,0,0,0,0,0,0,0,0,0,0,0,0
R269249478,0,0,0,0,0,0,0,0,0,0,0,0,0,1,0,0,0,0,0,0
R269258447,0,0,0,0,0,0,0,0,0,0,1,0,0,0,0,0,0,0,0,0
R269284736,0,0,0,0,0,0,0,0,0,0,0,1,0,0,0,1,0,1,1,0
R269289153,0,0,0,0,0,0,0,0,0,0,0,0,0,0,0,0,0,1,0,0
R269309947,0,0,0,0,0,0,0,0,0,0,0,0,0,0,0,0,0,0,0,0
R269312274,0,0,0,0,0,0,0,0,0,0,0,0,0,0,0,0,0,0,0,0
R269397780,0,0,0,0,0,1,0,0,0,0,0,0,0,0,0,0,0,1,0,0
R269404663,0,0,0,0,1,1,0,0,0,0,0,0,0,0,0,0,0,0,0,0
R269418901,0,0,0,0,0,0,0,0,0,0,0,0,0,0,0,0,0,0,0,0
R269454542,0,0,0,0,0,0,0,0,0,0,0,0,0,0,0,0,0,0,0,0
R269489778,0,0,0,0,0,0,0,0,0,0,0,0,0,0,0,1,0,0,1,0
R269494457,0,0,0,0,0,0,0,0,0,0,0,0,0,0,0,0,0,0,0,0
R269503177,0,0,0,0,0,0,0,0,0,0,0,0,0,0,0,0,0,0,0,0
R269512556,0,0,0,0,0,0,0,0,0,0,0,0,0,0,0,0,0,0,0,0
R269522028,0,0,0,0,0,0,0,0,0,0,0,0,0,0,0,0,0,0,0,0
R269596280,0,0,0,0,0,1,0,0,1,0,0,0,0,1,0,1,0,1,1,0
R269611601,0,0,0,0,0,0,0,0,0,0,0,0,0,0,0,0,0,0,1,0
R269613053,0,0,0,0,0,0,0,0,0,0,0,0,0,0,0,0,0,0,0,0
R269642775,0,0,0,0,0,0,0,0,0,0,0,0,0,0,0,0,0,0,0,0
R269655540,0,0,0,0,1,1,0,0,1,0,1,0,0,1,0,1,1,0,1,0
R269673493,0,0,0,0,0,0,0,0,0,0,0,0,0,0,0,0,0,0,0,0
R269673625,0,0,0,0,0,0,0,0,0,0,0,0,0,0,0,1,1,0,1,0
R269676849,0,0,0,0,0,0,0,0,0,0,0,0,0,0,0,0,0,0,0,0
R269696085,0,0,0,0,0,0,0,0,0,0,0,0,0,0,0,0,0,0,0,0
R269737490,0,0,0,0,0,0,0,0,0,0,0,0,0,0,0,0,0,0,0,0
R269740766,0,0,0,0,0,0,0,0,0,0,0,0,0,0,0,0,0,0,0,0
R269756846,0,0,0,0,0,0,0,0,0,0,0,0,0,0,0,0,0,0,0,0
R269760002,0,0,0,0,1,1,0,0,1,0,0,0,0,1,0,0,0,0,0,0
R269826495,0,0,0,0,1,1,0,0,1,0,0,0,0,1,0,0,0,0,0,0
R269833495,0,0,0,0,0,0,0,0,0,0,0,0,0,0,0,0,0,0,0,0
R269834231,0,0,0,0,0,0,0,0,0,0,0,0,0,0,0,0,0,0,1,0
R269895255,0,0,0,0,0,0,0,0,0,0,0,0,0,0,0,0,0,0,0,0
R269896670,0,0,0,0,0,0,0,0,0,0,1,0,0,0,0,0,0,0,1,0
R269907484,0,0,0,0,0,0,0,0,0,0,0,0,0,0,0,0,0,0,0,0
R269908753,0,0,0,0,0,1,0,0,0,0,0,0,0,0,1,0,0,0,0,0
R269942638,0,0,0,0,0,0,0,0,0,0,0,0,0,0,0,0,0,0,1,0
R269944530,0,0,0,0,0,0,0,0,0,0,0,0,0,0,0,0,0,0,0,0
R269977225,0,0,0,0,0,1,0,0,0,0,1,0,0,1,1,0,0,0,0,0
R269983718,0,0,0,0,0,0,0,0,0,0,0,0,0,0,0,0,0,0,0,0
R269994703,0,0,0,0,0,0,0,0,0,0,0,0,0,0,0,0,0,0,0,0
R270019658,0,0,0,0,0,1,0,0,0,0,1,0,0,1,0,0,0,0,0,0
R270053014,0,0,0,0,0,0,0,0,0,0,0,0,0,1,0,0,0,0,0,0
R270062697,0,0,0,0,0,0,0,0,0,0,1,0,0,0,0,0,0,0,0,0
R270081840,0,0,0,0,0,0,0,0,0,0,0,0,0,0,0,0,0,0,0,0
R270149066,0,0,0,0,0,0,0,0,0,0,0,0,0,0,0,0,0,0,0,0
R270151504,0,0,0,0,0,0,0,0,0,0,1,0,0,0,0,0,0,0,0,0
R270166094,0,0,0,0,0,0,0,0,0,0,0,0,0,0,0,0,0,0,0,0
R270177994,0,0,0,0,0,0,0,0,0,0,0,0,0,0,0,0,0,0,0,0
R270180163,0,0,0,0,1,1,0,0,0,0,1,0,0,0,0,0,0,0,0,0
R270255782,0,0,0,0,0,0,0,0,0,0,0,0,0,0,0,0,0,0,0,0
R270257876,0,0,0,0,0,0,0,0,0,0,0,0,0,0,0,0,0,0,1,0
R270257915,0,0,0,0,0,0,0,0,0,0,0,0,0,0,0,0,0,0,0,0
R270313148,0,0,0,0,0,0,0,0,0,0,0,0,0,0,0,0,0,0,0,0
R270347006,0,0,0,0,0,0,0,0,0,0,0,0,0,0,0,0,0,0,0,0
R270352407,0,0,0,0,0,0,0,0,0,0,0,0,0,0,0,0,0,0,0,0
R270360664,0,0,0,0,0,0,0,0,0,0,0,0,0,0,0,0,0,0,0,0
R270387083,0,0,0,0,0,0,0,0,0,0,0,0,0,0,0,0,0,0,0,0
R270390685,0,0,0,0,0,0,0,0,0,0,0,0,0,1,0,0,0,0,0,0
R270401949,0,0,0,0,0,0,0,0,0,0,0,0,0,0,0,0,0,0,0,0
R270408216,0,0,0,0,1,1,0,0,0,0,0,1,0,0,0,1,1,1,1,0
R270415513,0,0,0,0,0,0,0,0,0,0,0,0,0,0,0,0,0,0,0,0
R270417219,0,0,0,0,0,0,0,0,0,0,0,0,0,0,0,0,0,0,0,0
R270436488,0,0,0,0,0,0,0,0,0,0,0,0,0,0,0,0,0,0,0,0
R270456837,0,0,0,0,0,0,0,0,0,0,0,0,0,0,0,0,0,0,0,0
R270461192,0,0,0,0,0,0,0,0,0,0,1,0,0,0,0,0,0,0,0,0
R270474168,0,0,0,0,0,0,0,0,0,0,0,0,0,0,0,0,0,0,0,0
R270483534,0,0,0,0,0,0,0,0,0,0,0,0,0,0,0,0,0,0,0,0
R270492010,0,0,0,0,0,0,0,0,0,0,0,0,0,0,0,0,0,0,1,0
R270503295,0,0,0,0,0,0,0,0,0,0,0,0,0,0,0,0,0,0,0,0
R270507236,0,0,0,0,0,0,0,0,0,0,0,0,0,0,0,0,0,0,0,0
R270517192,0,0,0,0,0,0,0,0,0,0,0,0,0,0,0,0,0,0,0,0
R270547475,0,0,0,0,0,0,0,0,0,0,1,0,0,0,0,0,0,0,0,0
R270591718,0,0,0,0,0,0,0,0,0,0,0,0,0,0,0,0,0,0,0,0
R270608836,0,0,0,0,0,0,0,0,0,0,1,0,0,0,0,0,0,0,0,0
R270685419,0,0,0,0,0,0,0,0,0,0,0,0,0,0,0,0,0,0,0,0
R270694822,0,0,0,0,1,1,0,0,1,0,0,0,0,1,0,1,1,0,1,0
R270696590,0,0,0,0,0,0,0,0,0,0,0,0,0,1,0,0,0,0,0,0
R270697919,0,0,0,0,0,0,0,0,0,0,0,0,0,0,0,0,0,0,0,0
R270706401,0,0,0,0,0,0,0,0,0,0,0,0,0,0,0,0,0,0,1,0
R270761451,0,0,0,0,0,0,0,0,0,0,0,0,0,0,0,0,0,0,0,0
R270794136,0,0,0,0,0,0,0,0,0,0,0,0,0,0,0,0,0,0,1,0
R270823838,0,0,0,0,0,0,0,0,0,0,0,0,0,0,0,0,0,0,1,0
R270828373,0,0,0,0,0,0,0,0,0,0,0,0,0,0,0,0,0,0,0,0
R270832056,0,0,0,0,0,0,0,0,0,0,0,0,0,0,0,0,0,0,1,0
R270847144,0,0,0,0,0,0,0,0,0,0,0,0,0,0,0,0,0,0,0,0
R270860966,0,0,0,0,0,0,0,0,0,0,0,0,0,0,0,0,0,0,0,0
R270866518,0,0,0,0,0,0,0,0,0,0,0,0,0,0,0,0,0,0,0,0
R270875786,0,0,0,0,0,0,0,0,0,0,0,0,0,0,0,0,0,0,1,0
R270880282,0,0,0,0,0,0,0,0,0,0,0,0,0,0,0,0,0,0,0,0
R270881555,0,0,0,0,0,0,0,0,0,0,0,0,0,0,0,0,0,0,0,0
R270883588,0,0,0,0,0,0,0,0,0,0,0,0,0,0,0,0,0,0,0,0
R270913170,0,0,0,0,0,0,0,0,0,0,1,0,0,1,0,0,0,0,0,0
R270914433,0,0,0,0,0,0,0,0,0,0,0,0,0,0,0,0,0,0,0,0
R270955301,0,0,0,0,0,0,0,0,0,0,0,0,0,0,0,0,0,0,0,0
R270977477,0,0,0,0,0,0,0,0,0,0,0,0,0,0,0,0,0,0,0,0
R270987782,0,0,0,0,0,0,0,0,0,0,0,0,0,0,0,0,0,0,0,0
R270988236,0,0,0,0,0,1,0,0,0,0,0,0,0,1,0,1,0,0,0,0
R271005901,0,0,0,0,0,0,0,0,0,0,0,0,0,0,0,0,0,0,0,0
R271006770,0,0,0,0,1,1,0,0,0,0,1,0,0,0,0,1,0,0,1,0
R271013022,0,0,0,0,0,0,0,0,0,0,0,0,0,0,0,1,1,0,1,0
R271016764,0,0,0,0,0,0,0,0,0,0,0,0,0,0,0,0,0,0,0,0
R271069060,0,0,0,0,0,0,0,0,0,0,0,0,0,0,0,0,0,0,0,0
R271087573,0,0,0,0,0,0,0,0,0,0,0,0,0,1,0,0,0,0,0,0
R271096223,0,0,0,0,0,0,0,0,0,0,0,0,0,0,0,0,0,0,0,0
R271106102,0,0,0,0,0,0,0,0,0,0,0,0,0,0,0,0,0,0,1,0
R271160264,0,0,0,0,0,0,0,0,0,0,1,0,0,0,0,0,0,0,0,0
R271186239,0,0,0,0,0,0,0,0,0,0,0,0,0,0,0,0,0,0,0,0
R271215872,0,0,0,0,0,0,0,0,0,0,1,0,0,0,0,1,0,0,0,0
R271230418,0,0,0,0,0,0,0,0,0,0,0,0,0,0,0,0,0,0,0,0
R271261196,0,0,0,0,0,0,0,0,0,0,0,0,0,0,0,0,0,0,0,0
R271295468,0,0,0,0,0,0,0,0,0,0,0,0,0,0,0,0,0,0,0,0
R271319486,0,0,0,0,0,0,0,0,0,0,0,0,0,0,0,0,0,0,1,0
R271322034,0,0,0,0,0,1,0,0,0,0,1,0,0,0,0,0,0,0,1,0
R271383584,0,0,0,0,0,0,0,0,0,0,0,0,0,0,0,0,0,0,0,0
R271390903,0,0,0,0,1,1,0,0,0,0,0,0,0,0,0,0,0,0,0,0
R271397028,0,0,0,0,0,0,0,0,0,0,0,0,0,0,0,0,0,0,0,0
R271402412,0,0,0,0,0,0,0,0,0,0,1,0,0,1,0,0,0,0,1,0
R271405975,0,0,0,0,0,0,0,0,0,0,0,0,0,0,0,0,0,0,0,0
R271408462,0,0,0,0,0,0,0,0,0,0,0,0,0,0,0,0,0,0,0,0
R271424777,0,0,0,0,0,1,0,0,0,0,1,0,0,0,0,0,0,0,0,0
R271463839,0,0,0,0,0,0,0,0,0,0,0,0,0,0,0,0,0,0,1,0
R271473315,0,0,0,0,0,0,0,0,0,0,0,0,0,0,0,0,0,0,0,0
R271475426,0,0,0,0,0,0,0,0,0,0,0,0,0,0,0,0,0,0,0,0
R271489480,0,0,0,0,0,0,0,0,0,0,1,0,0,0,0,0,0,0,0,0
R271490418,0,0,0,0,0,0,0,0,0,0,0,0,0,0,0,0,0,0,0,0
R271515631,0,0,0,0,0,0,0,0,0,0,0,0,0,0,0,0,0,0,0,0
R271516799,0,0,0,0,0,0,0,0,1,0,0,0,1,1,0,1,0,0,0,0
R271536729,0,0,0,0,0,0,0,0,0,0,0,0,0,0,0,0,0,0,0,0
R271536749,0,0,0,0,1,1,0,0,0,0,0,0,0,0,0,0,0,1,0,0
R271563930,0,0,0,0,0,0,0,0,0,0,0,0,0,0,0,0,0,0,0,0
R271575682,0,0,0,0,1,1,0,0,1,0,0,0,0,1,0,1,1,0,0,0
R271578458,0,0,0,0,0,0,0,0,0,0,0,0,0,0,0,0,0,0,0,0
R271595771,0,0,0,0,0,0,0,0,0,0,1,0,0,0,0,0,0,0,0,0
R271617234,0,0,0,0,0,0,0,0,0,0,0,0,0,0,0,0,0,0,0,0
R271640834,0,0,0,0,0,0,0,0,0,0,0,0,0,0,0,0,0,0,0,0
R271659300,0,0,0,0,0,0,0,0,0,0,1,0,0,0,0,1,1,0,0,0
R271683505,0,0,0,0,1,1,0,0,0,0,0,0,0,0,0,0,0,0,1,0
R271683875,0,0,0,0,0,0,0,0,0,0,0,0,0,0,0,0,0,0,0,0
R271686745,0,0,0,0,0,0,0,0,0,0,0,0,0,0,0,0,0,0,0,0
R271737157,0,0,0,0,1,1,0,0,0,0,0,0,0,0,0,1,0,0,0,0
R271756672,0,0,0,0,0,0,0,0,0,0,0,0,0,0,0,0,0,0,0,0
R271790835,0,0,0,0,1,1,0,0,1,0,0,0,0,1,0,1,1,1,1,0
R271798856,0,0,0,0,0,0,0,0,0,0,0,0,0,0,0,0,0,0,0,0
R271819498,0,0,0,0,0,0,0,0,0,0,0,0,0,0,0,0,0,0,0,0
R271836788,0,0,0,0,0,0,0,0,0,0,0,0,0,0,0,0,0,0,0,0
R271836897,0,0,0,0,0,0,0,0,0,0,0,0,0,0,0,0,0,0,0,0
R271837113,0,0,0,0,0,0,0,0,0,0,1,0,0,1,0,0,0,0,0,0
R271840196,0,0,0,0,0,0,0,0,0,0,0,0,0,0,0,0,0,0,0,0
R271860671,0,0,0,0,0,0,0,0,0,0,0,0,0,0,0,0,0,0,0,0
R271863910,0,0,0,0,0,0,0,0,0,0,0,0,0,0,0,0,0,0,1,0
R271869075,0,0,0,0,0,0,0,0,0,0,0,0,0,0,0,0,0,0,0,0
R271877346,0,0,0,0,0,0,0,0,0,0,0,0,0,0,0,0,0,0,0,0
R271935437,0,0,0,0,0,0,0,0,0,0,1,0,0,0,0,0,0,0,0,0
R271941391,0,0,0,0,0,0,0,0,0,0,0,0,0,0,0,0,0,0,0,0
R271942899,0,0,0,0,1,1,0,0,0,0,1,0,0,0,0,0,0,1,1,0
R271982202,0,0,0,0,0,0,0,0,0,0,0,0,0,0,0,0,0,0,0,0
R271988284,0,0,0,0,0,0,0,0,0,0,0,0,0,0,0,0,0,0,0,0
R272001715,0,0,0,0,1,1,0,0,1,0,0,0,0,1,0,0,0,0,0,0
R272057250,0,0,0,0,1,1,0,0,0,0,0,0,0,0,0,0,0,0,1,0
R272058027,0,0,0,0,0,0,0,0,0,0,0,0,0,0,0,0,0,0,0,0
R272071996,0,0,0,0,0,1,0,0,0,0,1,0,0,0,0,0,0,0,0,0
R272075625,0,0,0,0,0,0,0,0,0,0,0,0,0,0,0,1,0,0,0,0
R272104333,0,0,0,0,1,1,0,0,0,0,0,0,0,1,0,1,1,1,1,0
R272126516,0,0,0,0,0,0,0,0,0,0,0,0,0,0,0,0,0,0,0,0
R272139831,0,0,0,0,0,0,0,0,0,0,0,0,0,0,0,0,0,0,1,0
R272170099,0,0,0,0,0,0,0,0,0,0,1,0,0,0,0,0,0,0,0,0
R272188823,0,0,0,0,0,0,0,0,0,0,0,0,0,0,0,0,0,0,0,0
R272216527,0,0,0,0,0,0,0,0,0,0,0,0,0,0,0,0,0,0,0,0
R272250698,0,0,0,0,0,0,0,0,0,0,0,0,0,0,0,0,0,0,0,0
R272301277,0,0,0,0,0,1,0,0,0,0,1,0,0,1,0,0,0,0,0,0
R272322486,0,0,0,0,0,0,0,0,0,0,0,0,0,0,0,0,0,0,0,0
R272342779,0,0,0,0,0,0,0,0,0,0,0,0,0,0,0,0,0,0,1,0
R272343029,0,0,0,0,0,0,0,0,0,0,0,0,0,0,0,0,0,0,0,0
R272398624,0,0,0,0,0,0,0,0,0,0,0,0,0,0,0,0,0,1,0,0
R272415216,0,0,0,0,0,0,0,0,0,0,0,0,0,0,0,0,0,0,0,0
R272432938,0,0,0,0,0,0,0,0,0,0,0,0,0,0,0,0,0,0,1,0
R272443743,0,0,0,0,0,0,0,0,0,0,0,0,0,0,0,0,0,0,0,0
R272469894,0,0,0,0,0,1,0,0,0,0,0,0,0,0,0,0,0,0,0,0
R272475211,0,0,0,0,0,0,0,0,0,0,0,0,0,0,0,0,0,0,0,0
R272480037,0,0,0,0,0,0,0,0,0,0,0,0,0,0,0,0,0,0,0,0
R272494233,0,0,0,0,1,1,0,0,0,0,0,0,0,0,0,0,0,0,1,0
R272515335,0,0,0,0,0,0,0,0,0,0,0,0,0,0,0,0,0,0,0,0
R272525846,0,0,0,0,0,0,0,0,0,0,0,0,0,0,0,0,0,0,1,0
R272561576,0,0,0,0,0,0,0,0,1,0,0,0,0,1,0,1,1,0,1,0
R272562485,0,0,0,0,0,0,0,0,0,0,0,0,0,0,0,0,0,0,1,0
R272575325,0,0,0,0,1,1,0,0,0,0,0,0,0,0,0,1,0,0,0,0
R272579100,0,0,0,0,0,0,0,0,0,0,0,0,0,0,0,0,0,0,0,0
R272586752,0,0,0,0,0,0,0,0,0,0,0,0,0,0,0,0,0,0,0,0
R272588927,0,0,0,0,0,0,0,0,0,0,0,0,0,0,0,0,0,0,0,0
R272615391,0,0,0,0,0,0,0,0,0,0,0,0,0,0,0,0,0,0,0,0
R272623859,0,0,0,0,1,1,0,0,0,0,1,0,0,0,0,0,0,0,0,0
R272648040,0,0,0,0,1,1,0,0,1,0,1,0,0,1,0,1,0,0,1,0
R272649181,0,0,0,0,0,0,0,0,0,0,1,1,0,0,0,0,0,1,0,0
R272678560,0,0,0,0,0,0,0,0,0,0,0,0,0,0,0,0,0,0,0,0
R272708926,0,0,0,0,0,0,0,0,0,0,0,1,0,0,0,1,0,1,0,0
R272744150,0,0,0,0,0,0,0,0,0,0,0,0,0,0,0,0,0,0,0,0
R272746557,0,0,0,0,0,0,0,0,0,0,1,0,0,0,0,0,0,0,0,0
R272748930,0,0,0,0,0,0,0,0,0,0,0,0,0,0,0,0,0,0,1,0
R272750255,0,0,0,0,0,0,0,0,0,0,0,0,0,0,0,0,0,0,0,0
R272757434,0,0,0,0,0,0,0,0,0,0,0,0,0,0,0,0,0,0,0,0
R272770687,0,0,0,0,0,0,0,0,0,0,0,0,0,0,0,0,0,0,0,0
R272786375,0,0,0,0,1,1,0,0,0,0,1,0,0,0,0,0,0,0,1,0
R272820820,0,0,0,0,0,1,0,0,0,0,1,0,0,0,1,0,0,0,0,0
R272827896,0,0,0,0,0,0,0,0,0,0,0,0,0,0,0,0,0,0,0,0
R272853915,0,0,0,0,0,0,0,0,0,0,0,0,0,0,0,0,0,0,0,0
R272906612,0,0,0,0,0,0,0,0,0,0,0,0,0,0,0,0,0,0,0,0
R272958327,0,0,0,0,0,0,0,0,0,0,0,0,0,0,0,0,0,0,0,0
R272965872,0,0,0,0,0,0,0,0,0,0,0,0,0,0,0,0,0,0,0,0
R272969164,0,0,0,0,0,0,0,0,0,0,0,0,0,0,0,0,0,0,0,0
R272972958,0,0,0,0,0,0,0,0,0,0,0,0,0,0,0,0,0,0,0,0
R272973042,0,0,0,0,0,0,0,0,0,0,0,0,0,0,0,0,0,0,0,0
R273004846,0,0,0,0,0,0,0,0,0,0,0,0,0,0,0,1,0,0,1,0
R273023590,0,0,0,0,0,0,0,0,0,0,0,0,0,0,0,0,0,0,0,0
R273039123,0,0,0,0,0,0,0,0,0,0,0,0,0,0,0,0,0,0,0,0
R273051797,0,0,0,0,0,0,0,0,1,0,1,0,0,1,0,0,0,0,0,0
R273065336,0,0,0,0,0,0,0,0,0,0,0,0,0,0,0,0,0,0,1,0
R273073161,0,0,0,0,0,0,0,0,0,0,1,0,0,0,0,0,0,0,0,0
R273124642,0,0,0,0,1,1,0,0,1,0,1,0,0,1,0,0,0,0,0,0
R273146660,0,0,0,0,1,1,0,0,0,0,0,0,0,0,1,0,0,0,1,0
R273153308,0,0,0,0,0,0,0,0,0,0,0,0,0,0,0,0,0,0,0,0
R273184930,0,0,0,0,0,0,0,0,0,0,0,0,0,0,0,0,0,0,0,0
R273186162,0,0,0,0,0,0,0,0,0,0,0,0,0,0,0,0,0,0,0,0
R273202298,0,0,0,0,0,0,0,0,0,0,0,0,0,0,0,0,0,0,1,0
R273204284,0,0,0,0,0,0,0,0,0,0,0,0,0,0,0,0,0,0,0,0
R273205454,0,0,0,0,0,0,0,0,0,0,0,0,0,0,0,0,0,0,0,0
R273229782,0,0,0,0,0,0,0,0,0,0,0,0,0,0,0,0,0,1,1,0
R273231058,0,0,0,0,0,0,0,0,0,0,0,0,0,0,0,0,0,0,0,0
R273288486,0,0,0,0,1,1,0,0,0,0,1,0,0,0,0,0,0,0,0,0
R273291935,0,0,0,0,0,0,0,0,1,0,0,0,0,1,0,1,0,0,0,0
R273293266,0,0,0,0,0,0,0,0,0,0,0,0,0,0,0,0,0,0,0,0
R273310625,0,0,0,0,0,0,0,0,0,0,0,0,0,0,0,0,0,0,0,0
R273373841,0,0,0,0,0,0,0,0,0,0,0,0,0,1,0,0,0,0,1,0
R273397663,0,0,0,0,0,0,0,0,0,0,0,0,0,0,0,0,0,0,0,0
R273473378,0,0,0,0,0,0,0,0,0,0,0,0,0,0,0,0,0,0,0,0
R273491863,0,0,0,0,0,0,0,0,0,0,0,0,0,0,0,0,0,0,0,0
R273492771,0,0,0,0,0,0,0,0,0,0,0,0,0,0,0,0,0,0,0,0
R273501882,0,0,0,0,0,0,0,0,0,0,0,0,0,0,0,0,0,1,1,0
R273537646,0,0,0,0,0,1,0,0,0,0,0,0,0,0,0,0,0,0,1,0
R273563587,0,0,0,0,0,0,0,0,0,0,0,0,0,0,0,0,0,0,1,0
R273571681,0,0,0,0,0,0,0,0,0,0,0,0,0,0,0,0,0,0,0,0
R273571858,0,0,0,0,0,0,0,0,0,0,0,0,0,0,0,0,0,0,0,0
R273589744,0,0,0,0,0,0,0,0,0,0,1,0,0,0,0,0,0,0,1,0
R273591317,0,0,0,0,0,0,0,0,0,0,0,0,0,0,0,0,0,0,0,0
R273654347,0,0,0,0,0,0,0,0,0,0,0,0,0,0,0,0,0,0,1,0
R273661420,0,0,0,0,0,0,0,0,0,0,0,0,0,0,0,0,0,0,1,0
R273674451,0,0,0,0,0,0,0,0,0,0,0,0,0,0,0,0,0,0,0,0
R273680290,0,0,0,0,1,1,0,0,0,0,1,0,0,0,0,0,0,0,0,0
R273698827,0,0,0,0,0,0,0,0,0,0,0,0,0,0,0,0,0,0,0,0
R273703591,0,0,0,0,0,0,0,0,0,0,0,0,0,0,0,0,0,0,0,0
R273706937,0,0,0,0,0,0,0,0,0,0,0,0,0,0,0,0,0,0,1,0
R273712685,0,0,0,0,0,0,0,0,0,0,0,0,0,0,0,1,1,0,1,0
R273783181,0,0,0,0,0,0,0,0,0,0,0,0,0,0,0,0,0,0,1,0
R273800528,0,0,0,0,0,0,0,0,0,0,0,0,0,0,0,0,0,0,0,0
R273841954,0,0,0,0,0,0,0,0,0,0,0,0,0,0,0,0,0,0,0,0
R273844694,0,0,0,0,0,0,0,0,0,0,0,0,0,0,0,0,0,0,0,0
R273879606,0,0,0,0,0,0,0,0,0,0,0,0,0,0,0,0,0,0,0,0
R273930839,0,0,0,0,0,0,0,0,0,0,0,0,0,0,0,1,0,0,0,0
R273944418,0,0,0,0,0,0,0,0,0,0,0,0,0,0,0,1,1,0,1,0
R273949891,0,0,0,0,1,1,0,0,0,0,1,0,0,0,0,0,0,0,0,0
R273963498,0,0,0,0,0,0,0,0,0,0,0,0,0,0,0,0,0,0,0,0
R273972866,0,0,0,0,0,0,0,0,0,0,0,0,0,0,0,0,0,0,0,0
R273988846,0,0,0,0,0,0,0,0,0,0,0,0,0,0,0,0,0,0,0,0
R273993252,0,0,0,0,0,0,0,0,0,0,0,0,0,0,0,1,0,1,0,0
R274015589,0,0,0,0,0,0,0,0,0,0,0,0,0,0,0,0,0,0,0,0
R274036797,0,0,0,0,0,0,0,0,0,0,0,0,0,0,0,0,0,0,0,0
R274081836,0,0,0,0,0,0,0,0,0,0,0,0,0,0,0,1,1,0,1,0
R274085342,0,0,0,0,0,0,0,0,0,0,0,0,0,0,0,0,0,0,0,0
R274091725,0,0,0,0,0,0,0,0,0,0,0,0,0,0,0,0,0,0,0,0
R274101896,0,0,0,0,0,0,0,0,0,0,1,0,0,0,0,0,0,1,1,0
R274112109,0,0,0,0,0,1,0,0,0,0,1,1,0,0,0,0,0,1,1,0
R274115417,0,0,0,0,0,0,0,0,0,0,1,0,0,0,0,0,0,0,1,0
R274137723,0,0,0,0,0,0,0,0,0,0,0,0,0,0,0,0,0,0,0,0
R274141469,0,0,0,0,0,0,0,0,0,0,0,0,0,0,0,0,0,0,0,0
R274170546,0,0,0,0,0,0,0,0,0,0,0,0,0,1,0,0,0,0,0,0
R274234160,0,0,0,0,0,1,0,0,0,0,0,0,0,1,1,0,0,0,0,0
R274238096,0,0,0,0,0,0,0,0,0,0,0,0,0,1,0,1,0,0,1,0
R274241238,0,0,0,0,0,0,0,0,0,0,1,0,0,0,0,0,0,0,0,0
R274241317,0,0,0,0,0,0,0,0,0,0,0,0,0,0,0,0,0,0,0,0
R274262230,0,0,0,0,0,0,0,0,0,0,0,0,0,0,0,0,0,1,0,0
R274271939,0,0,0,0,0,1,0,0,0,0,0,0,0,1,0,0,0,0,0,0
R274273437,0,0,0,0,0,0,0,0,0,0,0,0,0,0,0,0,0,0,0,0
R274273797,0,0,0,0,0,0,0,0,0,0,0,0,0,0,0,0,0,0,0,0
R274296578,0,0,0,0,0,0,0,0,0,0,0,0,0,0,0,0,0,0,0,0
R274309546,0,0,0,0,0,0,0,0,0,0,0,0,0,0,0,0,0,0,0,0
R274327180,0,0,0,0,1,1,0,0,0,0,0,0,0,0,0,0,0,0,0,0
R274343756,0,0,0,0,0,0,0,0,0,0,1,0,0,0,0,0,0,0,0,0
R274363603,0,0,0,0,0,0,0,0,0,0,1,0,0,0,0,0,0,1,0,0
R274381468,0,0,0,0,0,0,0,0,0,0,0,0,0,0,0,0,0,0,0,0
R274390595,0,0,0,0,0,0,0,0,0,0,0,0,0,1,0,1,1,0,1,0
R274402121,0,0,0,0,0,0,0,0,0,0,0,0,0,1,0,0,0,0,0,0
R274415155,0,0,0,0,0,0,0,0,0,0,0,0,0,0,0,0,0,0,0,0
R274478259,0,0,0,0,0,0,0,0,0,0,0,0,0,0,0,0,0,0,0,0
R274547894,0,0,0,0,0,0,0,0,0,0,0,0,0,0,0,0,0,0,0,0
R274554164,0,0,0,0,0,0,0,0,0,0,0,0,0,0,0,0,0,0,0,0
R274555581,0,0,0,0,1,1,0,0,1,0,0,0,0,1,0,1,1,0,1,0
R274609356,0,0,0,0,0,0,0,0,0,0,0,0,0,0,0,0,0,0,0,0
R274626108,0,0,0,0,0,0,0,0,0,0,1,0,0,0,0,1,0,0,0,0
R274653480,0,0,0,0,0,0,0,0,0,0,0,0,0,0,0,1,0,0,0,0
R274676619,0,0,0,0,0,0,0,0,0,0,1,0,0,0,0,0,0,0,0,0
R274689189,0,0,0,0,0,0,0,0,0,0,0,0,0,0,0,0,0,0,1,0
R274701635,0,0,0,0,0,0,0,0,0,0,0,0,0,0,0,0,0,0,1,0
R274717359,0,0,0,0,0,0,0,0,0,0,0,0,0,0,0,0,0,0,0,0
R274745474,0,0,0,0,0,0,0,0,0,0,0,0,0,0,0,0,0,0,0,0
R274789061,0,0,0,0,0,0,0,0,0,0,0,0,0,0,0,1,1,0,1,0
R274850963,0,0,0,0,0,0,0,0,0,0,0,0,0,0,0,0,0,0,1,0
R274893496,0,0,0,0,0,0,0,0,0,0,0,0,0,0,0,0,0,0,0,0
R274937428,0,0,0,0,0,0,0,0,0,0,0,0,0,0,0,0,0,0,0,0
R274987939,0,0,0,0,0,0,0,0,0,0,0,0,0,0,0,0,0,0,0,0
R274991091,0,0,0,0,0,0,0,0,0,0,0,0,0,0,0,0,0,0,0,0
R274992118,0,0,0,0,0,0,0,0,0,0,1,0,0,0,0,0,0,0,0,0
R274999319,0,0,0,0,0,0,0,0,0,0,0,0,0,1,0,0,0,0,0,0
R275001587,0,0,0,0,0,0,0,0,0,0,0,0,0,0,0,0,0,0,0,0
R275018631,0,0,0,0,0,0,0,0,0,0,0,0,0,0,0,0,0,0,0,0
R275055207,0,0,0,0,0,0,0,0,0,0,0,0,0,0,0,0,0,0,0,0
R275056401,0,0,0,0,0,1,0,0,0,0,1,0,0,1,0,0,0,0,0,0
R275066199,0,0,0,0,0,1,0,0,0,0,1,0,0,0,0,0,0,0,0,0
R275075401,0,0,0,0,0,0,0,0,0,0,0,0,0,0,0,0,0,0,1,0
R275094168,0,0,0,0,0,1,0,0,0,0,0,0,0,0,0,0,0,0,0,0
R275097266,0,0,0,0,0,0,0,0,0,0,0,0,0,1,0,0,0,0,1,0
R275105982,0,0,0,0,0,0,0,0,0,0,1,0,0,0,0,0,0,0,0,0
R275167294,0,0,0,0,0,0,0,0,0,0,0,0,0,0,0,0,0,0,1,0
R275169679,0,0,0,0,1,1,0,0,0,0,0,0,0,0,0,0,0,0,0,0
R275178339,0,0,0,0,0,0,0,0,0,0,0,0,0,0,0,1,0,0,1,0
R275191979,0,0,0,0,0,0,0,0,0,0,0,0,0,0,0,0,0,0,0,0
R275196154,0,0,0,0,0,0,0,0,0,0,0,0,0,0,0,0,0,0,0,0
R275196236,0,0,0,0,0,0,0,0,0,0,0,0,0,0,0,0,0,0,0,0
R275196699,0,0,0,0,0,0,0,0,0,0,1,0,0,0,0,0,0,0,1,0
R275199899,0,0,0,0,0,0,0,0,0,0,0,0,0,0,0,0,0,0,0,0
R275242686,0,0,0,0,0,1,0,0,0,0,0,0,0,1,0,0,0,0,1,0
R275284381,0,0,0,0,0,0,0,0,0,0,0,0,0,1,0,1,0,0,1,0
R275285986,0,0,0,0,0,0,0,0,0,0,0,0,0,0,0,0,0,0,0,0
R275302008,0,0,0,0,0,1,0,0,0,0,1,0,0,1,1,1,1,0,1,0
R275330683,0,0,0,0,0,1,0,0,0,0,1,0,0,1,1,0,0,0,0,0
R275381573,0,0,0,0,0,0,0,0,0,0,0,0,0,0,0,0,0,0,0,0
R275385538,0,0,0,0,0,0,0,0,0,0,0,0,0,0,0,0,0,0,0,0
R275399077,0,0,0,0,0,0,0,0,0,0,0,0,0,0,0,0,0,0,1,0
R275456115,0,0,0,0,0,0,0,0,0,0,0,0,0,0,0,0,0,0,1,0
R275473787,0,0,0,0,0,1,0,0,0,0,1,0,0,0,0,1,0,0,0,0
R275529835,0,0,0,0,0,0,0,0,0,0,0,0,0,0,0,0,0,0,0,0
R275550359,0,0,0,0,0,0,0,0,0,0,0,0,0,0,0,0,0,0,0,0
R275577679,0,0,0,0,0,0,0,0,0,0,0,0,0,0,0,0,0,0,1,0
R275577865,0,0,0,0,0,0,0,0,0,0,0,0,0,0,0,0,0,0,0,0
R275586644,0,0,0,0,0,0,0,0,0,0,0,0,0,0,0,0,0,0,0,0
R275587305,0,0,0,0,0,0,0,0,0,0,0,0,0,0,0,0,0,1,0,0
R275591449,0,0,0,0,1,1,0,0,0,0,0,0,0,0,0,0,0,0,1,0
R275597085,0,0,0,0,0,0,0,0,0,0,0,0,0,1,0,0,0,0,0,0
R275599576,0,0,0,0,0,0,0,0,0,0,0,0,0,0,0,0,0,0,0,0
R275617213,0,0,0,0,0,0,0,0,0,0,0,0,0,0,0,0,0,0,0,0
R275665554,0,0,0,0,0,0,0,0,0,0,0,0,0,0,0,0,0,0,0,0
R275667311,0,0,0,0,1,1,0,0,1,0,0,0,0,1,0,1,1,0,1,0
R275675938,0,0,0,0,0,0,0,0,0,0,0,0,0,1,0,0,0,0,0,0
R275685172,0,0,0,0,0,0,0,0,0,0,0,0,0,0,0,0,0,0,0,0
R275687618,0,0,0,0,0,0,0,0,0,0,0,0,0,0,0,1,1,0,1,0
R275696468,0,0,0,0,0,0,0,0,0,0,0,0,0,1,0,0,0,0,1,0
R275719572,0,0,0,0,0,0,0,0,0,0,1,0,0,0,0,0,0,0,0,0
R275731698,0,0,0,0,0,0,0,0,0,0,0,0,0,0,0,0,0,0,0,0
R275738667,0,0,0,0,0,0,0,0,0,0,1,0,0,0,0,1,1,0,0,0
R275743272,0,0,0,0,0,0,0,0,0,0,1,0,0,0,0,0,0,0,0,0
R275752396,0,0,0,0,0,0,0,0,0,0,0,0,0,0,0,0,0,0,0,0
R275753564,0,0,0,0,0,0,0,0,0,0,0,0,0,0,0,0,0,0,0,0
R275810908,0,0,0,0,0,0,0,0,0,0,0,0,0,0,0,0,0,0,0,0
R275846559,0,0,0,0,0,0,0,0,0,0,0,0,0,0,0,0,0,0,1,0
R275847236,0,0,0,0,0,0,0,0,0,0,0,0,0,0,0,1,1,0,1,0
R275903766,0,0,0,0,1,1,0,0,0,0,0,0,0,0,1,0,0,0,1,0
R275904235,0,0,0,0,0,0,0,0,0,0,0,0,0,0,0,0,0,0,0,0
R275948836,0,0,0,0,0,0,0,0,0,0,0,0,0,0,0,0,0,0,0,0
R275964197,0,0,0,0,0,0,0,0,0,0,0,0,0,0,0,0,0,0,0,0
R275986789,0,0,0,0,0,0,0,0,0,0,1,0,0,0,0,0,0,0,0,0
R275998627,0,0,0,0,0,0,0,0,0,0,0,0,0,0,0,0,0,0,0,0
R276004239,0,0,0,0,0,0,0,0,0,0,0,0,0,0,0,1,0,0,1,0
R276012719,0,0,0,0,0,0,0,0,0,0,0,0,0,0,0,1,1,0,1,0
R276040493,0,0,0,0,0,1,0,0,0,0,0,0,0,1,0,0,0,0,0,0
R276054064,0,0,0,0,0,0,0,0,0,0,0,0,0,0,0,0,0,0,0,0
R276055902,0,0,0,0,0,0,0,0,0,0,0,0,0,0,0,0,0,0,0,0
R276085250,0,0,0,0,0,0,0,0,0,0,0,0,0,0,0,0,0,1,0,0
R276095851,0,0,0,0,0,0,0,0,0,0,0,0,0,0,0,0,0,0,0,0
R276119492,0,0,0,0,0,0,0,0,0,0,0,0,0,0,0,0,0,0,0,0
R276151764,0,0,0,0,0,0,0,0,0,0,0,0,0,0,0,0,0,0,0,0
R276155953,0,0,0,0,0,0,0,0,0,0,0,0,0,0,0,0,0,0,1,0
R276174882,0,0,0,0,1,1,0,0,1,0,0,0,0,1,0,1,0,0,1,0
R276194397,0,0,0,0,0,0,0,0,0,0,0,0,0,0,0,0,0,0,1,0
R276208561,0,0,0,0,0,0,0,0,0,0,0,0,0,0,0,0,0,0,0,0
R276238131,0,0,0,0,0,0,0,0,0,0,0,0,0,0,0,0,0,0,0,0
R276238753,0,0,0,0,1,1,0,0,0,0,0,0,0,0,0,1,0,0,1,0
R276301378,0,0,0,0,0,0,0,0,0,0,0,0,0,0,0,0,0,0,0,0
R276333112,0,0,0,0,1,1,0,0,0,0,0,0,0,0,0,0,0,0,0,0
R276337115,0,0,0,0,0,0,0,0,0,0,0,0,0,0,0,0,0,0,0,0
R276356259,0,0,0,0,0,0,0,0,0,0,0,0,0,0,0,0,0,0,0,0
R276365622,0,0,0,0,0,0,0,0,0,0,0,0,0,0,0,1,1,0,1,0
R276385623,0,0,0,0,0,0,0,0,0,0,0,0,0,0,0,0,0,0,0,0
R276399765,0,0,0,0,0,0,0,0,0,0,0,0,0,0,0,0,0,0,0,0
R276407706,0,0,0,0,0,0,0,0,1,0,1,0,0,1,0,0,0,0,0,0
R276422416,0,0,0,0,0,0,0,0,0,0,0,0,0,0,0,0,0,0,0,0
R276431124,0,0,0,0,0,0,0,0,0,0,1,0,0,0,0,0,0,0,0,0
R276440295,0,0,0,0,0,0,0,0,0,0,0,0,0,0,0,1,1,0,1,0
R276451535,0,0,0,0,0,0,0,0,0,0,0,0,0,0,0,0,0,0,0,0
R276453344,0,0,0,0,0,0,0,0,0,0,0,0,0,0,0,0,0,0,0,0
R276460654,0,0,0,0,1,1,0,0,0,0,1,0,0,1,0,1,0,0,0,0
R276463653,0,0,0,0,0,0,0,0,0,0,0,0,0,0,0,0,0,0,0,0
R276475558,0,0,0,0,0,0,0,0,0,0,0,0,0,0,0,0,0,0,0,0
R276545775,0,0,0,0,0,0,0,0,0,0,0,0,0,0,0,1,1,0,1,0
R276562091,0,0,0,0,0,0,0,0,0,0,0,0,0,0,0,0,0,0,0,0
R276589639,0,0,0,0,1,1,0,0,0,0,1,0,0,0,0,0,0,0,0,0
R276614163,0,0,0,0,0,0,0,0,0,0,0,0,0,0,0,0,0,0,0,0
R276616697,0,0,0,0,0,0,0,0,0,0,0,0,0,0,0,0,0,0,1,0
R276621342,0,0,0,0,1,1,0,0,0,0,1,0,0,0,0,0,0,0,0,0
R276628689,0,0,0,0,0,0,0,0,0,0,1,0,0,1,0,0,0,0,0,0
R276653254,0,0,0,0,0,0,0,0,0,0,0,0,0,0,0,0,0,0,0,0
R276654823,0,0,0,0,0,0,0,0,0,0,0,0,0,0,0,0,0,1,0,0
R276654886,0,0,0,0,0,0,0,0,0,0,0,0,0,0,0,0,0,0,0,0
R276671543,0,0,0,0,0,0,0,0,0,0,1,0,0,1,0,0,0,0,0,0
R276700316,0,0,0,0,1,1,0,0,0,0,0,0,0,0,1,1,0,0,1,0
R276735973,0,0,0,0,0,0,0,0,0,0,0,0,0,0,0,0,0,0,0,0
R276749428,0,0,0,0,1,1,0,0,0,0,0,0,0,0,0,1,0,0,1,0
R276763729,0,0,0,0,0,0,0,0,0,0,0,0,0,0,0,1,0,1,1,0
R276767267,0,0,0,0,0,0,0,0,0,0,0,0,0,0,0,0,0,0,0,0
R276770020,0,0,0,0,0,0,0,0,0,0,0,0,0,0,0,0,0,0,0,0
R276775122,0,0,0,0,0,0,0,0,0,0,0,0,0,0,0,0,0,0,0,0
R276794323,0,0,0,0,0,0,0,0,0,0,0,0,0,1,0,0,0,0,0,0
R276852311,0,0,0,0,1,1,0,0,0,0,1,0,0,1,0,0,0,0,0,0
R276905670,0,0,0,0,0,0,0,0,0,0,0,0,0,0,0,0,0,0,0,0
R276914456,0,0,0,0,0,0,0,0,0,0,0,0,0,0,0,0,0,0,0,0
R276921800,0,0,0,0,1,1,0,0,1,0,0,1,0,1,0,1,1,1,1,0
R276939719,0,0,0,0,0,0,0,0,0,0,0,0,0,0,0,0,0,0,0,0
R276947199,0,0,0,0,0,0,0,0,0,0,0,0,0,0,0,0,0,0,0,0
R276988665,0,0,0,0,0,0,0,0,0,0,0,0,0,0,0,0,0,0,0,0
R277023044,0,0,0,0,0,0,0,0,0,0,0,0,0,0,0,1,0,0,1,0
R277055316,0,0,0,0,0,0,0,0,0,0,0,0,0,0,0,0,0,0,1,0
R277056555,0,0,0,0,0,0,0,0,0,0,0,0,0,0,0,0,0,0,0,0
R277073128,0,0,0,0,0,0,0,0,0,0,0,0,0,0,0,0,0,0,0,0
R277078451,0,0,0,0,0,0,0,0,0,0,0,0,0,0,0,0,0,0,1,0
R277087970,0,0,0,0,0,0,0,0,0,0,1,0,0,0,0,0,0,1,1,0
R277103432,0,0,0,0,1,1,0,0,0,0,0,1,0,1,0,0,0,1,1,0
R277106650,0,0,0,0,0,0,0,0,0,0,0,0,0,0,0,0,0,0,0,0
R277123217,0,0,0,0,0,0,0,0,0,0,0,0,0,0,0,0,0,0,0,0
R277127740,0,0,0,0,1,1,0,0,0,0,0,0,0,0,0,0,0,0,1,0
R277143437,0,0,0,0,0,0,0,0,0,0,0,0,0,0,0,0,0,0,1,0
R277143612,0,0,0,0,0,0,0,0,0,0,0,0,0,0,0,0,0,0,0,0
R277150440,0,0,0,0,0,0,0,0,0,0,0,0,0,0,0,0,0,0,0,0
R277180870,0,0,0,0,0,0,0,0,0,0,0,0,0,0,0,0,0,0,0,0
R277182871,0,0,0,0,0,0,0,0,0,0,1,0,0,0,0,0,0,0,0,0
R277199783,0,0,0,0,0,0,0,0,0,0,0,0,0,0,0,0,0,0,0,0
R277219331,0,0,0,0,0,0,0,0,0,0,1,0,0,0,0,0,0,0,0,0
R277239832,0,0,0,0,0,0,0,0,0,0,1,0,0,0,0,0,0,0,0,0
R277281377,0,0,0,0,0,0,0,0,0,0,0,0,0,0,0,0,0,0,1,0
R277284668,0,0,0,0,0,0,0,0,0,0,0,0,0,0,0,0,0,0,0,0
R277284856,0,0,0,0,0,0,0,0,0,0,0,0,0,0,0,1,1,0,0,0
R277322184,0,0,0,0,0,0,0,0,0,0,0,0,0,0,0,0,0,0,0,0
R277342737,0,0,0,0,0,0,0,0,0,0,0,0,0,0,0,0,0,0,0,0
R277366225,0,0,0,0,0,0,0,0,0,0,0,0,0,0,0,0,0,0,0,0
R277380526,0,0,0,0,0,0,0,0,0,0,1,0,0,0,0,0,0,0,0,0
R277396940,0,0,0,0,0,0,0,0,0,0,0,0,0,0,0,0,0,0,0,0
R277399692,0,0,0,0,0,0,0,0,0,0,0,0,0,0,0,0,0,0,0,0
R277409340,0,0,0,0,0,0,0,0,0,0,0,0,0,0,0,0,0,0,1,0
R277409601,0,0,0,0,0,0,0,0,0,0,0,0,0,0,0,0,0,0,1,0
R277428806,0,0,0,0,1,1,0,0,0,0,1,0,0,1,0,1,1,0,1,0
R277487464,0,0,0,0,0,0,0,0,0,0,1,0,0,0,0,0,0,0,0,0
R277490412,0,0,0,0,0,0,0,0,0,0,0,0,0,0,0,1,0,0,1,0
R277532628,0,0,0,0,0,0,0,0,0,0,1,0,0,0,0,0,0,0,0,0
R277561945,0,0,0,0,0,0,0,0,0,0,0,0,0,0,0,0,0,0,1,0
R277566341,0,0,0,0,0,0,0,0,0,0,0,0,0,0,0,0,0,0,0,0
R277570915,0,0,0,0,0,0,0,0,0,0,0,0,0,0,0,0,0,0,0,0
R277622105,0,0,0,0,0,1,0,0,0,0,1,0,0,0,0,0,0,0,1,0
R277698129,0,0,0,0,0,0,0,0,0,0,0,0,0,0,0,0,0,0,0,0
R277714191,0,0,0,0,0,0,0,0,0,0,0,0,0,0,0,1,1,0,1,0
R277758576,0,0,0,0,0,1,0,0,0,0,1,0,0,0,1,0,0,0,0,0
R277764213,0,0,0,0,0,0,0,0,0,0,0,0,0,0,0,0,0,0,0,0
R277819890,0,0,0,0,0,0,0,0,0,0,0,0,0,0,0,0,0,0,0,0
R277862081,0,0,0,0,1,1,0,0,0,0,1,0,0,0,0,0,0,0,0,0
R277862798,0,0,0,0,0,1,0,0,0,0,1,0,0,0,1,0,0,0,0,0
R277880485,0,0,0,0,0,1,0,0,0,0,0,0,0,0,0,1,0,0,1,0
R277888274,0,0,0,0,0,0,0,0,0,0,0,0,0,0,0,0,0,0,0,0
R277895183,0,0,0,0,0,0,0,0,0,0,0,0,0,0,0,0,0,0,0,0
R277945328,0,0,0,0,0,0,0,0,0,0,0,0,0,0,0,0,0,0,0,0
R277963823,0,0,0,0,1,1,0,0,0,0,0,0,0,0,0,0,0,0,1,0
R277996486,0,0,0,0,0,0,0,0,0,0,0,0,0,0,0,0,0,0,0,0
R278000064,0,0,0,0,0,0,0,0,0,0,1,0,0,0,0,0,0,0,0,0
R278024966,0,0,0,0,0,0,0,0,0,0,0,0,0,0,0,1,1,0,1,0
R278025898,0,0,0,0,0,1,0,0,0,0,1,1,0,0,0,0,0,1,1,0
R278034270,0,0,0,0,0,0,0,0,0,0,0,0,0,0,0,0,0,0,0,0
R278046161,0,0,0,0,0,0,0,0,0,0,0,0,0,0,0,0,0,0,0,0
R278051287,0,0,0,0,0,0,0,0,0,0,0,0,0,0,0,0,0,0,0,0
R278062346,0,0,0,0,0,0,0,0,0,0,0,0,0,0,0,0,0,0,0,0
R278066293,0,0,0,0,0,0,0,0,0,0,1,0,0,0,0,0,0,0,0,0
R278066319,0,0,0,0,0,0,0,0,0,0,1,0,0,0,0,0,0,0,0,0
R278066518,0,0,0,0,0,0,0,0,0,0,0,0,0,0,0,1,0,0,0,0
R278109659,0,0,0,0,0,0,0,0,0,0,0,0,0,0,0,0,0,1,0,0
R278131729,0,0,0,0,0,1,0,0,0,0,1,0,0,0,0,0,0,0,0,0
R278143303,0,0,0,0,0,0,0,0,0,0,0,0,0,0,0,0,0,0,0,0
R278154414,0,0,0,0,0,0,0,0,0,0,0,0,0,0,0,0,0,0,0,0
R278182535,0,0,0,0,0,0,0,0,0,0,0,0,0,0,0,0,0,1,1,0
R278199186,0,0,0,0,0,0,0,0,0,0,0,0,0,0,0,1,0,0,0,0
R278227969,0,0,0,0,0,0,0,0,0,0,0,0,0,0,0,0,0,0,0,0
R278230716,0,0,0,0,0,0,0,0,0,0,0,0,0,0,0,0,0,0,0,0
R278244812,0,0,0,0,0,0,0,0,0,0,0,0,0,0,0,0,0,0,0,0
R278265141,0,0,0,0,0,1,0,0,0,0,1,0,0,0,0,0,0,0,1,0
R278281454,0,0,0,0,0,0,0,0,0,0,0,0,0,0,0,1,0,0,1,0
R278300538,0,0,0,0,0,0,0,0,0,0,0,0,0,0,0,0,0,0,0,0
R278309746,0,0,0,0,0,0,0,0,0,0,0,0,0,0,0,0,0,0,0,0
R278315144,0,0,0,0,0,0,0,0,0,0,0,0,0,0,0,0,0,0,0,0
R278318531,0,0,0,0,0,0,0,0,0,0,0,0,0,0,0,1,1,0,1,0
R278327724,0,0,0,0,1,1,0,0,0,0,1,0,0,0,0,1,1,0,0,0
R278330216,0,0,0,0,0,0,0,0,0,0,0,0,0,0,0,0,0,0,0,0
R278339507,0,0,0,0,0,0,0,0,0,0,0,0,0,0,0,0,0,0,0,0
R278421046,0,0,0,0,0,0,0,0,0,0,0,0,0,0,0,0,0,0,0,0
R278511589,0,0,0,0,0,0,0,0,0,0,0,0,0,0,0,0,0,0,0,0
R278521131,0,0,0,0,0,0,0,0,0,0,0,0,0,0,0,0,0,1,0,0
R278528878,0,0,0,0,1,1,0,0,0,0,0,0,0,0,0,1,1,0,1,0
R278571514,0,0,0,0,0,0,0,0,0,0,1,0,0,0,0,0,0,0,0,0
R278573602,0,0,0,0,0,1,0,0,0,0,0,0,0,0,0,0,0,0,0,0
R278592625,0,0,0,0,0,0,0,0,0,0,0,0,0,0,0,0,0,0,0,0
R278622183,0,0,0,0,1,1,0,0,0,0,0,0,0,0,0,1,0,1,1,0
R278645724,0,0,0,0,0,0,0,0,0,0,0,0,0,0,0,0,0,0,0,0
R278646740,0,0,0,0,1,1,0,0,0,0,1,0,0,0,0,0,0,0,0,0
R278664834,0,0,0,0,0,0,0,0,0,0,0,0,0,0,0,0,0,0,0,0
R278665485,0,0,0,0,0,0,0,0,0,0,0,0,0,0,0,0,0,0,0,0
R278679468,0,0,0,0,0,0,0,0,0,0,0,0,0,1,0,1,1,0,0,0
R278716142,0,0,0,0,0,0,0,0,0,0,0,0,0,0,0,0,0,0,0,0
R278722639,0,0,0,0,0,0,0,0,0,0,0,0,0,0,0,0,0,0,0,0
R278722819,0,0,0,0,0,0,0,0,0,0,0,0,0,0,0,0,0,0,0,0
R278739273,0,0,0,0,0,0,0,0,0,0,0,0,0,0,0,0,0,0,0,0
R278740564,0,0,0,0,0,0,0,0,0,0,1,0,0,0,0,1,1,0,1,0
R278759203,0,0,0,0,0,0,0,0,0,0,0,0,0,0,0,0,0,0,0,0
R278759397,0,0,0,0,0,0,0,0,0,0,0,0,0,0,0,0,0,0,1,0
R278792899,0,0,0,0,0,0,0,0,0,0,0,0,0,0,0,0,0,0,1,0
R278794231,0,0,0,0,0,0,0,0,0,0,0,0,0,0,0,0,0,0,0,0
R278821737,0,0,0,0,0,0,0,0,0,0,0,0,0,0,0,0,0,0,0,0
R278841951,0,0,0,0,0,0,0,0,0,0,0,0,0,0,0,0,0,0,0,0
R278861188,0,0,0,0,0,0,0,0,0,0,0,0,0,0,0,0,0,0,1,0
R278864209,0,0,0,0,0,0,0,0,0,0,0,1,0,0,0,0,0,1,0,0
R278865914,0,0,0,0,0,0,0,0,0,0,0,0,0,0,0,0,0,0,0,0
R278866590,0,0,0,0,0,0,0,0,0,0,0,0,0,0,0,0,0,0,0,0
R278899659,0,0,0,0,0,0,0,0,0,0,0,0,0,0,0,0,0,0,0,0
R278945830,0,0,0,0,0,0,0,0,0,0,0,0,0,0,0,0,0,0,0,0
R278956986,0,0,0,0,0,0,0,0,0,0,0,0,0,0,0,0,0,0,0,0
R278968622,0,0,0,0,0,0,0,0,0,0,0,0,0,0,0,0,0,0,0,0
R278973597,0,0,0,0,1,1,0,0,0,0,1,0,0,0,0,0,0,0,0,0
R278994035,0,0,0,0,0,0,0,0,0,0,0,0,0,0,0,0,0,0,0,0
R279019571,0,0,0,0,0,0,0,0,0,0,0,0,0,0,0,0,0,0,1,0
R279050045,0,0,0,0,0,0,0,0,0,0,0,0,0,0,0,0,0,0,0,0
R279065869,0,0,0,0,0,0,0,0,0,0,1,0,0,0,0,0,0,0,0,0
R279085324,0,0,0,0,0,0,0,0,0,0,0,0,0,0,0,0,0,0,0,0
R279114920,0,0,0,0,1,1,0,0,0,0,1,0,0,0,0,0,0,1,1,0
R279127684,0,0,0,0,0,0,0,0,0,0,0,0,0,0,0,0,0,0,0,0
R279135337,0,0,0,0,0,1,0,0,0,0,0,0,0,0,0,0,0,0,0,0
R279140419,0,0,0,0,0,0,0,0,0,0,0,0,0,0,0,0,0,0,0,0
R279151493,0,0,0,0,0,0,0,0,0,0,1,0,0,0,0,0,0,0,0,0
R279168121,0,0,0,0,1,1,0,0,0,0,0,0,0,0,0,1,0,0,1,0
R279172726,0,0,0,0,0,0,0,0,0,0,0,0,0,0,0,0,0,0,1,0
R279184378,0,0,0,0,0,0,0,0,0,0,0,0,0,0,0,0,0,0,1,0
R279186632,0,0,0,0,0,0,0,0,0,0,0,0,0,0,0,0,0,0,1,0
R279212357,0,0,0,0,0,0,0,0,0,0,0,0,0,0,0,0,0,0,0,0
R279229611,0,0,0,0,0,0,0,0,0,0,1,0,0,0,0,0,0,0,0,0
R279269594,0,0,0,0,0,0,0,0,0,0,0,0,0,0,0,0,0,0,0,0
R279311092,0,0,0,0,0,0,0,0,0,0,0,0,0,0,0,0,0,0,0,0
R279337691,0,0,0,0,1,1,0,0,0,0,1,0,0,1,0,0,0,0,1,0
R279354356,0,0,0,0,0,0,0,0,0,0,0,0,0,0,0,0,0,0,0,0
R279376084,0,0,0,0,0,0,0,0,0,0,0,0,0,0,0,0,0,0,0,0
R279380154,0,0,0,0,0,0,0,0,0,0,0,0,0,0,0,0,0,0,0,0
R279428912,0,0,0,0,0,0,0,0,0,0,0,0,0,0,0,0,0,0,0,0
R279501935,0,0,0,0,0,0,0,0,0,0,0,0,0,0,0,0,0,0,0,0
R279503777,0,0,0,0,0,0,0,0,0,0,0,0,0,0,0,0,0,0,0,0
R279505182,0,0,0,0,0,0,0,0,0,0,0,0,0,0,0,0,0,0,0,0
R279530173,0,0,0,0,0,0,0,0,0,0,0,0,0,0,0,0,0,0,0,0
R279538828,0,0,0,0,0,1,0,0,0,0,0,0,0,0,0,0,0,0,1,0
R279561558,0,0,0,0,0,0,0,0,0,0,1,0,0,0,0,0,0,0,0,0
R279575003,0,0,0,0,0,0,0,0,0,0,0,0,0,0,0,0,0,0,0,0
R279601674,0,0,0,0,0,0,0,0,0,0,0,0,0,0,0,1,1,0,1,0
R279604345,0,0,0,0,0,0,0,0,0,0,0,0,0,0,0,0,0,0,0,0
R279632429,0,0,0,0,0,0,0,0,0,0,0,0,0,0,0,0,0,0,0,0
R279635624,0,0,0,0,0,0,0,0,0,0,0,0,0,0,0,0,0,0,0,0
R279644610,0,0,0,0,0,0,0,0,0,0,0,0,0,0,0,0,0,0,0,0
R279650343,0,0,0,0,0,0,0,0,0,0,0,0,0,0,0,0,0,0,0,0
R279668720,0,0,0,0,0,0,0,0,0,0,0,0,0,0,0,0,0,0,0,0
R279678941,0,0,0,0,0,0,0,0,0,0,0,0,0,0,0,0,0,0,1,0
R279776381,0,0,0,0,0,0,0,0,0,0,0,0,0,0,0,0,0,0,0,0
R279785395,0,0,0,0,0,0,0,0,0,0,0,0,0,0,0,0,0,0,0,0
R279794390,0,0,0,0,0,0,0,0,0,0,0,0,0,0,0,0,0,0,0,0
R279825855,0,0,0,0,0,0,0,0,0,0,0,0,0,0,0,0,0,0,0,0
R279827806,0,0,0,0,0,0,0,0,0,0,0,0,0,0,0,0,0,0,1,0
R279848185,0,0,0,0,0,0,0,0,0,0,0,0,0,0,0,0,0,0,0,0
R279848585,0,0,0,0,0,0,0,0,0,0,0,0,0,0,0,0,0,1,0,0
R279858480,0,0,0,0,0,0,0,0,0,0,0,0,0,0,0,0,0,0,0,0
R279873821,0,0,0,0,0,0,0,0,0,0,0,0,0,0,0,0,0,0,0,0
R279881068,0,0,0,0,1,1,0,0,0,0,1,0,0,0,0,0,0,0,1,0
R279883036,0,0,0,0,0,0,0,0,0,0,1,0,0,0,0,1,0,0,0,0
R279883472,0,0,0,0,1,1,0,0,0,0,1,0,0,0,0,1,0,0,1,0
R279890622,0,0,0,0,0,1,0,0,0,0,1,0,0,1,0,0,0,0,1,0
R279906258,0,0,0,0,0,1,0,0,0,0,0,0,0,0,0,0,0,0,1,0
R279961975,0,0,0,0,0,0,0,0,0,0,0,0,0,0,0,0,0,0,0,0
R279984768,0,0,0,0,0,0,0,0,0,0,0,0,0,0,0,0,0,0,0,0
R279986787,0,0,0,0,0,0,0,0,0,0,0,0,0,0,0,0,0,0,0,0
R279987540,0,0,0,0,0,0,0,0,0,0,0,0,0,0,0,0,0,0,0,0
R279993747,0,0,0,0,0,0,0,0,0,0,0,0,0,0,0,0,0,0,0,0
R280039373,0,0,0,0,0,0,0,0,1,0,1,0,0,1,0,0,0,0,0,0
R280039482,0,0,0,0,0,0,0,0,0,0,0,0,0,0,0,0,0,0,0,0
R280065968,0,0,0,0,0,0,0,0,0,0,0,0,0,0,0,0,0,0,0,0
R280070169,0,0,0,0,0,0,0,0,0,0,0,0,0,0,0,0,0,0,0,0
R280123998,0,0,0,0,0,0,0,0,0,0,1,0,0,0,0,0,0,0,0,0
R280125443,0,0,0,0,1,1,0,0,0,0,0,0,0,0,0,0,0,0,0,0
R280135346,0,0,0,0,1,1,0,0,0,0,1,0,1,0,0,0,0,1,0,0
R280146019,0,0,0,0,0,0,0,0,0,0,0,0,0,0,0,0,0,0,0,0
R280168446,0,0,0,0,0,0,0,0,0,0,0,0,0,0,0,0,0,0,0,0
R280172440,0,0,0,0,0,0,0,0,0,0,0,0,0,0,0,0,0,1,0,0
R280177562,0,0,0,0,0,0,0,0,0,0,0,0,0,0,0,0,0,0,0,0
R280205889,0,0,0,0,0,1,0,0,0,0,0,0,0,0,1,0,0,0,0,0
R280206100,0,0,0,0,0,0,0,0,0,0,0,0,0,0,0,0,0,0,0,0
R280210618,0,0,0,0,0,0,0,0,0,0,0,0,0,0,0,1,1,0,1,0
R280223429,0,0,0,0,0,0,0,0,0,0,0,0,0,0,0,0,0,0,0,0
R280228988,0,0,0,0,0,0,0,0,0,0,0,0,0,0,0,1,1,0,0,0
R280232527,0,0,0,0,0,0,0,0,0,0,0,0,0,0,0,1,0,0,0,0
R280266430,0,0,0,0,0,0,0,0,0,0,0,0,0,0,0,0,0,0,0,0
R280289635,0,0,0,0,0,0,0,0,0,0,0,0,0,0,0,0,0,0,0,0
R280296804,0,0,0,0,0,0,0,0,0,0,1,0,0,0,0,0,0,1,0,0
R280339336,0,0,0,0,0,0,0,0,0,0,0,0,0,0,0,0,0,0,0,0
R280367084,0,0,0,0,0,0,0,0,0,0,0,0,0,0,0,0,0,0,0,0
R280371371,0,0,0,0,0,0,0,0,0,0,1,0,0,1,0,0,0,0,0,0
R280389530,0,0,0,0,0,0,0,0,0,0,0,0,0,0,0,0,0,0,1,0
R280417904,0,0,0,0,0,0,0,0,0,0,0,0,0,0,0,0,0,0,0,0
R280435295,0,0,0,0,1,1,0,0,0,0,1,0,0,0,0,0,0,0,0,0
R280441706,0,0,0,0,0,0,0,0,0,0,0,0,0,0,0,0,0,0,1,0
R280487508,0,0,0,0,0,0,0,0,0,0,0,0,0,0,0,1,0,0,1,0
R280519299,0,0,0,0,0,0,0,0,0,0,0,0,0,0,0,0,0,0,0,0
R280536287,0,0,0,0,0,0,0,0,0,0,1,0,0,0,0,0,0,0,0,0
R280565048,0,0,0,0,0,0,0,0,0,0,1,0,0,0,0,0,0,0,0,0
R280567173,0,0,0,0,1,1,0,0,0,0,0,0,0,0,0,0,0,0,1,0
R280579242,0,0,0,0,0,0,0,0,0,0,1,0,0,0,0,0,0,0,0,0
R280611834,0,0,0,0,1,1,0,0,0,0,0,0,0,0,0,1,0,0,0,0
R280627780,0,0,0,0,0,0,0,0,0,0,0,0,0,0,0,0,0,0,0,0
R280638812,0,0,0,0,0,0,0,0,0,0,0,0,0,0,0,0,0,0,0,0
R280663631,0,0,0,0,0,0,0,0,0,0,0,0,0,0,0,0,0,0,0,0
R280672068,0,0,0,0,0,0,0,0,0,0,0,0,0,0,0,0,0,0,0,0
R280678010,0,0,0,0,0,0,0,0,0,0,0,0,0,0,0,0,0,0,0,0
R280689490,0,0,0,0,1,1,0,0,1,0,1,0,0,1,1,0,0,0,1,0
R280692711,0,0,0,0,0,0,0,0,0,0,0,0,0,0,0,0,0,0,0,0
R280694456,0,0,0,0,0,0,0,0,0,0,0,0,0,0,0,0,0,0,0,0
R280702516,0,0,0,0,1,1,0,0,0,0,0,1,0,0,0,0,0,1,0,0
R280714960,0,0,0,0,0,0,0,0,0,0,0,0,0,0,0,0,0,0,0,0
R280723556,0,0,0,0,1,1,0,0,0,0,0,0,0,0,0,1,0,0,1,0
R280762140,0,0,0,0,0,0,0,0,0,0,0,0,0,0,0,1,0,0,0,0
R280770294,0,0,0,0,1,1,0,0,0,0,1,0,0,0,0,1,0,1,1,0
R280805419,0,0,0,0,0,0,0,0,0,0,0,0,0,0,0,0,0,0,0,0
R280851101,0,0,0,0,0,0,0,0,0,0,0,0,0,0,0,0,0,0,1,0
R280853416,0,0,0,0,1,1,0,0,0,0,0,0,0,0,0,1,1,0,1,0
R280865279,0,0,0,0,0,0,0,0,0,0,0,0,0,0,0,0,0,0,0,0
R280887591,0,0,0,0,0,0,0,0,0,0,0,0,0,0,0,1,0,0,1,0
R280905204,0,0,0,0,0,0,0,0,0,0,0,0,0,0,0,0,0,0,0,0
R280957016,0,0,0,0,0,0,0,0,0,0,0,0,0,0,0,0,0,0,1,0
R280990893,0,0,0,0,0,0,0,0,0,0,0,0,0,0,0,0,0,0,1,0
R281020656,0,0,0,0,0,0,0,0,0,0,0,0,0,0,0,0,0,0,1,0
R281051086,0,0,0,0,0,0,0,0,0,0,0,0,0,0,0,0,0,0,0,0
R281055460,0,0,0,0,0,0,0,0,0,0,0,0,0,0,0,0,0,0,0,0
R281074942,0,0,0,0,0,0,0,0,0,0,1,0,0,0,0,0,0,0,0,0
R281081141,0,0,0,0,0,0,0,0,0,0,0,0,0,1,0,1,1,0,1,0
R281099148,0,0,0,0,0,0,0,0,0,0,0,0,0,0,0,0,0,0,1,0
R281144544,0,0,0,0,1,1,0,0,0,0,1,0,0,0,0,0,0,0,0,0
R281155041,0,0,0,0,1,1,0,0,0,0,0,0,0,0,0,0,0,0,1,0
R281161787,0,0,0,0,0,0,0,0,0,0,0,0,0,0,0,0,0,0,1,0
R281175990,0,0,0,0,0,0,0,0,0,0,1,0,0,1,0,0,0,0,0,0
R281179475,0,0,0,0,0,0,0,0,0,0,0,0,0,0,0,0,0,0,0,0
R281185669,0,0,0,0,0,0,0,0,0,0,0,0,0,0,0,1,0,0,0,0
R281188532,0,0,0,0,0,1,0,0,0,0,0,0,0,0,0,0,0,0,1,0
R281220992,0,0,0,0,1,1,0,0,0,0,1,0,0,0,0,1,0,1,0,0
R281231916,0,0,0,0,0,0,0,0,0,0,0,0,0,0,0,0,0,0,0,0
R281234792,0,0,0,0,0,0,0,0,0,0,0,0,0,0,0,0,0,0,0,0
R281242942,0,0,0,0,0,0,0,0,0,0,0,0,0,0,0,0,0,0,1,0
R281262391,0,0,0,0,0,0,0,0,0,0,0,0,0,0,0,0,0,0,0,0
R281264476,0,0,0,0,0,0,0,0,0,0,0,0,0,0,0,1,0,0,1,0
R281283791,0,0,0,0,0,0,0,0,0,0,0,0,0,0,0,0,0,1,0,0
R281316801,0,0,0,0,0,0,0,0,0,0,1,0,0,0,0,0,0,1,0,0
R281322272,0,0,0,0,0,0,0,0,0,0,0,0,0,0,0,0,0,0,1,0
R281330781,0,0,0,0,0,0,0,0,0,0,0,0,0,0,0,0,0,0,0,0
R281339293,0,0,0,0,0,0,0,0,0,0,1,0,0,0,0,0,0,0,0,0
R281361307,0,0,0,0,0,0,0,0,0,0,1,0,0,0,0,0,0,0,0,0
R281370917,0,0,0,0,0,0,0,0,1,0,0,0,0,1,0,1,0,0,0,0
R281379043,0,0,0,0,0,0,0,0,0,0,1,0,0,0,0,0,0,0,0,0
R281408120,0,0,0,0,0,0,0,0,0,0,0,0,0,0,0,0,0,0,0,0
R281413139,0,0,0,0,0,0,0,0,0,0,0,0,0,0,0,0,0,0,0,0
R281419832,0,0,0,0,0,0,0,0,0,0,0,0,0,0,0,0,0,0,0,0
R281428650,0,0,0,0,0,0,0,0,0,0,0,0,0,1,0,0,0,0,0,0
R281436053,0,0,0,0,0,0,0,0,0,0,0,0,0,0,0,0,0,0,0,0
R281465492,0,0,0,0,1,1,0,0,0,0,1,0,0,0,0,0,0,0,0,0
R281485918,0,0,0,0,0,0,0,0,0,0,0,0,0,0,0,0,0,0,0,0
R281509693,0,0,0,0,0,0,0,0,0,0,1,0,0,1,0,0,0,0,0,0
R281517001,0,0,0,0,0,0,0,0,0,0,0,0,0,0,0,0,0,0,1,0
R281518984,0,0,0,0,0,0,0,0,0,0,0,0,0,0,0,0,0,0,0,0
R281525871,0,0,0,0,1,1,0,0,0,0,0,0,0,0,0,0,0,0,0,0
R281531933,0,0,0,0,0,1,0,0,0,0,0,0,0,0,0,0,0,0,1,0
R281558347,0,0,0,0,0,0,0,0,0,0,1,0,0,0,0,1,0,0,0,0
R281599933,0,0,0,0,0,0,0,0,0,0,0,1,0,0,0,0,0,1,1,0
R281617368,0,0,0,0,0,0,0,0,0,0,0,0,0,0,0,0,0,0,0,0
R281624816,0,0,0,0,0,0,0,0,0,0,0,0,0,0,0,1,0,0,1,0
R281688136,0,0,0,0,1,1,0,0,0,0,0,0,0,0,0,1,0,0,1,0
R281700482,0,0,0,0,0,0,0,0,0,0,0,0,0,1,0,0,0,0,0,0
R281735906,0,0,0,0,0,0,0,0,0,0,1,0,0,0,0,0,0,0,0,0
R281772979,0,0,0,0,0,0,0,0,0,0,0,0,0,0,0,1,1,0,1,0
R281795812,0,0,0,0,0,0,0,0,0,0,0,0,0,0,0,0,0,0,0,0
R281811653,0,0,0,0,0,0,0,0,0,0,0,0,0,0,0,0,0,0,0,0
R281827253,0,0,0,0,0,0,0,0,0,0,0,0,0,1,0,0,0,0,0,0
R281833386,0,0,0,0,0,0,0,0,0,0,0,0,0,0,0,0,0,1,0,0
R281836081,0,0,0,0,0,0,0,0,0,0,0,0,0,0,0,0,0,1,0,0
R281846133,0,0,0,0,0,0,0,0,0,0,0,0,0,0,0,0,0,0,1,0
R281858484,0,0,0,0,0,1,0,0,0,0,0,0,0,0,1,0,0,0,0,0
R281874894,0,0,0,0,0,0,0,0,0,0,0,0,0,0,0,0,0,0,0,0
R281900952,0,0,0,0,0,0,0,0,0,0,0,0,0,0,0,0,0,0,0,0
R281903282,0,0,0,0,0,0,0,0,0,0,0,0,0,0,0,0,0,0,1,0
R281909742,0,0,0,0,0,0,0,0,0,0,0,0,0,0,0,0,0,0,0,0
R281924523,0,0,0,0,0,0,0,0,0,0,0,0,0,1,0,0,0,0,0,0
R281938707,0,0,0,0,0,0,0,0,0,0,1,0,0,0,0,1,0,0,0,0
R281939750,0,0,0,0,0,0,0,0,0,0,0,0,0,0,0,0,0,0,0,0
R281947029,0,0,0,0,0,0,0,0,0,0,0,0,0,0,0,1,0,0,0,0
R281976272,0,0,0,0,0,0,0,0,0,0,0,0,0,0,0,0,0,0,0,0
R282018521,0,0,0,0,0,0,0,0,0,0,0,0,0,0,0,0,0,0,0,0
R282021132,0,0,0,0,0,0,0,0,0,0,1,0,0,0,0,0,0,0,0,0
R282044477,0,0,0,0,0,0,0,0,0,0,0,0,0,0,0,1,0,0,0,0
R282056145,0,0,0,0,0,0,0,0,0,0,1,1,0,0,0,0,0,1,1,0
R282067343,0,0,0,0,0,0,0,0,0,0,0,0,0,0,0,0,0,0,1,0
R282091196,0,0,0,0,0,1,0,0,0,0,1,0,0,0,0,0,0,1,0,0
R282137037,0,0,0,0,0,0,0,0,0,0,0,0,0,0,0,0,0,0,0,0
R282138816,0,0,0,0,0,0,0,0,0,0,0,0,0,0,0,0,0,0,0,0
R282192312,0,0,0,0,0,0,0,0,0,0,0,0,0,0,0,0,0,0,1,0
R282230027,0,0,0,0,0,0,0,0,0,0,0,0,0,0,0,0,0,0,0,0
R282232304,0,0,0,0,0,0,0,0,0,0,0,0,0,0,0,0,0,0,0,0
R282251941,0,0,0,0,0,0,0,0,0,0,0,0,0,1,0,0,0,0,0,0
R282259228,0,0,0,0,0,0,0,0,0,0,0,0,0,0,0,0,0,0,0,0
R282292279,0,0,0,0,0,0,0,0,0,0,0,0,0,0,0,0,0,0,0,0
R282292702,0,0,0,0,0,0,0,0,0,0,1,0,0,0,0,0,0,0,0,0
R282317170,0,0,0,0,0,0,0,0,0,0,0,0,0,0,0,0,0,1,0,0
R282348110,0,0,0,0,0,0,0,0,0,0,0,0,0,0,0,0,0,0,0,0
R282349620,0,0,0,0,0,0,0,0,0,0,0,0,0,0,0,0,0,0,0,0
R282392438,0,0,0,0,0,0,0,0,0,0,1,0,0,0,0,1,0,0,1,0
R282411511,0,0,0,0,0,0,0,0,0,0,0,0,0,0,0,0,0,0,1,0
R282415405,0,0,0,0,0,0,0,0,0,0,1,0,0,0,0,0,0,0,0,0
R282474948,0,0,0,0,0,0,0,0,0,0,0,0,0,0,0,0,0,0,0,0
R282480779,0,0,0,0,0,0,0,0,0,0,0,0,0,0,0,0,0,0,0,0
R282506695,0,0,0,0,0,0,0,0,0,0,0,0,0,0,0,0,0,0,0,0
R282528717,0,0,0,0,0,0,0,0,0,0,0,0,0,0,0,0,0,0,0,0
R282547895,0,0,0,0,0,0,0,0,0,0,0,0,0,0,0,0,0,0,1,0
R282559929,0,0,0,0,0,0,0,0,0,0,1,0,0,0,0,0,0,0,0,0
R282562217,0,0,0,0,0,0,0,0,0,0,0,0,0,0,0,0,0,0,0,0
R282585348,0,0,0,0,0,0,0,0,0,0,0,0,0,0,0,0,0,0,0,0
R282589735,0,0,0,0,0,0,0,0,0,0,0,0,0,0,0,0,0,0,0,0
R282597531,0,0,0,0,0,0,0,0,0,0,0,0,0,0,0,0,0,0,0,0
R282649160,0,0,0,0,0,0,0,0,0,0,0,0,0,0,0,0,0,1,1,0
R282653250,0,0,0,0,0,0,0,0,0,0,0,0,0,0,0,0,0,0,0,0
R282655165,0,0,0,0,0,0,0,0,0,0,0,0,0,0,0,0,0,0,1,0
R282655744,0,0,0,0,0,0,0,0,0,0,0,0,0,0,0,0,0,0,1,0
R282669080,0,0,0,0,0,0,0,0,0,0,0,0,0,0,0,0,0,0,0,0
R282712572,0,0,0,0,0,0,0,0,0,0,0,0,0,0,0,0,0,0,1,0
R282717044,0,0,0,0,0,0,0,0,0,0,1,0,0,0,0,0,0,0,0,0
R282728180,0,0,0,0,0,0,0,0,0,0,1,1,0,0,0,0,0,1,0,0
R282744979,0,0,0,0,0,0,0,0,0,0,1,0,0,0,0,1,0,1,0,0
R282748610,0,0,0,0,0,0,0,0,0,0,0,0,0,0,0,0,0,0,0,0
R282755621,0,0,0,0,0,0,0,0,0,0,0,0,0,0,0,0,0,0,0,0
R282759583,0,0,0,0,0,0,0,0,0,0,0,0,0,0,0,0,0,0,1,0
R282766526,0,0,0,0,0,0,0,0,0,0,0,0,0,0,0,0,0,0,0,0
R282791612,0,0,0,0,0,0,0,0,0,0,0,0,0,0,0,0,0,0,0,0
R282796274,0,0,0,0,0,0,0,0,0,0,0,0,0,0,0,0,0,0,0,0
R282805246,0,0,0,0,1,1,0,0,0,0,1,0,0,1,0,0,0,0,1,0
R282806866,0,0,0,0,0,0,0,0,0,0,0,0,0,0,0,0,0,0,0,0
R282867189,0,0,0,0,1,1,0,0,0,0,0,0,0,0,0,1,0,1,1,0
R282873007,0,0,0,0,0,0,0,0,0,0,0,0,0,0,0,0,0,0,0,0
R282903762,0,0,0,0,0,0,0,0,0,0,0,0,0,0,0,1,0,0,1,0
R282913971,0,0,0,0,0,0,0,0,0,0,0,0,0,0,0,0,0,0,0,0
R282918237,0,0,0,0,0,0,0,0,0,0,0,0,0,0,0,0,0,0,0,0
R282940724,0,0,0,0,0,0,0,0,0,0,0,0,0,0,0,0,0,0,0,0
R282945770,0,0,0,0,0,0,0,0,0,0,0,0,0,0,0,0,0,0,0,0
R282954252,0,0,0,0,0,0,0,0,0,0,0,0,0,0,0,0,0,0,0,0
R282987369,0,0,0,0,0,0,0,0,0,0,0,0,0,0,0,0,0,0,0,0
R282989804,0,0,0,0,0,0,0,0,0,0,0,0,0,0,0,0,0,0,0,0
R283007121,0,0,0,0,0,0,0,0,0,0,1,0,0,0,0,0,0,0,0,0
R283020554,0,0,0,0,0,0,0,0,0,0,0,0,0,0,0,0,0,0,0,0
R283033380,0,0,0,0,0,0,0,0,0,0,1,0,0,0,0,0,0,0,0,0
R283036894,0,0,0,0,0,0,0,0,0,0,0,0,0,0,0,0,0,0,0,0
R283065007,0,0,0,0,0,0,0,0,0,0,0,0,0,0,0,1,1,0,1,0
R283066031,0,0,0,0,0,0,0,0,0,0,0,0,0,1,0,1,0,0,1,0
R283068343,0,0,0,0,1,1,0,0,0,0,0,0,0,0,0,0,0,0,1,0
R283084380,0,0,0,0,0,0,0,0,0,0,0,0,0,0,0,0,0,0,1,0
R283084890,0,0,0,0,0,0,0,0,0,0,0,0,0,0,0,0,0,0,0,0
R283094187,0,0,0,0,0,0,0,0,0,0,0,0,0,0,0,0,0,0,0,0
R283095872,0,0,0,0,0,0,0,0,0,0,0,0,0,0,0,1,0,0,0,0
R283108579,0,0,0,0,0,0,0,0,0,0,0,0,0,0,0,0,0,0,0,0
R283117994,0,0,0,0,0,0,0,0,0,0,0,0,0,0,0,0,0,0,0,0
R283139844,0,0,0,0,0,0,0,0,0,0,1,0,0,0,0,0,0,0,0,0
R283167033,0,0,0,0,0,0,0,0,0,0,0,0,0,0,0,0,0,0,0,0
R283207924,0,0,0,0,0,0,0,0,0,0,0,0,0,0,0,0,0,0,0,0
R283219997,0,0,0,0,0,0,0,0,0,0,0,0,0,0,0,0,0,0,0,0
R283260492,0,0,0,0,0,0,0,0,0,0,0,0,0,0,0,0,0,0,0,0
R283335741,0,0,0,0,0,0,0,0,0,0,1,0,0,0,0,0,0,0,1,0
R283347510,0,0,0,0,0,0,0,0,0,0,0,0,0,0,0,0,0,0,0,0
R283364636,0,0,0,0,0,0,0,0,0,0,0,0,0,0,0,0,0,0,0,0
R283466260,0,0,0,0,0,0,0,0,0,0,0,0,0,0,0,0,0,0,0,0
R283501551,0,0,0,0,0,0,0,0,0,0,0,0,0,0,0,0,0,0,0,0
R283539724,0,0,0,0,1,1,0,0,0,0,0,0,0,0,0,0,0,0,1,0
R283587035,0,0,0,0,0,0,0,0,0,0,0,0,0,0,0,0,0,0,0,0
R283614899,0,0,0,0,0,0,0,0,0,0,0,0,0,0,0,0,0,0,0,0
R283627726,0,0,0,0,0,0,0,0,0,0,0,0,0,0,0,1,1,0,1,0
R283636591,0,0,0,0,0,0,0,0,0,0,0,0,0,0,0,0,0,0,0,0
R283666303,0,0,0,0,0,0,0,0,0,0,1,0,1,1,0,1,0,0,0,0
R283672159,0,0,0,0,0,0,0,0,0,0,0,0,0,0,0,0,0,0,0,0
R283674641,0,0,0,0,0,0,0,0,0,0,0,0,0,0,0,0,0,0,0,0
R283679786,0,0,0,0,0,0,0,0,0,0,0,0,0,0,0,0,0,0,0,0
R283692501,0,0,0,0,0,0,0,0,0,0,0,0,0,0,0,0,0,0,0,0
R283762671,0,0,0,0,0,0,0,0,0,0,0,0,0,0,0,0,0,0,0,0
R283801593,0,0,0,0,1,1,0,0,0,0,1,0,0,1,0,0,0,0,0,0
R283802283,0,0,0,0,0,0,0,0,0,0,0,0,0,0,0,0,0,0,1,0
R283805095,0,0,0,0,0,1,0,0,0,0,0,0,0,1,0,0,0,0,0,0
R283856956,0,0,0,0,0,0,0,0,0,0,0,0,0,0,0,0,0,0,0,0
R283886924,0,0,0,0,0,0,0,0,0,0,0,0,0,0,0,1,1,0,0,0
R283914829,0,0,0,0,0,0,0,0,0,0,0,0,0,0,0,0,0,0,0,0
R283922812,0,0,0,0,0,0,0,0,0,0,0,0,0,0,0,0,0,0,0,0
R283925950,0,0,0,0,0,0,0,0,0,0,1,0,0,0,0,1,1,0,1,0
R283933660,0,0,0,0,0,0,0,0,0,0,0,0,0,0,0,0,0,0,0,0
R283955455,0,0,0,0,0,0,0,0,0,0,0,0,0,0,0,0,0,0,0,0
R283966545,0,0,0,0,0,0,0,0,0,0,0,0,0,0,0,0,0,0,0,0
R283982151,0,0,0,0,0,0,0,0,0,0,0,0,0,1,0,0,0,0,1,0
R283984502,0,0,0,0,0,1,0,0,0,0,1,0,0,0,0,0,0,0,0,0
R284021554,0,0,0,0,0,0,0,0,0,0,0,0,0,0,0,0,0,0,0,0
R284031265,0,0,0,0,1,1,0,0,0,0,0,0,0,0,0,1,0,0,1,0
R284041909,0,0,0,0,0,0,0,0,0,0,0,0,0,0,0,0,0,0,0,0
R284046989,0,0,0,0,0,1,0,0,0,0,0,0,0,0,1,0,0,0,0,0
R284049311,0,0,0,0,1,1,0,0,0,0,1,0,0,1,0,1,0,0,1,0
R284063511,0,0,0,0,0,0,0,0,0,0,0,0,0,0,0,0,0,0,0,0
R284076203,0,0,0,0,0,0,0,0,0,0,0,0,0,0,0,0,0,1,0,0
R284078167,0,0,0,0,0,0,0,0,0,0,0,0,0,0,0,0,0,0,0,0
R284151398,0,0,0,0,0,0,0,0,0,0,0,0,0,0,0,0,0,0,0,0
R284172594,0,0,0,0,0,0,0,0,0,0,0,0,0,0,0,0,0,0,0,0
R284210655,0,0,0,0,1,1,0,0,0,0,1,0,0,0,0,1,1,1,1,0
R284223253,0,0,0,0,0,0,0,0,0,0,0,0,0,0,0,0,0,0,0,0
R284240299,0,0,0,0,0,0,0,0,0,0,1,0,0,0,0,0,0,0,0,0
R284277155,0,0,0,0,1,1,0,0,0,0,1,0,0,0,0,1,0,0,1,0
R284282056,0,0,0,0,0,0,0,0,0,0,0,0,0,0,0,0,0,0,0,0
R284411360,0,0,0,0,0,0,0,0,0,0,0,0,0,0,0,0,0,0,0,0
R284416650,0,0,0,0,0,0,0,0,0,0,0,0,0,0,0,0,0,0,0,0
R284460296,0,0,0,0,1,1,0,0,0,0,0,0,0,0,0,0,0,0,0,0
R284464234,0,0,0,0,0,0,0,0,0,0,1,0,0,1,0,1,1,1,1,0
R284485049,0,0,0,0,1,1,0,0,0,0,1,0,0,0,0,1,0,0,0,0
R284489894,0,0,0,0,0,0,0,0,0,0,0,0,0,0,0,0,0,0,1,0
R284493938,0,0,0,0,0,0,0,0,0,0,0,0,0,0,0,0,0,0,0,0
R284494882,0,0,0,0,0,0,0,0,0,0,0,0,0,0,0,0,0,0,0,0
R284511768,0,0,0,0,0,0,0,0,0,0,0,0,0,0,0,0,0,0,0,0
R284562020,0,0,0,0,0,0,0,0,0,0,0,0,0,0,0,0,0,0,0,0
R284589277,0,0,0,0,0,0,0,0,0,0,0,0,0,0,0,0,0,0,1,0
R284615766,0,0,0,0,0,0,0,0,0,0,0,0,0,0,0,0,0,0,0,0
R284636604,0,0,0,0,0,0,0,0,0,0,0,0,0,0,0,0,0,0,0,0
R284648970,0,0,0,0,0,0,0,0,0,0,0,0,0,0,0,0,0,0,0,0
R284650903,0,0,0,0,0,0,0,0,0,0,0,0,0,0,0,0,0,0,0,0
R284655487,0,0,0,0,0,1,0,0,1,0,0,0,0,1,0,1,0,0,1,0
R284673843,0,0,0,0,0,0,0,0,0,0,0,0,0,0,0,0,0,0,0,0
R284705825,0,0,0,0,0,0,0,0,0,0,0,0,0,0,0,0,0,0,1,0
R284710253,0,0,0,0,1,1,0,0,0,0,0,0,0,0,0,0,0,0,1,0
R284725539,0,0,0,0,0,0,0,0,0,0,1,0,0,1,0,0,0,0,1,0
R284730984,0,0,0,0,0,1,0,0,0,0,0,0,0,0,1,0,0,1,0,0
R284735123,0,0,0,0,0,0,0,0,0,0,0,0,0,0,0,0,0,0,0,0
R284746155,0,0,0,0,1,1,0,0,0,0,0,0,0,0,0,0,0,0,0,0
R284771040,0,0,0,0,0,0,0,0,0,0,0,0,0,0,0,0,0,0,0,0
R284875622,0,0,0,0,0,0,0,0,0,0,0,0,0,0,0,1,1,0,1,0
R284887458,0,0,0,0,0,0,0,0,0,0,0,0,0,0,0,0,0,0,0,0
R284893933,0,0,0,0,0,0,0,0,0,0,0,0,0,0,0,0,0,0,0,0
R284902235,0,0,0,0,0,0,0,0,0,0,0,0,0,0,0,1,0,0,0,0
R284903837,0,0,0,0,0,0,0,0,0,0,0,0,0,0,0,0,0,0,0,0
R284927817,0,0,0,0,0,0,0,0,0,0,0,0,0,0,0,0,0,0,0,0
R284948121,0,0,0,0,0,0,0,0,0,0,0,0,0,0,0,0,0,0,1,0
R284963960,0,0,0,0,0,0,0,0,0,0,0,0,0,0,0,0,0,0,0,0
R284995128,0,0,0,0,0,0,0,0,0,0,0,0,0,0,0,0,0,0,0,0
R285018934,0,0,0,0,0,0,0,0,0,0,0,0,0,0,0,0,0,1,0,0
R285019385,0,0,0,0,0,0,0,0,0,0,0,0,0,0,0,0,0,0,0,0
R285032981,0,0,0,0,0,0,0,0,0,0,0,0,0,0,0,0,0,0,0,0
R285082263,0,0,0,0,0,0,0,0,0,0,0,0,0,0,0,0,0,0,0,0
R285111241,0,0,0,0,0,0,0,0,0,0,1,0,0,0,0,0,0,0,0,0
R285113770,0,0,0,0,0,0,0,0,0,0,0,0,0,1,0,0,0,0,0,0
R285130936,0,0,0,0,0,0,0,0,0,0,0,0,0,0,0,0,0,0,0,0
R285136628,0,0,0,0,0,0,0,0,0,0,0,0,0,1,0,0,0,0,0,0
R285157595,0,0,0,0,0,0,0,0,0,0,0,0,0,0,0,0,0,0,0,0
R285193011,0,0,0,0,0,0,0,0,0,0,0,0,0,0,0,0,0,0,0,0
R285194606,0,0,0,0,0,0,0,0,0,0,0,0,0,0,0,0,0,0,0,0
R285197703,0,0,0,0,0,0,0,0,0,0,0,0,0,0,0,0,0,0,0,0
R285246738,0,0,0,0,0,0,0,0,0,0,0,1,0,0,0,0,0,1,1,0
R285267773,0,0,0,0,0,0,0,0,0,0,0,0,0,0,0,0,0,0,1,0
R285298711,0,0,0,0,0,0,0,0,0,0,0,0,0,0,0,0,0,0,1,0
R285354194,0,0,0,0,0,0,0,0,0,0,0,0,0,0,0,0,0,0,0,0
R285392015,0,0,0,0,0,0,0,0,0,0,0,0,0,0,0,0,0,0,1,0
R285441386,0,0,0,0,0,0,0,0,0,0,0,0,0,0,0,0,0,0,0,0
R285442301,0,0,0,0,0,0,0,0,0,0,0,0,0,0,0,0,0,0,0,0
R285447748,0,0,0,0,0,0,0,0,0,0,0,0,0,0,0,0,0,1,0,0
R285501749,0,0,0,0,0,0,0,0,0,0,0,0,0,0,0,0,0,0,0,0
R285518854,0,0,0,0,0,0,0,0,0,0,0,0,0,0,0,0,0,0,0,0
R285535735,0,0,0,0,0,0,0,0,0,0,0,0,0,0,0,0,0,0,0,0
R285547113,0,0,0,0,0,0,0,0,0,0,1,0,0,0,0,0,0,0,0,0
R285616190,0,0,0,0,0,0,0,0,0,0,0,0,0,0,0,0,0,0,0,0
R285644006,0,0,0,0,0,0,0,0,0,0,1,0,0,1,0,0,0,0,0,0
R285644024,0,0,0,0,1,1,0,0,0,0,1,0,0,0,0,1,0,1,1,0
R285668663,0,0,0,0,0,0,0,0,0,0,0,0,0,0,0,0,0,0,0,0
R285706039,0,0,0,0,0,0,0,0,0,0,0,0,0,0,0,0,0,0,0,0
R285710572,0,0,0,0,1,1,0,0,0,0,0,0,0,0,0,0,0,0,1,0
R285726032,0,0,0,0,0,0,0,0,0,0,1,0,0,0,0,0,0,0,0,0
R285732414,0,0,0,0,0,1,0,0,1,0,0,0,0,1,0,0,0,0,1,0
R285802615,0,0,0,0,0,0,0,0,0,0,0,0,0,0,0,0,0,0,0,0
R285804264,0,0,0,0,0,0,0,0,0,0,0,0,0,0,0,0,0,0,0,0
R285808979,0,0,0,0,0,0,0,0,0,0,0,0,0,0,0,0,0,0,0,0
R285816249,0,0,0,0,0,0,0,0,0,0,0,0,0,0,0,0,0,0,0,0
R285818542,0,0,0,0,1,1,0,0,0,0,1,0,0,0,0,0,0,0,0,0
R285823454,0,0,0,0,0,0,0,0,0,0,0,0,0,0,0,0,0,0,1,0
R285856788,0,0,0,0,0,0,0,0,0,0,0,0,0,0,0,0,0,0,1,0
R285865607,0,0,0,0,1,1,0,0,0,0,0,0,0,0,0,1,0,0,0,0
R285876113,0,0,0,0,0,0,0,0,0,0,0,0,0,0,0,0,0,0,0,0
R285883376,0,0,0,0,0,0,0,0,0,0,0,0,0,0,0,0,0,0,0,0
R285972344,0,0,0,0,0,0,0,0,0,0,0,0,0,1,0,0,0,1,0,0
R285973117,0,0,0,0,0,0,0,0,0,0,1,0,0,0,0,0,0,0,1,0
R285984980,0,0,0,0,0,0,0,0,0,0,0,0,0,0,0,0,0,0,0,0
R286011248,0,0,0,0,1,1,0,0,0,0,0,0,0,0,0,1,0,0,0,0
R286036678,0,0,0,0,0,0,0,0,0,0,0,0,0,0,0,0,0,0,1,0
R286052830,0,0,0,0,0,0,0,0,0,0,0,0,0,0,0,0,0,0,0,0
R286052848,0,0,0,0,1,1,0,0,0,0,0,0,0,0,0,1,0,1,1,0
R286054944,0,0,0,0,0,0,0,0,0,0,0,0,0,0,0,0,0,0,0,0
R286055981,0,0,0,0,1,1,0,0,0,0,1,0,0,0,0,0,0,0,0,0
R286063786,0,0,0,0,0,0,0,0,0,0,1,0,0,0,0,0,0,0,1,0
R286072190,0,0,0,0,0,0,0,0,0,0,0,0,0,0,0,0,0,0,0,0
R286125210,0,0,0,0,0,0,0,0,0,0,0,0,0,0,0,0,0,0,1,0
R286152158,0,0,0,0,0,0,0,0,0,0,0,0,0,0,0,0,0,0,0,0
R286159543,0,0,0,0,0,0,0,0,0,0,0,0,0,0,0,0,0,0,0,0
R286162708,0,0,0,0,0,0,0,0,0,0,0,0,0,0,0,0,0,0,0,0
R286165875,0,0,0,0,0,0,0,0,0,0,0,0,0,0,0,0,0,0,0,0
R286175411,0,0,0,0,0,0,0,0,0,0,1,0,0,0,0,0,0,0,0,0
R286203973,0,0,0,0,0,0,0,0,0,0,0,0,0,0,0,0,0,0,0,0
R286226744,0,0,0,0,0,0,0,0,0,0,0,0,0,0,0,0,0,0,0,0
R286235229,0,0,0,0,0,0,0,0,0,0,0,0,0,0,0,0,0,1,0,0
R286358153,0,0,0,0,0,1,0,0,1,0,0,0,0,1,0,1,0,0,1,0
R286384411,0,0,0,0,0,0,0,0,0,0,0,0,0,0,0,0,0,0,1,0
R286395135,0,0,0,0,0,0,0,0,0,0,0,0,0,0,0,0,0,0,1,0
R286401402,0,0,0,0,0,1,0,0,0,0,1,0,0,0,0,0,0,0,0,0
R286407337,0,0,0,0,0,0,0,0,0,0,0,0,0,0,0,0,0,0,0,0
R286448869,0,0,0,0,0,0,0,0,0,0,0,0,0,1,0,1,0,0,0,0
R286488208,0,0,0,0,0,0,0,0,0,0,0,0,0,0,0,0,0,0,0,0
R286495970,0,0,0,0,0,0,0,0,0,0,0,0,0,0,0,0,0,0,1,0
R286513639,0,0,0,0,0,0,0,0,0,0,0,0,0,1,0,0,0,0,0,0
R286522379,0,0,0,0,0,0,0,0,0,0,0,0,0,0,0,0,0,0,0,0
R286525756,0,0,0,0,0,0,0,0,0,0,0,0,0,0,0,0,0,0,0,0
R286540336,0,0,0,0,0,0,0,0,0,0,0,0,0,0,0,0,0,0,1,0
R286546569,0,0,0,0,0,0,0,0,0,0,0,0,0,0,0,0,0,0,0,0
R286579599,0,0,0,0,0,0,0,0,0,0,0,0,0,0,0,0,0,0,1,0
R286608632,0,0,0,0,0,0,0,0,0,0,1,0,0,0,0,0,0,0,0,0
R286666186,0,0,0,0,0,0,0,0,0,0,0,0,0,0,0,0,0,0,0,0
R286679366,0,0,0,0,0,1,0,0,0,0,1,0,0,0,0,1,1,1,1,0
R286692101,0,0,0,0,0,0,0,0,0,0,0,0,0,0,0,0,0,0,0,0
R286701166,0,0,0,0,0,0,0,0,0,0,0,0,0,0,0,0,0,0,0,0
R286719669,0,0,0,0,0,0,0,0,0,0,0,0,0,0,0,0,0,0,0,0
R286726138,0,0,0,0,0,0,0,0,0,0,0,0,0,0,0,0,0,0,0,0
R286726992,0,0,0,0,0,1,0,0,0,0,0,0,0,0,0,0,0,0,0,0
R286727319,0,0,0,0,0,1,0,0,0,0,0,0,0,0,1,0,0,0,0,0
R286897932,0,0,0,0,0,0,0,0,0,0,0,0,0,0,0,0,0,0,0,0
R286916710,0,0,0,0,1,1,0,0,0,0,0,0,0,0,0,0,0,0,0,0
R286925438,0,0,0,0,0,0,0,0,0,0,1,0,0,0,0,0,0,0,0,0
R286930760,0,0,0,0,0,0,0,0,0,0,0,0,0,1,0,1,0,0,1,0
R286936999,0,0,0,0,0,0,0,0,0,0,0,0,0,0,0,0,0,0,0,0
R286961299,0,0,0,0,0,0,0,0,0,0,0,0,0,0,0,0,0,0,0,0
R286980828,0,0,0,0,0,0,0,0,0,0,0,0,0,0,0,0,0,0,0,0
R287000440,0,0,0,0,0,0,0,0,0,0,0,0,0,0,0,0,0,0,0,0
R287009543,0,0,0,0,0,0,0,0,0,0,0,0,0,0,0,0,0,0,0,0
R287011487,0,0,0,0,0,0,0,0,0,0,1,0,0,0,0,0,0,0,1,0
R287021381,0,0,0,0,0,0,0,0,0,0,0,0,0,0,0,0,0,0,0,0
R287031275,0,0,0,0,0,0,0,0,0,0,0,0,0,0,0,0,0,0,0,0
R287041288,0,0,0,0,0,0,0,0,0,0,0,0,0,0,0,0,0,0,0,0
R287060180,0,0,0,0,0,0,0,0,0,0,0,0,0,0,0,0,0,0,0,0
R287061606,0,0,0,0,0,0,0,0,0,0,0,0,0,0,0,0,0,0,0,0
R287077717,0,0,0,0,1,1,0,0,0,0,1,0,0,0,0,0,0,0,1,0
R287078719,0,0,0,0,0,0,0,0,0,0,0,0,0,0,0,0,0,0,0,0
R287088463,0,0,0,0,0,0,0,0,0,0,0,0,0,0,0,1,0,0,0,0
R287133796,0,0,0,0,0,0,0,0,0,0,0,0,0,0,0,0,0,0,0,0
R287143344,0,0,0,0,0,0,0,0,0,0,1,0,0,0,0,0,0,0,0,0
R287148552,0,0,0,0,0,0,0,0,0,0,0,0,0,0,0,0,0,0,1,0
R287149305,0,0,0,0,0,0,0,0,0,0,0,0,0,0,0,0,0,0,0,0
R287160533,0,0,0,0,1,1,0,0,0,0,0,0,0,0,0,1,1,0,1,0
R287180439,0,0,0,0,0,0,0,0,0,0,0,0,0,0,0,0,0,0,0,0
R287222945,0,0,0,0,0,0,0,0,0,0,0,0,0,0,0,0,0,0,1,0
R287231030,0,0,0,0,0,1,0,0,0,0,0,0,0,0,0,0,0,1,1,0
R287267923,0,0,0,0,0,0,0,0,0,0,0,0,0,0,0,0,0,0,0,0
R287283955,0,0,0,0,0,0,0,0,0,0,0,0,0,0,0,0,0,0,0,0
R287299691,0,0,0,0,1,1,0,0,0,0,0,0,0,0,0,0,0,0,0,0
R287320583,0,0,0,0,0,0,0,0,0,0,0,0,0,0,0,0,0,0,0,0
R287328118,0,0,0,0,0,0,0,0,0,0,0,0,0,0,0,0,0,1,0,0
R287334224,0,0,0,0,0,0,0,0,0,0,0,0,0,0,0,0,0,0,1,0
R287352164,0,0,0,0,0,0,0,0,0,0,0,0,0,0,0,0,0,0,0,0
R287393462,0,0,0,0,0,0,0,0,0,0,0,0,0,0,0,1,1,0,1,0
R287400123,0,0,0,0,0,0,0,0,0,0,0,0,0,0,0,0,0,0,0,0
R287404366,0,0,0,0,0,0,0,0,0,0,0,0,0,0,0,0,0,0,0,0
R287409339,0,0,0,0,0,0,0,0,0,0,0,0,0,0,0,0,0,0,0,0
R287421739,0,0,0,0,0,0,0,0,0,0,0,0,0,0,0,1,0,1,0,0
R287427009,0,0,0,0,0,0,0,0,0,0,0,0,0,0,0,0,0,0,0,0
R287462105,0,0,0,0,0,0,0,0,0,0,0,0,0,0,0,0,0,0,0,0
R287479586,0,0,0,0,0,0,0,0,0,0,0,0,0,0,0,0,0,0,0,0
R287529800,0,0,0,0,0,0,0,0,1,0,0,0,0,1,0,0,0,1,0,0
R287602849,0,0,0,0,0,0,0,0,0,0,0,0,0,0,0,0,0,0,1,0
R287618399,0,0,0,0,1,1,0,0,0,0,0,0,0,0,0,1,1,0,1,0
R287623043,0,0,0,0,0,0,0,0,0,0,0,0,0,0,0,0,0,0,0,0
R287625972,0,0,0,0,0,0,0,0,0,0,0,0,0,0,0,0,0,0,1,0
R287627565,0,0,0,0,0,0,0,0,0,0,1,0,0,0,0,0,0,0,0,0
R287635381,0,0,0,0,0,0,0,0,0,0,0,0,0,0,0,0,0,0,0,0
R287647866,0,0,0,0,0,0,0,0,0,0,0,0,0,0,0,0,0,0,0,0
R287672425,0,0,0,0,1,1,0,0,0,0,0,0,0,0,0,0,0,0,0,0
R287678111,0,0,0,0,0,0,0,0,0,0,1,0,0,0,0,0,0,0,0,0
R287696378,0,0,0,0,0,0,0,0,0,0,0,0,0,0,0,1,1,0,1,0
R287715993,0,0,0,0,0,0,0,0,0,0,0,0,0,0,0,0,0,0,0,0
R287753579,0,0,0,0,0,0,0,0,0,0,0,0,0,0,0,0,0,0,0,0
R287774615,0,0,0,0,0,0,0,0,0,0,1,0,0,0,0,0,0,0,0,0
R287791535,0,0,0,0,1,1,0,0,0,0,0,1,0,0,0,1,0,1,0,0
R287801634,0,0,0,0,0,0,0,0,0,0,0,0,0,0,0,1,1,0,1,0
R287814361,0,0,0,0,0,0,0,0,0,0,0,0,0,0,0,0,0,0,0,0
R287816964,0,0,0,0,0,0,0,0,0,0,0,0,0,0,0,0,0,0,1,0
R287851003,0,0,0,0,0,0,0,0,0,0,0,0,0,0,0,0,0,0,0,0
R287859967,0,0,0,0,0,0,0,0,0,0,0,0,0,0,0,0,0,0,0,0
R287905568,0,0,0,0,0,0,0,0,0,0,0,0,0,0,0,0,0,0,0,0
R287913808,0,0,0,0,0,0,0,0,0,0,0,0,0,0,0,0,0,0,1,0
R287941191,0,0,0,0,0,0,0,0,0,0,0,0,0,0,0,0,0,0,0,0
R287941303,0,0,0,0,0,0,0,0,0,0,0,0,0,0,0,0,0,0,0,0
R287941608,0,0,0,0,0,0,0,0,0,0,0,0,0,0,0,0,0,0,0,0
R287961920,0,0,0,0,0,0,0,0,0,0,0,0,0,0,0,0,0,0,0,0
R287962172,0,0,0,0,0,0,0,0,0,0,0,0,0,0,0,0,0,0,0,0
R287975989,0,0,0,0,0,0,0,0,0,0,0,0,0,0,0,0,0,0,0,0
R287987105,0,0,0,0,1,1,0,0,0,0,1,0,0,0,0,0,0,0,0,0
R288088311,0,0,0,0,0,0,0,0,0,0,0,0,0,0,0,0,0,0,0,0
R288092232,0,0,0,0,0,0,0,0,0,0,0,0,0,1,0,0,0,0,0,0
R288127716,0,0,0,0,0,0,0,0,0,0,0,1,0,0,0,0,0,1,1,0
R288150362,0,0,0,0,0,0,0,0,0,0,0,0,0,0,0,0,0,0,1,0
R288161026,0,0,0,0,0,0,0,0,0,0,0,0,0,0,0,0,0,0,1,0
R288195364,0,0,0,0,0,1,0,0,0,0,0,0,1,0,0,0,0,0,1,0
R288218206,0,0,0,0,0,0,0,0,0,0,0,0,0,0,0,0,0,0,0,0
R288230369,0,0,0,0,1,1,0,0,0,0,1,0,0,0,0,1,0,0,0,0
R288237077,0,0,0,0,0,0,0,0,0,0,0,0,0,0,0,0,0,0,0,0
R288245389,0,0,0,0,0,0,0,0,0,0,0,0,0,0,0,0,0,0,0,0
R288267537,0,0,0,0,0,0,0,0,0,0,0,0,0,0,0,0,0,0,0,0
R288282941,0,0,0,0,0,0,0,0,0,0,0,0,0,1,0,0,0,0,0,0
R288297625,0,0,0,0,0,0,0,0,0,0,1,0,0,0,0,0,0,0,0,0
R288305364,0,0,0,0,0,0,0,0,0,0,1,0,0,0,0,0,0,0,0,0
R288306289,0,0,0,0,0,0,0,0,0,0,0,0,0,0,0,0,0,0,0,0
R288323655,0,0,0,0,0,0,0,0,0,0,0,0,0,0,0,0,0,0,1,0
R288363379,0,0,0,0,1,1,0,0,0,0,1,0,0,0,0,0,0,0,0,0
R288372876,0,0,0,0,0,0,0,0,0,0,0,0,0,0,0,0,0,0,0,0
R288387800,0,0,0,0,0,0,0,0,0,0,0,0,0,0,0,0,0,0,0,0
R288396326,0,0,0,0,0,0,0,0,0,0,0,0,0,0,0,0,0,0,0,0
R288426338,0,0,0,0,0,0,0,0,0,0,0,0,0,0,0,0,0,0,1,0
R288456226,0,0,0,0,0,0,0,0,0,0,1,0,0,0,0,0,0,0,0,0
R288466838,0,0,0,0,1,1,0,0,0,0,1,0,0,0,0,1,0,0,0,0
R288478198,0,0,0,0,0,0,0,0,0,0,0,0,0,0,0,0,0,0,0,0
R288508607,0,0,0,0,0,0,0,0,1,0,0,0,0,1,0,0,0,0,1,0
R288565765,0,0,0,0,0,0,0,0,0,0,0,0,0,0,0,0,0,0,1,0
R288631912,0,0,0,0,0,0,0,0,0,0,1,0,0,0,0,1,1,0,1,0
R288662558,0,0,0,0,0,0,0,0,0,0,0,0,0,0,0,0,0,0,0,0
R288678183,0,0,0,0,0,0,0,0,0,0,1,0,0,0,0,0,0,0,1,0
R288704095,0,0,0,0,0,1,0,0,0,0,0,0,0,1,0,0,0,0,0,0
R288708350,0,0,0,0,0,0,0,0,0,0,1,0,0,0,0,0,0,0,0,0
R288725316,0,0,0,0,0,0,0,0,0,0,1,0,0,0,0,0,0,0,0,0
R288739087,0,0,0,0,0,0,0,0,0,0,0,0,0,0,0,0,0,0,0,0
R288747675,0,0,0,0,0,0,0,0,0,0,0,0,0,0,0,0,0,0,0,0
R288749311,0,0,0,0,0,0,0,0,0,0,0,0,0,0,0,0,0,0,0,0
R288784033,0,0,0,0,0,0,0,0,0,0,0,0,0,0,0,0,0,0,0,0
R288793984,0,0,0,0,0,0,0,0,0,0,0,0,0,0,0,0,0,0,0,0
R288820269,0,0,0,0,0,0,0,0,0,0,0,0,0,0,0,0,0,0,0,0
R288838541,0,0,0,0,0,0,0,0,0,0,0,0,0,0,0,0,0,0,0,0
R288862075,0,0,0,0,0,0,0,0,0,0,0,0,0,0,0,1,1,1,1,0
R288877717,0,0,0,0,0,0,0,0,0,0,0,0,0,0,0,0,0,0,1,0
R288880801,0,0,0,0,1,1,0,0,0,0,1,0,0,0,0,0,0,0,0,0
R288910420,0,0,0,0,0,0,0,0,0,0,0,0,0,0,0,0,0,0,1,0
R288928616,0,0,0,0,0,0,0,0,0,0,0,0,0,0,0,0,0,0,0,0
R288949175,0,0,0,0,0,1,0,0,0,0,1,0,0,0,0,0,0,0,1,0
R288961100,0,0,0,0,0,0,0,0,0,0,0,0,0,0,0,0,0,0,0,0
R288964258,0,0,0,0,1,1,0,0,0,0,1,0,0,0,0,1,0,0,1,0
R288974449,0,0,0,0,1,1,0,0,0,0,0,0,0,0,0,1,1,0,1,0
R289012811,0,0,0,0,0,0,0,0,0,0,0,0,0,0,0,0,0,0,0,0
R289013416,0,0,0,0,0,0,0,0,0,0,0,0,0,0,0,0,0,0,0,0
R289021483,0,0,0,0,0,0,0,0,0,0,0,0,0,0,0,0,0,0,0,0
R289031636,0,0,0,0,0,1,0,0,0,0,0,0,0,0,0,1,1,0,0,0
R289094737,0,0,0,0,0,0,0,0,0,0,1,0,0,0,0,0,0,0,0,0
R289109274,0,0,0,0,1,1,0,0,1,0,1,0,0,1,1,1,1,0,1,0
R289183325,0,0,0,0,0,0,0,0,0,0,0,0,0,0,0,0,0,0,0,0
R289184990,0,0,0,0,0,0,0,0,0,0,0,0,0,0,0,0,0,0,0,0
R289206429,0,0,0,0,0,0,0,0,0,0,0,0,0,0,0,1,0,0,0,0
R289214236,0,0,0,0,0,0,0,0,0,0,0,0,0,0,0,0,0,0,0,0
R289218817,0,0,0,0,0,0,0,0,0,0,0,0,0,0,0,0,0,0,0,0
R289284494,0,0,0,0,1,1,0,0,0,0,0,0,0,0,0,0,0,0,0,0
R289289617,0,0,0,0,0,0,0,0,0,0,0,0,0,0,0,0,0,0,0,0
R289290563,0,0,0,0,1,1,0,0,0,0,0,0,0,0,0,0,0,0,0,0
R289303942,0,0,0,0,0,0,0,0,0,0,0,0,0,0,0,0,0,0,0,0
R289334274,0,0,0,0,1,1,0,0,0,0,0,0,0,0,0,0,0,0,1,0
R289340849,0,0,0,0,0,1,0,0,0,0,0,0,0,0,0,0,0,0,0,0
R289342757,0,0,0,0,0,0,0,0,0,0,0,0,0,0,0,0,0,0,0,0
R289381816,0,0,0,0,0,0,0,0,0,0,0,0,0,0,0,0,0,0,1,0
R289405037,0,0,0,0,0,0,0,0,0,0,0,0,0,0,0,0,0,0,0,0
R289446724,0,0,0,0,0,0,0,0,0,0,0,0,0,0,0,0,0,0,0,0
R289446955,0,0,0,0,0,0,0,0,0,0,0,0,0,0,0,0,0,0,0,0
R289452189,0,0,0,0,0,0,0,0,0,0,0,0,0,0,0,0,0,0,0,0
R289461821,0,0,0,0,0,0,0,0,0,0,0,0,0,0,0,0,0,0,0,0
R289464032,0,0,0,0,0,0,0,0,1,0,0,0,0,1,0,0,0,0,0,0
R289466952,0,0,0,0,0,0,0,0,0,0,0,0,0,0,0,1,0,0,0,0
R289469383,0,0,0,0,0,0,0,0,0,0,0,0,0,0,0,0,0,1,1,0
R289470662,0,0,0,0,0,0,0,0,0,0,0,0,0,0,0,0,0,0,0,0
R289471230,0,0,0,0,0,1,0,0,0,0,1,0,0,0,0,0,0,0,0,0
R289485534,0,0,0,0,0,0,0,0,0,0,0,0,0,0,0,0,0,0,0,0
R289508421,0,0,0,0,0,0,0,0,0,0,0,0,0,0,0,0,0,0,0,0
R289512641,0,0,0,0,0,0,0,0,0,0,0,0,0,0,0,0,0,0,1,0
R289525057,0,0,0,0,0,0,0,0,0,0,0,0,0,0,0,0,0,0,0,0
R289534235,0,0,0,0,0,0,0,0,0,0,0,0,0,0,0,0,0,0,1,0
R289555960,0,0,0,0,0,0,0,0,0,0,0,0,0,0,0,0,0,0,0,0
R289573152,0,0,0,0,0,0,0,0,0,0,0,0,0,0,0,0,0,0,0,0
R289578852,0,0,0,0,0,0,0,0,0,0,0,0,0,0,0,0,0,0,1,0
R289582849,0,0,0,0,0,0,0,0,0,0,0,0,0,0,0,0,0,0,0,0
R289592010,0,0,0,0,0,0,0,0,0,0,1,0,0,0,0,0,0,0,0,0
R289608057,0,0,0,0,0,0,0,0,0,0,0,0,0,0,0,0,0,0,0,0
R289608759,0,0,0,0,0,0,0,0,0,0,0,0,0,0,0,0,0,0,1,0
R289610821,0,0,0,0,0,0,0,0,0,0,0,0,0,0,0,0,0,0,0,0
R289632393,0,0,0,0,0,0,0,0,0,0,0,0,0,0,0,0,0,0,0,0
R289641055,0,0,0,0,0,0,0,0,0,0,0,0,0,0,0,0,0,0,0,0
R289683296,0,0,0,0,0,0,0,0,0,0,0,0,0,0,0,0,0,0,0,0
R289736536,0,0,0,0,0,0,0,0,0,0,0,0,0,0,0,0,0,0,1,0
R289744885,0,0,0,0,0,0,0,0,0,0,0,1,0,0,0,0,0,1,1,0
R289755073,0,0,0,0,1,1,0,0,0,0,1,0,0,1,1,0,0,0,0,0
R289759184,0,0,0,0,0,0,0,0,0,0,0,0,0,0,0,0,0,0,0,0
R289764415,0,0,0,0,0,0,0,0,0,0,1,0,0,0,0,0,0,0,1,0
R289774284,0,0,0,0,0,0,0,0,0,0,0,0,0,0,0,1,0,0,1,0
R289781052,0,0,0,0,0,0,0,0,0,0,0,0,0,0,0,0,0,0,0,0
R289806229,0,0,0,0,0,0,0,0,0,0,0,0,0,0,0,0,0,0,0,0
R289807892,0,0,0,0,0,0,0,0,0,0,0,0,0,0,0,0,0,0,0,0
R289814232,0,0,0,0,1,1,0,0,0,0,0,0,0,0,0,0,0,0,0,0
R289833983,0,0,0,0,0,0,0,0,0,0,0,0,0,0,0,0,0,1,1,0
R289846975,0,0,0,0,0,0,0,0,0,0,0,0,0,0,0,0,0,0,0,0
R289856976,0,0,0,0,1,1,0,0,0,0,1,0,0,1,1,0,0,0,0,0
R289861540,0,0,0,0,0,0,0,0,0,0,0,0,0,0,0,0,0,0,0,0
R289878950,0,0,0,0,1,1,0,0,1,0,1,0,0,1,0,1,1,1,1,0
R289897317,0,0,0,0,0,0,0,0,0,0,0,0,0,0,0,0,0,0,0,0
R289898571,0,0,0,0,0,0,0,0,0,0,1,0,0,0,0,0,0,0,0,0
R289947892,0,0,0,0,0,0,0,0,0,0,0,0,0,0,0,1,1,0,1,0
R289954573,0,0,0,0,0,0,0,0,0,0,0,0,0,0,0,0,0,0,0,0
R290002927,0,0,0,0,0,0,0,0,0,0,0,0,0,0,0,0,0,0,0,0
R290065153,0,0,0,0,0,0,0,0,0,0,0,0,0,0,0,0,0,0,0,0
R290079432,0,0,0,0,0,0,0,0,0,0,1,0,0,1,0,0,0,0,0,0
R290088683,0,0,0,0,0,0,0,0,0,0,0,0,0,0,0,0,0,0,0,0
R290095481,0,0,0,0,0,1,0,0,0,0,0,1,0,1,0,0,0,1,1,0
R290098157,0,0,0,0,1,1,0,0,0,0,0,0,0,0,0,1,1,0,1,0
R290100798,0,0,0,0,0,0,0,0,0,0,0,0,0,0,0,0,0,0,0,0
R290113768,0,0,0,0,0,0,0,0,0,0,0,0,0,0,0,0,0,0,0,0
R290118525,0,0,0,0,0,0,0,0,0,0,0,0,0,0,0,0,0,0,0,0
R290138407,0,0,0,0,0,0,0,0,0,0,0,0,0,0,0,0,0,0,0,0
R290166190,0,0,0,0,0,0,0,0,0,0,0,0,0,0,0,0,0,0,0,0
R290176802,0,0,0,0,0,0,0,0,0,0,0,0,0,0,0,0,0,0,0,0
R290186514,0,0,0,0,0,0,0,0,0,0,0,0,0,0,0,0,0,0,0,0
R290221494,0,0,0,0,0,0,0,0,0,0,0,0,0,0,0,0,0,0,0,0
R290261066,0,0,0,0,0,0,0,0,0,0,0,0,0,0,0,0,0,0,0,0
R290330274,0,0,0,0,0,0,0,0,0,0,0,0,0,0,0,0,0,0,0,0
R290364180,0,0,0,0,0,0,0,0,0,0,0,0,0,1,0,0,0,0,0,0
R290366255,0,0,0,0,0,0,0,0,0,0,0,0,0,0,0,0,0,0,0,0
R290382816,0,0,0,0,0,0,0,0,0,0,0,0,0,0,0,0,0,0,1,0
R290412347,0,0,0,0,1,1,0,0,0,0,0,0,0,0,0,1,0,0,0,0
R290435689,0,0,0,0,0,0,0,0,0,0,0,0,0,0,0,0,0,0,0,0
R290497268,0,0,0,0,0,0,0,0,0,0,0,0,0,0,0,0,0,0,0,0
R290502980,0,0,0,0,0,0,0,0,0,0,0,0,0,0,0,0,0,0,1,0
R290531704,0,0,0,0,0,0,0,0,0,0,0,0,0,0,0,0,0,0,0,0
R290531729,0,0,0,0,0,1,0,0,0,0,1,0,0,0,1,0,0,0,0,0
R290535003,0,0,0,0,0,0,0,0,0,0,0,0,0,0,0,0,0,0,1,0
R290581942,0,0,0,0,0,0,0,0,0,0,1,0,0,0,0,0,0,0,0,0
R290588850,0,0,0,0,0,0,0,0,0,0,0,0,0,0,0,0,0,0,0,0
R290597176,0,0,0,0,0,0,0,0,0,0,0,0,0,0,0,0,0,0,0,0
R290600527,0,0,0,0,0,0,0,0,1,0,1,0,0,1,0,0,0,0,0,0
R290631384,0,0,0,0,0,0,0,0,0,0,0,0,0,0,0,0,0,0,0,0
R290656562,0,0,0,0,0,0,0,0,0,0,0,0,0,0,0,0,0,0,0,0
R290669716,0,0,0,0,0,0,0,0,0,0,0,0,0,0,0,0,0,0,0,0
R290710438,0,0,0,0,0,0,0,0,0,0,0,0,0,0,0,0,0,0,0,0
R290740251,0,0,0,0,0,0,0,0,0,0,0,0,0,0,0,0,0,1,0,0
R290769671,0,0,0,0,0,0,0,0,0,0,0,0,0,0,0,0,0,0,0,0
R290780511,0,0,0,0,0,0,0,0,0,0,0,0,0,0,0,0,0,0,0,0
R290782963,0,0,0,0,0,0,0,0,0,0,0,0,0,0,0,1,0,0,0,0
R290849352,0,0,0,0,0,1,0,0,0,0,1,0,0,1,0,0,0,0,0,0
R290865248,0,0,0,0,0,0,0,0,0,0,0,0,0,0,0,0,0,0,0,0
R290896378,0,0,0,0,0,0,0,0,0,0,0,0,0,0,0,0,0,0,0,0
R290898330,0,0,0,0,0,0,0,0,0,0,0,0,0,0,0,0,0,0,0,0
R290903965,0,0,0,0,0,0,0,0,0,0,0,0,0,0,0,0,0,0,0,0
R290921426,0,0,0,0,0,0,0,0,0,0,1,0,0,1,0,0,0,0,1,0
R290960195,0,0,0,0,0,1,0,0,1,0,0,0,0,1,0,1,0,0,1,0
R290961313,0,0,0,0,0,1,0,0,1,0,1,0,0,1,0,0,0,0,0,0
R290981978,0,0,0,0,0,0,0,0,0,0,1,0,0,0,0,0,0,0,0,0
R290997492,0,0,0,0,0,0,0,0,0,0,0,0,0,0,0,0,0,0,0,0
R291006218,0,0,0,0,0,0,0,0,0,0,0,0,0,0,0,0,0,0,0,0
R291024900,0,0,0,0,0,0,0,0,0,0,0,0,0,1,0,1,0,0,1,0
R291026587,0,0,0,0,0,0,0,0,0,0,0,0,0,0,0,1,0,0,1,0
R291049314,0,0,0,0,0,0,0,0,0,0,0,0,0,0,0,0,0,0,1,0
R291055335,0,0,0,0,0,0,0,0,0,0,0,0,0,0,0,0,0,0,0,0
R291065214,0,0,0,0,0,0,0,0,0,0,0,0,0,0,0,0,0,0,0,0
R291078491,0,0,0,0,1,1,0,0,0,0,1,0,0,0,0,1,0,0,1,0
R291093077,0,0,0,0,0,0,0,0,0,0,0,0,0,0,0,0,0,0,0,0
R291094005,0,0,0,0,0,0,0,0,0,0,0,0,0,0,0,1,1,0,0,0
R291111221,0,0,0,0,0,0,0,0,0,0,1,0,0,1,0,0,0,0,0,0
R291173976,0,0,0,0,0,0,0,0,0,0,0,0,0,0,0,0,0,0,0,0
R291209184,0,0,0,0,0,0,0,0,0,0,0,0,0,0,0,0,0,0,0,0
R291248947,0,0,0,0,0,0,0,0,0,0,0,0,0,0,0,0,0,0,0,0
R291258326,0,0,0,0,1,1,0,0,0,0,0,0,0,0,0,1,0,0,1,0
R291270522,0,0,0,0,0,0,0,0,0,0,0,0,0,0,0,0,0,0,0,0
R291308150,0,0,0,0,1,1,0,0,0,0,1,0,0,0,0,0,0,0,0,0
R291335239,0,0,0,0,0,0,0,0,0,0,0,0,0,0,0,0,0,0,0,0
R291348477,0,0,0,0,0,0,0,0,0,0,0,0,0,0,0,1,0,0,0,0
R291350836,0,0,0,0,0,0,0,0,0,0,0,0,0,0,0,0,0,0,0,0
R291365266,0,0,0,0,0,0,0,0,0,0,0,0,0,0,0,0,0,0,0,0
R291377656,0,0,0,0,0,0,0,0,0,0,0,0,0,0,0,0,0,0,0,0
R291419555,0,0,0,0,1,1,0,0,0,0,1,0,0,1,1,0,0,0,1,0
R291453593,0,0,0,0,1,1,0,0,0,0,0,0,0,0,0,1,0,0,0,0
R291481191,0,0,0,0,0,0,0,0,0,0,0,0,0,0,0,0,0,0,0,0
R291514055,0,0,0,0,0,1,0,0,1,0,0,0,0,1,0,1,0,0,0,0
R291539854,0,0,0,0,0,0,0,0,0,0,0,0,0,0,0,0,0,0,0,0
R291549660,0,0,0,0,0,0,0,0,0,0,0,0,0,0,0,0,0,0,0,0
R291560418,0,0,0,0,0,0,0,0,0,0,1,0,0,0,0,0,0,0,0,0
R291585865,0,0,0,0,0,0,0,0,0,0,0,0,0,0,0,0,0,0,0,0
R291586896,0,0,0,0,0,0,0,0,0,0,0,0,0,0,0,0,0,0,1,0
R291604096,0,0,0,0,0,0,0,0,0,0,0,0,0,0,0,0,0,0,0,0
R291606259,0,0,0,0,1,1,0,0,0,0,0,0,0,0,0,0,0,0,1,0
R291667591,0,0,0,0,0,1,0,0,0,0,1,0,0,0,1,0,0,0,0,0
R291669859,0,0,0,0,0,0,0,0,0,0,0,0,0,0,0,0,0,0,0,0
R291688811,0,0,0,0,0,0,0,0,0,0,0,0,0,0,0,0,0,0,0,0
R291696979,0,0,0,0,0,0,0,0,0,0,0,0,0,0,0,0,0,0,0,0
R291704739,0,0,0,0,0,0,0,0,0,0,0,0,0,0,0,0,0,0,0,0
R291705086,0,0,0,0,0,0,0,0,0,0,1,0,0,0,0,0,0,0,0,0
R291723490,0,0,0,0,0,0,0,0,0,0,0,0,0,0,0,0,0,0,0,0
R291741308,0,0,0,0,0,0,0,0,0,0,1,0,0,0,0,0,0,0,1,0
R291770675,0,0,0,0,0,0,0,0,0,0,0,0,0,0,0,0,0,0,0,0
R291779835,0,0,0,0,0,0,0,0,0,0,0,0,0,1,0,0,0,0,1,0
R291789771,0,0,0,0,0,0,0,0,0,0,0,0,0,0,0,0,0,0,0,0
R291797833,0,0,0,0,0,0,0,0,0,0,0,0,0,0,0,0,0,0,0,0
R291826120,0,0,0,0,0,0,0,0,0,0,0,0,0,0,0,0,0,0,0,0
R291831252,0,0,0,0,0,0,0,0,0,0,0,0,0,0,0,0,0,1,1,0
R291849248,0,0,0,0,0,1,0,0,0,0,0,0,0,1,0,0,0,0,0,0
R291882472,0,0,0,0,0,0,0,0,0,0,0,0,0,0,0,1,0,0,1,0
R291938501,0,0,0,0,0,0,0,0,0,0,0,0,0,0,0,0,0,0,1,0
R291940815,0,0,0,0,0,0,0,0,0,0,0,0,0,0,0,0,0,0,0,0
R291944461,0,0,0,0,0,0,0,0,0,0,0,0,0,0,0,0,0,0,0,0
R291951457,0,0,0,0,0,0,0,0,0,0,0,0,0,0,0,0,0,0,0,0
R291954654,0,0,0,0,0,0,0,0,0,0,0,0,0,0,0,1,1,0,0,0
R292021798,0,0,0,0,0,0,0,0,0,0,0,0,0,0,0,0,0,0,0,0
R292023850,0,0,0,0,0,0,0,0,0,0,0,0,0,0,0,0,0,0,0,0
R292045603,0,0,0,0,0,0,0,0,0,0,0,0,0,0,0,0,0,0,0,0
R292082653,0,0,0,0,0,0,0,0,0,0,0,0,0,0,0,0,0,0,0,0
R292085427,0,0,0,0,0,0,0,0,0,0,0,0,0,0,0,0,0,0,1,0
R292110266,0,0,0,0,0,0,0,0,0,0,0,0,0,0,0,0,0,0,0,0
R292138524,0,0,0,0,1,1,0,0,0,0,0,0,0,0,0,1,0,0,1,0
R292143547,0,0,0,0,0,0,0,0,0,0,0,0,0,0,0,0,0,0,0,0
R292157310,0,0,0,0,0,0,0,0,0,0,0,0,0,0,0,0,0,0,0,0
R292185185,0,0,0,0,0,1,0,0,0,0,0,0,0,1,0,0,0,0,0,0
R292193267,0,0,0,0,0,0,0,0,0,0,1,0,0,0,0,0,0,0,0,0
R292200903,0,0,0,0,0,0,0,0,0,0,0,0,0,0,0,0,0,0,0,0
R292222600,0,0,0,0,0,0,0,0,0,0,0,0,0,0,0,0,0,0,0,0
R292223559,0,0,0,0,0,0,0,0,0,0,0,0,0,0,0,0,0,0,0,0
R292260379,0,0,0,0,0,1,0,0,0,0,1,0,0,0,0,1,1,0,0,0
R292265623,0,0,0,0,0,0,0,0,0,0,0,0,0,0,0,0,0,0,0,0
R292288987,0,0,0,0,0,1,0,0,1,0,0,0,0,1,0,0,0,0,0,0
R292296974,0,0,0,0,1,1,0,0,0,0,0,0,0,0,0,1,0,0,1,0
R292334670,0,0,0,0,0,0,0,0,0,0,0,0,0,0,0,0,0,0,1,0
R292373568,0,0,0,0,0,0,0,0,0,0,0,0,0,0,0,0,0,0,1,0
R292381871,0,0,0,0,0,0,0,0,0,0,0,1,0,0,0,0,0,1,0,0
R292435819,0,0,0,0,0,0,0,0,0,0,0,0,0,0,0,1,1,0,1,0
R292436390,0,0,0,0,0,0,0,0,0,0,0,0,0,0,0,1,0,0,0,0
R292439688,0,0,0,0,1,1,0,0,0,0,1,0,0,1,0,1,1,0,1,0
R292469360,0,0,0,0,0,0,0,0,0,0,0,0,0,1,0,0,0,1,1,0
R292517732,0,0,0,0,0,0,0,0,0,0,0,0,0,0,0,0,0,0,0,0
R292576005,0,0,0,0,0,1,0,0,0,0,1,0,0,0,0,0,0,0,0,0
R292626202,0,0,0,0,0,0,0,0,0,0,0,0,0,0,0,0,0,0,0,0
R292653246,0,0,0,0,0,0,0,0,0,0,0,0,0,0,0,0,0,0,0,0
R292657664,0,0,0,0,0,0,0,0,0,0,0,0,0,0,0,0,0,0,0,0
R292694942,0,0,0,0,0,0,0,0,0,0,0,0,0,0,0,0,0,0,0,0
R292697603,0,0,0,0,0,0,0,0,0,0,1,0,0,0,0,1,0,1,1,0
R292698090,0,0,0,0,0,0,0,0,0,0,0,0,0,0,0,0,0,0,0,0
R292726075,0,0,0,0,1,1,0,0,1,0,1,0,0,1,0,0,0,1,1,0
R292752550,0,0,0,0,0,0,0,0,0,0,0,0,0,0,0,0,0,1,0,0
R292772284,0,0,0,0,0,0,0,0,0,0,0,0,0,0,0,1,0,0,1,0
R292781885,0,0,0,0,0,0,0,0,0,0,1,0,0,0,0,0,0,0,0,0
R292800871,0,0,0,0,0,0,0,0,0,0,0,0,0,0,0,0,0,0,0,0
R292807338,0,0,0,0,0,0,0,0,0,0,0,0,0,0,0,0,0,0,1,0
R292836366,0,0,0,0,0,0,0,0,0,0,1,0,0,0,0,0,0,0,1,0
R292864026,0,0,0,0,0,0,0,0,0,0,0,0,0,0,0,0,0,0,0,0
R292878267,0,0,0,0,0,0,0,0,0,0,0,0,0,1,0,0,0,0,0,0
R292890257,0,0,0,0,0,0,0,0,0,0,0,0,0,0,0,0,0,0,0,0
R292899311,0,0,0,0,0,0,0,0,0,0,0,0,0,1,0,1,0,0,1,0
R292900317,0,0,0,0,0,0,0,0,0,0,0,0,0,0,0,0,0,0,0,0
R292903110,0,0,0,0,0,0,0,0,0,0,0,0,0,0,0,0,0,0,1,0
R292928409,0,0,0,0,0,0,0,0,0,0,1,0,0,0,0,0,0,0,0,0
R292929058,0,0,0,0,0,0,0,0,0,0,0,0,0,0,0,1,0,0,0,0
R292951795,0,0,0,0,0,0,0,0,0,0,0,0,0,0,0,0,0,0,0,0
R292974613,0,0,0,0,0,0,0,0,0,0,0,0,0,0,0,0,0,0,0,0
R293001823,0,0,0,0,0,0,0,0,0,0,1,0,0,0,0,0,0,0,0,0
R293022254,0,0,0,0,1,1,0,0,0,0,1,0,0,0,0,1,0,0,1,0
R293024509,0,0,0,0,0,0,0,0,0,0,0,0,0,0,0,0,0,0,0,0
R293058205,0,0,0,0,0,0,0,0,0,0,1,0,0,0,0,1,0,0,0,0
R293149519,0,0,0,0,0,0,0,0,0,0,0,0,0,0,0,0,0,0,0,0
R293240870,0,0,0,0,0,0,0,0,0,0,0,0,0,0,0,0,0,0,0,0
R293255159,0,0,0,0,0,0,0,0,0,0,1,0,0,1,0,0,0,0,0,0
R293257858,0,0,0,0,0,0,0,0,0,0,0,0,0,1,0,0,0,0,0,0
R293258919,0,0,0,0,0,1,0,0,0,0,1,0,0,0,0,0,0,0,0,0
R293265859,0,0,0,0,0,0,0,0,0,0,0,0,0,0,0,0,0,0,1,0
R293311712,0,0,0,0,0,0,0,0,0,0,0,0,0,0,0,0,0,0,1,0
R293365358,0,0,0,0,0,0,0,0,0,0,0,0,0,0,0,0,0,0,0,0
R293370758,0,0,0,0,0,0,0,0,0,0,0,0,0,0,0,0,0,0,0,0
R293392792,0,0,0,0,0,0,0,0,0,0,1,0,0,0,0,0,0,0,1,0
R293404657,0,0,0,0,0,0,0,0,0,0,0,0,0,0,0,0,0,0,0,0
R293502530,0,0,0,0,0,0,0,0,0,0,0,0,0,0,0,1,1,0,1,0
R293513623,0,0,0,0,0,0,0,0,0,0,0,0,0,0,0,0,0,0,0,0
R293552833,0,0,0,0,1,1,0,0,0,0,0,0,0,0,0,0,0,0,1,0
R293555792,0,0,0,0,0,0,0,0,0,0,0,0,0,0,0,0,0,0,0,0
R293557403,0,0,0,0,0,0,0,0,0,0,0,0,0,0,0,0,0,0,1,0
R293560305,0,0,0,0,0,0,0,0,0,0,0,0,0,0,0,0,0,0,1,0
R293597054,0,0,0,0,0,0,0,0,0,0,0,0,0,0,0,1,1,0,1,0
R293619914,0,0,0,0,0,0,0,0,0,0,0,0,0,0,0,0,0,0,0,0
R293694340,0,0,0,0,0,0,0,0,0,0,0,0,0,0,0,0,0,0,0,0
R293702240,0,0,0,0,0,0,0,0,0,0,0,0,0,0,0,0,0,0,1,0
R293705015,0,0,0,0,1,1,0,0,0,0,0,0,0,0,0,1,0,0,1,0
R293732670,0,0,0,0,0,0,0,0,0,0,0,0,0,0,0,0,0,0,0,0
R293733362,0,0,0,0,0,0,0,0,0,0,0,0,0,0,0,0,0,0,0,0
R293765313,0,0,0,0,0,0,0,0,0,0,1,0,0,0,0,0,0,0,0,0
R293800908,0,0,0,0,0,0,0,0,0,0,0,0,0,0,0,0,0,0,0,0
R293818330,0,0,0,0,0,1,0,0,0,0,0,0,0,1,0,0,0,0,0,0
R293821627,0,0,0,0,0,0,0,0,0,0,0,0,0,0,0,0,0,0,1,0
R293834567,0,0,0,0,0,0,0,0,0,0,0,0,0,0,0,0,0,0,1,0
R293860492,0,0,0,0,0,0,0,0,0,0,0,0,0,0,0,0,0,0,0,0
R293861198,0,0,0,0,0,0,0,0,0,0,0,0,0,0,0,0,0,0,0,0
R293863559,0,0,0,0,0,0,0,0,0,0,0,0,0,0,0,0,0,0,0,0
R293872928,0,0,0,0,0,0,0,0,0,0,0,0,0,0,0,0,0,0,0,0
R293888264,0,0,0,0,0,0,0,0,0,0,0,1,0,0,0,0,0,1,1,0
R293894030,0,0,0,0,1,1,0,0,1,0,0,0,0,1,0,0,0,1,0,0
R293896887,0,0,0,0,0,0,0,0,0,0,0,0,0,0,0,0,0,0,0,0
R293929970,0,0,0,0,0,0,0,0,0,0,0,0,0,0,0,0,0,0,0,0
R293953989,0,0,0,0,1,1,0,0,0,0,1,0,0,0,0,0,0,0,0,0
R293976337,0,0,0,0,0,0,0,0,0,0,0,0,0,0,0,0,0,0,0,0
R293991382,0,0,0,0,0,0,0,0,0,0,0,0,0,0,0,0,0,0,0,0
R294020597,0,0,0,0,0,0,0,0,0,0,0,0,0,0,0,0,0,0,0,0
R294031938,0,0,0,0,0,0,0,0,0,0,0,0,0,0,0,0,0,0,0,0
R294033557,0,0,0,0,0,0,0,0,0,0,1,0,0,0,0,0,0,0,0,0
R294049791,0,0,0,0,1,1,0,0,0,0,1,0,0,0,0,0,0,0,0,0
R294116568,0,0,0,0,0,0,0,0,0,0,0,0,0,0,0,1,0,0,1,0
R294128300,0,0,0,0,0,0,0,0,0,0,0,0,0,0,0,0,0,0,1,0
R294129228,0,0,0,0,0,0,0,0,0,0,0,0,0,0,0,0,0,0,0,0
R294154687,0,0,0,0,0,0,0,0,0,0,0,0,0,0,0,0,0,1,0,0
R294222470,0,0,0,0,0,0,0,0,0,0,0,0,0,0,0,0,0,0,0,0
R294234727,0,0,0,0,0,0,0,0,0,0,0,0,0,0,0,0,0,0,0,0
R294264639,0,0,0,0,0,0,0,0,0,0,0,0,0,0,0,0,0,0,0,0
R294281702,0,0,0,0,1,1,0,0,0,0,1,0,0,0,0,1,0,0,0,0
R294309587,0,0,0,0,0,0,0,0,0,0,1,0,0,0,0,0,0,0,0,0
R294351414,0,0,0,0,0,0,0,0,0,0,0,0,0,0,0,0,0,0,0,0
R294358220,0,0,0,0,0,0,0,0,0,0,0,0,0,0,0,0,0,0,1,0
R294383916,0,0,0,0,1,1,0,0,1,0,1,0,0,1,0,1,0,1,1,0
R294416929,0,0,0,0,0,0,0,0,0,0,1,0,0,0,0,1,1,0,0,0
R294427487,0,0,0,0,0,0,0,0,0,0,0,0,0,0,0,0,0,0,0,0
R294432441,0,0,0,0,0,0,0,0,0,0,0,0,0,0,0,0,0,0,1,0
R294469479,0,0,0,0,0,0,0,0,0,0,0,0,0,0,0,0,0,0,0,0
R294476611,0,0,0,0,0,0,0,0,0,0,0,0,0,0,0,1,1,0,1,0
R294478456,0,0,0,0,1,1,0,0,0,0,0,0,0,0,0,0,0,0,1,0
R294480216,0,0,0,0,0,0,0,0,0,0,0,0,0,0,0,0,0,0,0,0
R294509632,0,0,0,0,0,0,0,0,0,0,0,0,0,0,0,0,0,0,0,0
R294552716,0,0,0,0,0,0,0,0,0,0,0,0,0,0,0,0,0,0,0,0
R294559415,0,0,0,0,0,0,0,0,0,0,0,0,0,0,0,0,0,0,0,0
R294564332,0,0,0,0,0,0,0,0,0,0,0,0,0,0,0,0,0,0,0,0
R294611160,0,0,0,0,0,1,0,0,0,0,0,0,0,0,1,0,0,0,0,0
R294617816,0,0,0,0,0,0,0,0,0,0,0,0,0,1,0,1,0,0,0,0
R294631897,0,0,0,0,0,0,0,0,0,0,0,0,0,0,0,1,0,0,0,0
R294640552,0,0,0,0,0,0,0,0,0,0,0,0,0,0,0,0,0,0,0,0
R294653462,0,0,0,0,0,0,0,0,0,0,0,0,0,0,0,0,0,0,0,0
R294684871,0,0,0,0,0,0,0,0,0,0,0,0,0,0,0,0,0,0,0,0
R294687012,0,0,0,0,0,0,0,0,0,0,0,0,0,0,0,0,0,1,0,0
R294704959,0,0,0,0,0,0,0,0,0,0,1,0,0,0,0,0,0,0,0,0
R294730571,0,0,0,0,0,0,0,0,0,0,1,0,0,0,0,0,0,0,0,0
R294786307,0,0,0,0,0,1,0,0,0,0,0,0,0,1,0,1,0,0,1,0
R294805237,0,0,0,0,0,0,0,0,0,0,0,0,0,0,0,0,0,0,0,0
R294834719,0,0,0,0,0,0,0,0,0,0,0,0,0,0,0,0,0,0,0,0
R294848355,0,0,0,0,0,0,0,0,0,0,1,0,0,0,0,0,0,0,0,0
R294893963,0,0,0,0,0,0,0,0,0,0,0,0,0,0,0,0,0,0,0,0
R294904740,0,0,0,0,0,0,0,0,0,0,0,0,0,0,0,0,0,0,1,0
R294908660,0,0,0,0,0,0,0,0,0,0,0,0,0,0,0,0,0,0,0,0
R294921725,0,0,0,0,0,0,0,0,0,0,0,0,0,0,0,0,0,0,0,0
R294930405,0,0,0,0,0,1,0,0,0,0,0,0,0,1,0,1,0,0,1,0
R294948503,0,0,0,0,0,1,0,0,0,0,1,0,0,1,1,1,1,0,1,0
R294958999,0,0,0,0,0,0,0,0,0,0,1,0,0,0,0,0,0,0,0,0
R294959455,0,0,0,0,0,0,0,0,0,0,0,0,0,1,0,0,0,0,1,0
R295017002,0,0,0,0,0,0,0,0,0,0,1,0,0,0,0,0,0,0,0,0
R295024482,0,0,0,0,0,0,0,0,0,0,0,0,0,0,0,0,0,0,0,0
R295084251,0,0,0,0,0,0,0,0,0,0,0,0,0,0,0,0,0,0,0,0
R295107695,0,0,0,0,0,0,0,0,0,0,0,0,0,0,0,0,0,0,0,0
R295110326,0,0,0,0,0,0,0,0,0,0,0,0,0,0,0,0,0,0,1,0
R295163699,0,0,0,0,0,0,0,0,0,0,0,0,0,0,0,0,0,0,0,0
R295166654,0,0,0,0,0,0,0,0,0,0,0,0,0,0,0,0,0,0,0,0
R295171078,0,0,0,0,0,0,0,0,0,0,0,0,0,0,0,0,0,0,0,0
R295182211,0,0,0,0,0,0,0,0,0,0,0,0,0,0,0,0,0,0,1,0
R295198099,0,0,0,0,0,0,0,0,0,0,0,0,0,0,0,0,0,0,0,0
R295217821,0,0,0,0,0,0,0,0,0,0,0,0,0,0,0,0,0,0,0,0
R295238433,0,0,0,0,0,0,0,0,0,0,0,0,0,0,0,0,0,0,1,0
R295248638,0,0,0,0,0,0,0,0,0,0,0,0,0,0,0,0,0,0,0,0
R295254463,0,0,0,0,0,0,0,0,0,0,0,0,0,0,0,0,0,0,0,0
R295260689,0,0,0,0,0,0,0,0,0,0,0,0,0,0,0,0,0,0,0,0
R295264893,0,0,0,0,0,0,0,0,0,0,0,0,0,0,0,0,0,0,0,0
R295270404,0,0,0,0,0,0,0,0,0,0,0,0,0,0,0,0,0,0,0,0
R295274010,0,0,0,0,1,1,0,0,1,0,1,0,0,1,0,0,0,0,0,0
R295290723,0,0,0,0,0,0,0,0,0,0,0,0,0,0,0,0,0,0,0,0
R295290827,0,0,0,0,0,0,0,0,0,0,0,0,0,0,0,0,0,0,0,0
R295298505,0,0,0,0,0,0,0,0,0,0,0,0,0,0,0,0,0,0,0,0
R295304067,0,0,0,0,0,0,0,0,0,0,0,0,0,0,0,0,0,0,0,0
R295344710,0,0,0,0,0,0,0,0,0,0,0,0,0,0,0,0,0,0,0,0
R295346831,0,0,0,0,0,0,0,0,0,0,0,0,0,0,0,0,0,0,0,0
R295359134,0,0,0,0,0,0,0,0,0,0,0,0,0,0,0,0,0,0,0,0
R295377264,0,0,0,0,0,0,0,0,0,0,0,0,0,0,0,0,0,0,0,0
R295443842,0,0,0,0,0,0,0,0,0,0,1,0,0,0,0,0,0,0,0,0
R295462588,0,0,0,0,0,0,0,0,0,0,1,0,0,0,0,0,0,0,0,0
R295533982,0,0,0,0,0,0,0,0,1,0,0,0,0,1,0,0,0,0,0,0
R295537646,0,0,0,0,0,0,0,0,0,0,0,0,0,0,0,0,0,0,0,0
R295550705,0,0,0,0,0,0,0,0,0,0,1,0,0,0,0,1,1,0,1,0
R295581024,0,0,0,0,0,0,0,0,0,0,0,0,0,0,0,0,0,0,1,0
R295642362,0,0,0,0,1,1,0,0,0,0,0,0,0,0,0,0,0,0,0,0
R295662555,0,0,0,0,0,0,0,0,0,0,1,0,0,0,0,0,0,0,0,0
R295670981,0,0,0,0,0,0,0,0,0,0,0,0,0,0,0,0,0,0,0,0
R295698571,0,0,0,0,0,0,0,0,0,0,0,0,0,0,0,0,0,0,0,0
R295724821,0,0,0,0,0,0,0,0,0,0,1,0,0,0,0,0,0,0,0,0
R295806813,0,0,0,0,0,0,0,0,0,0,0,0,0,0,0,0,0,0,0,0
R295809146,0,0,0,0,0,0,0,0,0,0,0,0,0,0,0,1,1,0,1,0
R295835858,0,0,0,0,0,0,0,0,0,0,0,0,0,0,0,0,0,0,0,0
R295843778,0,0,0,0,0,0,0,0,0,0,0,0,0,0,0,1,0,0,0,0
R295845222,0,0,0,0,0,0,0,0,0,0,0,1,0,0,0,0,0,1,0,0
R295847375,0,0,0,0,0,0,0,0,0,0,0,0,0,0,0,0,0,0,0,0
R295857166,0,0,0,0,0,0,0,0,0,0,0,0,0,0,0,0,0,0,0,0
R295864444,0,0,0,0,0,0,0,0,0,0,0,0,0,0,0,0,0,0,0,0
R295869816,0,0,0,0,0,0,0,0,0,0,0,0,0,0,0,0,0,0,0,0
R295902099,0,0,0,0,0,0,0,0,0,0,0,0,0,0,0,0,0,0,0,0
R295904628,0,0,0,0,0,0,0,0,0,0,0,0,0,0,0,0,0,0,0,0
R295920764,0,0,0,0,0,0,0,0,0,0,1,0,0,1,0,0,0,0,0,0
R295930615,0,0,0,0,0,0,0,0,0,0,0,0,0,0,0,0,0,0,0,0
R295938904,0,0,0,0,0,0,0,0,0,0,0,0,0,0,0,0,0,0,0,0
R295944330,0,0,0,0,0,0,0,0,0,0,0,0,0,0,0,0,0,0,0,0
R295963861,0,0,0,0,0,0,0,0,0,0,0,0,0,0,0,0,0,0,0,0
R295968121,0,0,0,0,1,1,0,0,0,0,1,0,0,0,0,0,0,0,1,0
R295969795,0,0,0,0,1,1,0,0,0,0,1,0,0,1,0,1,1,0,0,0
R296004956,0,0,0,0,0,0,0,0,0,0,0,0,0,0,0,0,0,0,0,0
R296012738,0,0,0,0,0,0,0,0,0,0,0,0,0,0,0,0,0,0,0,0
R296033326,0,0,0,0,0,0,0,0,0,0,0,0,0,0,0,0,0,0,0,0
R296033447,0,0,0,0,0,0,0,0,0,0,0,0,0,0,0,0,0,0,0,0
R296055202,0,0,0,0,0,0,0,0,0,0,0,0,0,0,0,0,0,0,0,0
R296099207,0,0,0,0,0,0,0,0,0,0,0,0,0,1,0,0,0,0,0,0
R296105087,0,0,0,0,0,0,0,0,0,0,0,0,0,0,0,0,0,0,1,0
R296108135,0,0,0,0,1,1,0,0,0,0,0,1,0,0,0,0,0,1,1,0
R296114422,0,0,0,0,0,0,0,0,0,0,0,0,0,0,0,0,0,0,0,0
R296131300,0,0,0,0,0,0,0,0,0,0,0,0,0,0,0,0,0,0,0,0
R296146717,0,0,0,0,0,0,0,0,0,0,0,0,0,0,0,0,0,0,1,0
R296180054,0,0,0,0,1,1,0,0,0,0,1,0,0,0,0,0,0,0,0,0
R296181348,0,0,0,0,0,0,0,0,0,0,0,0,0,0,0,0,0,0,1,0
R296198519,0,0,0,0,0,0,0,0,0,0,0,0,0,0,0,0,0,0,0,0
R296219712,0,0,0,0,0,0,0,0,0,0,1,0,0,0,0,0,0,0,0,0
R296225383,0,0,0,0,0,0,0,0,0,0,1,0,0,0,0,0,0,0,1,0
R296247573,0,0,0,0,0,0,0,0,0,0,0,0,0,0,0,0,0,0,0,0
R296250234,0,0,0,0,0,0,0,0,0,0,0,0,0,0,0,0,0,0,0,0
R296251921,0,0,0,0,0,0,0,0,0,0,0,0,0,0,0,0,0,0,0,0
R296253662,0,0,0,0,0,0,0,0,0,0,0,0,0,0,0,0,0,0,0,0
R296259684,0,0,0,0,1,1,0,0,0,0,0,0,0,0,0,0,0,0,0,0
R296265269,0,0,0,0,0,0,0,0,0,0,0,0,0,0,0,0,0,0,1,0
R296267801,0,0,0,0,0,0,0,0,0,0,0,0,0,0,0,0,0,0,0,0
R296269012,0,0,0,0,0,0,0,0,0,0,1,0,0,0,0,0,0,0,0,0
R296278257,0,0,0,0,0,0,0,0,0,0,0,0,0,0,0,1,1,0,1,0
R296279023,0,0,0,0,0,0,0,0,0,0,0,0,0,0,0,1,0,0,1,0
R296287681,0,0,0,0,0,0,0,0,0,0,0,0,0,0,0,0,0,0,0,0
R296297017,0,0,0,0,0,0,0,0,0,0,0,0,0,0,0,0,0,0,1,0
R296305554,0,0,0,0,1,1,0,0,0,0,0,0,0,0,0,0,0,1,0,0
R296387077,0,0,0,0,0,0,0,0,0,0,0,0,0,0,0,0,0,0,0,0
R296425451,0,0,0,0,0,0,0,0,0,0,0,0,0,0,0,0,0,0,1,0
R296427357,0,0,0,0,0,0,0,0,0,0,0,0,0,0,0,0,0,1,1,0
R296436244,0,0,0,0,1,1,0,0,0,0,0,0,0,0,0,1,1,0,1,0
R296441353,0,0,0,0,0,0,0,0,0,0,0,0,0,0,0,0,0,0,0,0
R296445334,0,0,0,0,0,0,0,0,0,0,0,0,0,0,0,0,0,0,0,0
R296476578,0,0,0,0,0,1,0,0,0,0,1,0,0,0,1,1,1,0,1,0
R296479869,0,0,0,0,0,0,0,0,0,0,0,0,0,0,0,0,0,0,0,0
R296482139,0,0,0,0,0,0,0,0,0,0,0,0,0,1,0,0,0,0,0,0
R296488094,0,0,0,0,0,0,0,0,0,0,0,0,0,0,0,0,0,0,0,0
R296495930,0,0,0,0,0,0,0,0,0,0,0,0,0,0,0,0,0,0,0,0
R296518896,0,0,0,0,0,0,0,0,0,0,0,0,0,0,0,0,0,0,0,0
R296532969,0,0,0,0,0,0,0,0,0,0,0,0,0,1,0,0,0,0,0,0
R296558257,0,0,0,0,0,0,0,0,0,0,0,0,0,0,0,0,0,0,1,0
R296610131,0,0,0,0,0,0,0,0,0,0,0,1,0,0,0,0,0,1,0,0
R296610776,0,0,0,0,0,0,0,0,0,0,0,0,0,0,0,0,0,0,0,0
R296625160,0,0,0,0,0,0,0,0,0,0,0,0,0,0,0,0,0,0,0,0
R296633193,0,0,0,0,0,0,0,0,0,0,0,0,0,0,0,0,0,0,0,0
R296637287,0,0,0,0,1,1,0,0,0,0,1,0,0,0,0,0,0,0,1,0
R296638388,0,0,0,0,0,0,0,0,0,0,0,0,0,0,0,0,0,0,0,0
R296638832,0,0,0,0,0,0,0,0,0,0,0,0,0,0,0,1,0,0,0,0
R296641296,0,0,0,0,0,0,0,0,0,0,0,0,0,0,0,0,0,0,0,0
R296684041,0,0,0,0,0,0,0,0,0,0,1,0,0,0,0,0,0,0,0,0
R296685796,0,0,0,0,1,1,0,0,0,0,0,0,0,0,0,0,0,0,1,0
R296704350,0,0,0,0,0,0,0,0,0,0,0,0,0,0,0,1,1,0,1,0
R296717734,0,0,0,0,0,0,0,0,0,0,0,0,0,0,0,1,0,0,1,0
R296750200,0,0,0,0,0,0,0,0,0,0,0,0,0,0,0,1,0,0,0,0
R296750944,0,0,0,0,1,1,0,0,1,0,1,0,0,1,1,0,0,1,0,0
R296806867,0,0,0,0,1,1,0,0,1,0,1,0,0,1,0,0,0,0,1,0
R296945917,0,0,0,0,0,0,0,0,0,0,0,0,0,0,0,0,0,0,0,0
R296985580,0,0,0,0,0,0,0,0,0,0,0,0,0,0,0,0,0,0,0,0
R296995801,0,0,0,0,0,0,0,0,0,0,0,0,0,0,0,0,0,0,0,0
R297008693,0,0,0,0,0,0,0,0,0,0,0,1,0,0,0,0,0,1,0,0
R297021197,0,0,0,0,0,0,0,0,0,0,1,0,0,0,0,0,0,0,0,0
R297023831,0,0,0,0,0,0,0,0,0,0,0,0,0,0,0,0,0,0,0,0
R297037054,0,0,0,0,0,0,0,0,0,0,0,0,0,1,0,0,0,0,0,0
R297040274,0,0,0,0,0,0,0,0,0,0,0,0,0,0,0,0,0,1,0,0
R297046879,0,0,0,0,1,1,0,0,0,0,1,0,0,0,0,0,0,0,0,0
R297106120,0,0,0,0,0,0,0,0,0,0,0,0,0,0,0,0,0,0,0,0
R297123588,0,0,0,0,0,0,0,0,0,0,0,0,0,0,0,0,0,0,0,0
R297129335,0,0,0,0,0,0,0,0,0,0,0,0,0,0,0,0,0,0,0,0
R297129919,0,0,0,0,0,1,0,0,0,0,0,0,0,0,0,0,0,0,1,0
R297133148,0,0,0,0,0,0,0,0,0,0,0,0,0,0,0,0,0,0,1,0
R297152156,0,0,0,0,0,0,0,0,0,0,0,0,0,0,0,0,0,0,0,0
R297155888,0,0,0,0,0,0,0,0,0,0,0,0,0,0,0,0,0,0,0,0
R297175671,0,0,0,0,0,0,0,0,0,0,1,0,0,0,0,0,0,0,0,0
R297261993,0,0,0,0,0,0,0,0,0,0,1,0,1,0,0,0,0,0,1,0
R297289535,0,0,0,0,0,0,0,0,0,0,1,0,0,0,0,0,0,0,0,0
R297290731,0,0,0,0,1,1,0,0,0,0,1,0,0,0,0,1,0,0,1,0
R297314112,0,0,0,0,0,0,0,0,0,0,1,0,0,0,0,0,0,0,0,0
R297319393,0,0,0,0,0,1,0,0,0,0,1,0,0,1,1,0,0,0,0,0
R297330532,0,0,0,0,0,0,0,0,0,0,0,0,0,0,0,0,0,0,0,0
R297332764,0,0,0,0,0,0,0,0,0,0,0,0,0,0,0,0,0,0,0,0
R297333600,0,0,0,0,0,0,0,0,0,0,0,0,0,0,0,0,0,0,0,0
R297339431,0,0,0,0,0,0,0,0,0,0,0,0,0,0,0,0,0,0,0,0
R297341570,0,0,0,0,0,0,0,0,0,0,0,1,0,0,0,0,0,1,0,0
R297348005,0,0,0,0,1,1,0,0,0,0,0,0,0,0,0,0,0,0,0,0
R297348781,0,0,0,0,0,0,0,0,0,0,0,0,0,0,0,0,0,0,1,0
R297353917,0,0,0,0,0,0,0,0,0,0,0,0,0,0,0,0,0,0,0,0
R297356195,0,0,0,0,0,1,0,0,0,0,0,0,0,1,0,0,0,0,0,0
R297409527,0,0,0,0,0,1,0,0,1,0,0,0,0,1,0,0,0,0,0,0
R297487347,0,0,0,0,0,0,0,0,0,0,0,0,0,0,0,0,0,0,1,0
R297591420,0,0,0,0,1,1,0,0,1,0,1,0,0,1,0,1,1,0,1,0
R297594823,0,0,0,0,0,0,0,0,0,0,0,0,0,0,0,0,0,0,0,0
R297624281,0,0,0,0,0,0,0,0,0,0,1,0,0,0,0,0,0,0,0,0
R297632471,0,0,0,0,0,0,0,0,0,0,0,0,0,0,0,0,0,0,0,0
R297664279,0,0,0,0,0,0,0,0,0,0,0,0,0,0,0,1,1,0,1,0
R297665869,0,0,0,0,0,0,0,0,0,0,0,0,0,0,0,0,0,0,1,0
R297671987,0,0,0,0,0,0,0,0,0,0,0,0,0,0,0,0,0,0,0,0
R297684981,0,0,0,0,0,0,0,0,0,0,0,0,0,0,0,0,0,0,0,0
R297751270,0,0,0,0,0,0,0,0,0,0,0,0,0,0,0,0,0,0,1,0
R297770441,0,0,0,0,0,0,0,0,0,0,1,1,0,0,0,0,0,1,1,0
R297786553,0,0,0,0,0,0,0,0,0,0,1,0,0,0,0,1,1,0,1,0
R297822042,0,0,0,0,0,1,0,0,0,0,1,0,0,1,0,0,0,1,0,0
R297835054,0,0,0,0,0,0,0,0,0,0,0,0,0,0,0,0,0,0,0,0
R297860418,0,0,0,0,0,0,0,0,0,0,0,0,0,0,0,1,0,0,0,0
R297865383,0,0,0,0,0,0,0,0,0,0,1,0,0,0,0,0,0,0,0,0
R297869749,0,0,0,0,0,0,0,0,0,0,0,0,0,0,0,1,0,0,1,0
R297872644,0,0,0,0,0,0,0,0,0,0,0,0,0,0,0,0,0,0,0,0
R297904768,0,0,0,0,0,0,0,0,0,0,1,0,0,0,0,0,0,0,1,0
R297923817,0,0,0,0,0,0,0,0,0,0,0,0,0,0,0,0,0,0,0,0
R297977158,0,0,0,0,0,0,0,0,0,0,0,0,0,0,0,0,0,0,0,0
R297984684,0,0,0,0,0,0,0,0,0,0,0,1,0,0,0,0,0,1,1,0
R298002403,0,0,0,0,0,0,0,0,0,0,0,0,0,0,0,0,0,0,0,0
R298003450,0,0,0,0,0,0,0,0,0,0,0,0,0,0,0,0,0,0,0,0
R298057723,0,0,0,0,0,0,0,0,0,0,1,0,0,0,0,0,0,0,0,0
R298060222,0,0,0,0,0,0,0,0,0,0,1,0,0,0,0,0,0,0,0,0
R298103339,0,0,0,0,1,1,0,0,0,0,1,0,0,0,0,1,1,1,1,0
R298116789,0,0,0,0,0,0,0,0,0,0,0,0,0,0,0,0,0,0,0,0
R298131673,0,0,0,0,0,0,0,0,0,0,0,0,0,0,0,0,0,0,0,0
R298145047,0,0,0,0,0,0,0,0,0,0,1,0,0,0,0,0,0,0,0,0
R298148066,0,0,0,0,0,0,0,0,0,0,0,0,0,0,0,0,0,0,0,0
R298149312,0,0,0,0,0,0,0,0,0,0,0,0,0,0,0,0,0,0,0,0
R298165684,0,0,0,0,0,0,0,0,1,0,1,0,0,1,0,0,0,0,0,0
R298171118,0,0,0,0,0,0,0,0,0,0,1,0,0,0,0,0,0,0,0,0
R298172106,0,0,0,0,1,1,0,0,0,0,0,0,0,0,0,1,1,0,1,0
R298196043,0,0,0,0,0,0,0,0,0,0,0,0,0,0,0,0,0,0,0,0
R298206241,0,0,0,0,0,0,0,0,1,0,0,0,0,1,0,0,0,0,0,0
R298214171,0,0,0,0,0,0,0,0,0,0,0,0,0,0,0,0,0,0,0,0
R298263673,0,0,0,0,0,0,0,0,0,0,0,0,0,0,0,1,0,0,1,0
R298273913,0,0,0,0,0,0,0,0,0,0,0,0,0,0,0,0,0,0,0,0
R298275994,0,0,0,0,0,0,0,0,0,0,1,0,0,0,0,0,0,0,0,0
R298309542,0,0,0,0,0,0,0,0,0,0,0,0,0,0,0,0,0,0,1,0
R298311080,0,0,0,0,0,0,0,0,0,0,0,0,0,0,0,0,0,0,0,0
R298355449,0,0,0,0,0,0,0,0,0,0,0,0,0,0,0,0,0,0,0,0
R298360665,0,0,0,0,0,0,0,0,0,0,0,0,0,0,0,0,0,0,0,0
R298421605,0,0,0,0,0,0,0,0,0,0,1,0,0,0,0,0,0,0,0,0
R298448654,0,0,0,0,0,0,0,0,0,0,0,0,0,0,0,1,1,0,1,0
R298453348,0,0,0,0,0,0,0,0,0,0,0,0,0,0,0,0,0,0,0,0
R298467079,0,0,0,0,0,0,0,0,0,0,0,0,0,0,0,0,0,0,0,0
R298507258,0,0,0,0,0,0,0,0,0,0,0,0,0,0,0,0,0,0,0,0
R298511644,0,0,0,0,1,1,0,0,0,0,1,1,0,0,0,0,0,1,0,0
R298517126,0,0,0,0,0,0,0,0,0,0,1,0,0,0,0,1,0,0,0,0
R298528134,0,0,0,0,0,0,0,0,0,0,1,0,0,0,0,0,0,0,0,0
R298534893,0,0,0,0,0,0,0,0,0,0,0,0,0,0,0,0,0,0,0,0
R298547094,0,0,0,0,1,1,0,0,0,0,1,0,0,0,0,0,0,0,1,0
R298562741,0,0,0,0,0,0,0,0,0,0,0,0,0,0,0,0,0,0,0,0
R298574481,0,0,0,0,0,0,0,0,0,0,1,0,0,0,0,0,0,0,0,0
R298596298,0,0,0,0,0,0,0,0,0,0,0,0,0,0,0,0,0,0,0,0
R298602766,0,0,0,0,0,0,0,0,0,0,1,0,0,0,0,0,0,1,1,0
R298619024,0,0,0,0,0,0,0,0,0,0,0,0,0,0,0,0,0,0,0,0
R298654593,0,0,0,0,0,0,0,0,0,0,0,0,0,0,0,0,0,0,0,0
R298659420,0,0,0,0,1,1,0,0,0,0,1,0,0,0,0,0,0,1,1,0
R298689077,0,0,0,0,0,0,0,0,0,0,0,0,0,0,0,1,0,0,1,0
R298755585,0,0,0,0,0,0,0,0,0,0,0,0,0,0,0,0,0,0,0,0
R298790618,0,0,0,0,0,0,0,0,0,0,0,0,0,0,0,0,0,0,0,0
R298806653,0,0,0,0,0,0,0,0,0,0,0,0,0,0,0,0,0,0,0,0
R298856878,0,0,0,0,0,0,0,0,0,0,0,0,0,0,0,0,0,1,0,0
R298877610,0,0,0,0,0,0,0,0,0,0,0,0,0,0,0,0,0,0,0,0
R298904689,0,0,0,0,1,1,0,0,0,0,0,0,0,0,0,1,0,0,0,0
R298927254,0,0,0,0,0,0,0,0,0,0,1,0,0,0,0,0,0,0,0,0
R298974169,0,0,0,0,0,0,0,0,0,0,1,0,0,0,0,0,0,0,0,0
R299001291,0,0,0,0,0,0,0,0,0,0,0,0,0,0,0,0,0,1,0,0
R299014862,0,0,0,0,0,1,0,0,0,0,1,0,0,0,1,0,0,0,0,0
R299016605,0,0,0,0,0,0,0,0,0,0,0,0,0,0,0,0,0,0,0,0
R299021188,0,0,0,0,0,0,0,0,0,0,0,0,0,0,0,0,0,0,0,0
R299033220,0,0,0,0,0,0,0,0,0,0,1,0,0,1,0,1,0,0,0,0
R299043564,0,0,0,0,0,0,0,0,0,0,0,0,0,0,0,0,0,0,0,0
R299051571,0,0,0,0,0,0,0,0,0,0,0,0,0,0,0,0,0,0,0,0
R299052886,0,0,0,0,0,0,0,0,0,0,0,0,0,0,0,0,0,0,0,0
R299062386,0,0,0,0,0,0,0,0,0,0,0,0,0,0,0,0,0,0,0,0
R299082880,0,0,0,0,0,0,0,0,0,0,0,0,0,0,0,1,1,0,0,0
R299097065,0,0,0,0,0,0,0,0,0,0,0,0,0,0,0,0,0,0,1,0
R299107746,0,0,0,0,0,0,0,0,0,0,0,0,0,0,0,0,0,0,0,0
R299119368,0,0,0,0,0,0,0,0,0,0,1,0,0,1,0,0,0,0,0,0
R299209417,0,0,0,0,0,0,0,0,0,0,0,0,0,0,0,0,0,0,1,0
R299245132,0,0,0,0,0,0,0,0,0,0,0,0,0,0,0,0,0,0,0,0
R299250134,0,0,0,0,0,0,0,0,0,0,0,0,0,0,0,0,0,0,0,0
R299258183,0,0,0,0,0,0,0,0,0,0,0,0,0,0,0,0,0,0,0,0
R299258366,0,0,0,0,0,0,0,0,0,0,0,0,0,0,0,0,0,0,0,0
R299264371,0,0,0,0,0,0,0,0,0,0,0,0,0,0,0,0,0,1,1,0
R299299210,0,0,0,0,0,0,0,0,0,0,0,0,0,0,0,0,0,0,0,0
R299330562,0,0,0,0,0,0,0,0,0,0,0,0,0,0,0,0,0,0,0,0
R299366426,0,0,0,0,0,0,0,0,0,0,0,0,0,0,0,0,0,0,0,0
R299368898,0,0,0,0,0,0,0,0,0,0,1,0,0,0,0,0,0,0,0,0
R299372963,0,0,0,0,1,1,0,0,1,0,0,0,0,1,1,1,1,0,1,0
R299413745,0,0,0,0,0,0,0,0,0,0,0,0,0,0,0,0,0,0,1,0
R299445512,0,0,0,0,0,0,0,0,0,0,1,1,0,0,0,0,0,1,0,0
R299458492,0,0,0,0,0,0,0,0,0,0,0,0,0,0,0,0,0,0,0,0
R299467218,0,0,0,0,0,0,0,0,0,0,0,0,0,0,0,0,0,0,0,0
R299481069,0,0,0,0,0,0,0,0,0,0,0,0,0,0,0,0,0,0,0,0
R299506845,0,0,0,0,0,0,0,0,0,0,1,0,0,0,0,0,0,0,1,0
R299507297,0,0,0,0,0,0,0,0,0,0,0,0,0,0,0,0,0,0,0,0
R299527431,0,0,0,0,1,1,0,0,0,0,0,0,0,0,0,1,0,0,1,0
R299533564,0,0,0,0,0,0,0,0,0,0,0,0,0,0,0,0,0,0,0,0
R299541224,0,0,0,0,0,0,0,0,0,0,0,0,0,0,0,0,0,0,0,0
R299581645,0,0,0,0,0,1,0,0,0,0,1,0,0,1,1,1,1,0,0,0
R299600705,0,0,0,0,0,1,0,0,0,0,0,0,0,0,0,1,1,0,0,0
R299606134,0,0,0,0,0,0,0,0,0,0,0,0,0,0,0,0,0,0,1,0
R299610243,0,0,0,0,0,0,0,0,0,0,0,0,0,0,0,0,0,0,0,0
R299611068,0,0,0,0,0,0,0,0,0,0,0,0,0,0,0,0,0,0,0,0
R299612436,0,0,0,0,0,0,0,0,0,0,0,0,0,0,0,0,0,0,0,0
R299623727,0,0,0,0,0,0,0,0,0,0,0,0,0,0,0,0,0,0,0,0
R299624798,0,0,0,0,1,1,0,0,0,0,1,0,0,0,0,0,0,0,0,0
R299647633,0,0,0,0,0,0,0,0,0,0,0,0,0,0,0,0,0,0,0,0
R299659188,0,0,0,0,0,0,0,0,0,0,1,0,0,0,0,0,0,0,1,0
R299677808,0,0,0,0,0,0,0,0,1,0,1,0,0,1,0,0,0,0,0,0
R299690228,0,0,0,0,0,0,0,0,0,0,0,0,0,0,0,0,0,0,0,0
R299702208,0,0,0,0,0,0,0,0,0,0,0,0,0,0,0,0,0,0,0,0
R299776961,0,0,0,0,0,0,0,0,0,0,0,0,0,0,0,0,0,0,0,0
R299784610,0,0,0,0,0,0,0,0,0,0,0,0,0,0,0,0,0,0,0,0
R299859979,0,0,0,0,1,1,0,0,0,0,0,0,0,0,0,0,0,0,0,0
R299869409,0,0,0,0,0,0,0,0,0,0,1,0,0,0,0,0,0,0,0,0
R299893882,0,0,0,0,1,1,0,0,0,0,1,0,0,0,0,0,0,0,1,0
R299899580,0,0,0,0,0,0,0,0,0,0,0,0,0,0,0,0,0,0,0,0
R299901789,0,0,0,0,0,0,0,0,0,0,0,0,0,0,0,0,0,0,0,0
R299921196,0,0,0,0,0,0,0,0,0,0,0,0,0,0,0,0,0,0,0,0
R299940019,0,0,0,0,0,0,0,0,0,0,0,0,0,0,0,1,0,0,1,0
R299950449,0,0,0,0,0,0,0,0,0,0,0,0,0,0,0,0,0,0,0,0
R299977408,0,0,0,0,0,0,0,0,0,0,0,0,0,0,0,0,0,0,0,0
