grid,172.3,290.12,771.2,716.3,668,609.11,315.2,315,609.1,292.1,909,313,290.11,315.1,389,292,367.8,333.3,389.2,367,label
R200075310,0,0,0,0,0,0,0,0,0,0,0,1,0,0,0,0,0,0,0,0,1
R200192757,0,0,0,0,0,0,1,1,0,1,0,0,0,1,0,1,0,0,0,0,1
R200221350,0,0,0,0,0,0,0,0,0,0,0,1,0,0,0,0,0,0,0,0,1
R200305920,0,0,0,0,0,0,0,0,0,0,0,1,0,0,0,0,0,0,0,0,1
R200323844,0,0,0,0,0,0,1,1,0,0,0,0,0,0,0,0,0,0,0,0,1
R200435080,0,0,0,0,0,0,1,1,0,0,0,0,0,0,1,0,0,0,1,0,1
R200654776,0,0,0,0,0,0,0,0,0,0,0,1,0,0,0,1,0,0,0,0,1
R200706377,0,0,0,0,0,0,1,1,0,0,0,1,0,0,0,1,0,0,0,0,1
R200715148,0,0,0,0,0,0,1,1,0,0,0,0,0,1,1,0,0,0,1,0,1
R200719527,0,0,0,0,0,0,1,1,0,0,0,0,0,0,0,0,0,0,0,0,1
R201039631,0,0,0,0,0,0,1,1,0,1,0,1,0,0,0,1,0,0,0,0,1
R201056202,0,0,0,0,0,0,1,1,0,0,0,0,0,0,0,0,0,0,0,0,1
R201069668,0,0,0,0,0,0,0,0,0,0,0,1,0,0,0,0,0,0,0,0,1
R201139488,0,0,0,0,0,0,0,0,0,0,0,0,0,0,0,0,0,0,0,1,1
R201143624,0,0,0,0,0,0,1,1,0,0,0,1,0,0,1,0,0,0,0,0,1
R201229911,0,0,0,0,0,0,1,1,0,0,0,0,0,0,0,0,0,0,0,0,1
R201403444,0,0,0,0,0,0,1,1,0,0,0,0,0,0,0,0,0,0,0,0,1
R201451537,0,0,0,0,0,0,1,1,0,0,0,0,0,0,0,0,0,0,0,0,1
R201474971,0,0,0,0,0,0,1,1,0,0,0,1,0,0,0,0,0,0,0,0,1
R201534094,0,0,0,0,0,0,1,1,0,0,0,0,0,0,1,0,1,0,1,1,1
R201716289,0,0,0,0,0,0,1,1,0,0,0,0,0,0,0,0,0,0,0,0,1
R201770710,0,0,0,0,0,0,0,0,0,0,0,1,0,0,0,0,0,0,0,0,1
R201837138,0,0,0,0,0,0,1,1,0,1,0,1,0,0,0,1,0,0,0,1,1
R201885974,0,0,0,0,0,0,1,1,0,0,0,0,0,0,0,0,0,0,0,0,1
R201928474,0,0,0,0,0,1,1,1,1,0,0,0,0,0,0,0,0,0,0,0,1
R201946684,0,0,0,0,0,0,1,1,0,0,0,0,0,0,0,1,0,0,0,0,1
R201954670,0,0,0,0,0,0,0,0,0,0,0,0,0,0,0,0,0,0,0,0,1
R201994018,0,0,0,0,0,0,1,1,0,0,0,0,0,0,0,0,0,0,0,0,1
R202056039,0,0,0,0,0,0,0,0,0,0,0,1,0,0,0,0,0,0,0,0,1
R202209106,0,0,0,0,0,0,0,1,0,0,0,0,0,1,0,0,0,0,0,1,1
R202324591,0,0,0,0,0,0,1,1,0,1,0,0,0,1,1,1,0,0,0,1,1
R202461963,0,0,0,0,0,0,1,1,0,1,1,0,0,0,0,1,0,0,0,0,1
R202478312,0,0,0,0,0,0,1,1,0,0,0,0,0,0,0,0,0,0,0,0,1
R202597494,0,0,0,0,0,0,1,1,0,0,0,1,0,0,0,0,0,0,0,0,1
R202634987,0,0,0,0,0,0,0,0,0,0,0,0,0,0,0,0,0,0,0,0,1
R202766949,0,0,0,0,0,0,1,1,0,0,0,0,0,0,0,0,1,0,0,1,1
R202782053,0,0,0,0,0,0,1,1,0,0,0,0,0,0,0,0,0,0,0,0,1
R202884500,0,0,0,0,0,0,1,1,0,0,0,0,0,0,1,0,1,0,0,1,1
R202990536,0,0,0,0,0,0,1,1,0,0,0,0,0,0,0,0,0,0,0,0,1
R203103724,0,0,0,0,0,0,0,0,0,0,0,1,0,0,0,0,0,0,0,0,1
R203110701,0,0,0,0,0,0,1,1,0,0,0,0,0,0,0,0,0,0,0,0,1
R203245756,0,0,0,0,0,0,0,0,0,0,0,1,0,0,0,0,0,0,0,0,1
R203259635,0,0,0,0,0,0,1,1,0,0,0,0,0,0,0,0,0,0,0,0,1
R203303372,0,0,0,0,0,0,1,1,0,0,0,0,0,0,0,0,0,0,0,0,1
R203397449,0,0,0,0,0,0,0,0,0,0,0,0,0,0,0,0,0,0,0,0,1
R203420060,0,0,0,0,0,0,1,1,0,1,0,0,0,0,1,1,0,0,0,0,1
R203675452,0,0,0,0,0,0,1,1,0,0,0,0,0,0,0,0,0,0,0,0,1
R203701898,0,0,0,0,0,0,1,1,0,0,0,0,0,0,1,0,0,0,1,0,1
R203917414,0,0,0,0,0,0,0,0,0,0,0,1,0,0,0,0,0,0,0,0,1
R203941769,0,0,0,0,0,0,1,1,0,0,0,1,0,0,1,0,1,0,0,1,1
R204075319,0,0,0,0,0,0,0,0,0,0,0,0,0,0,0,0,0,0,0,0,1
R204128929,0,0,0,0,0,0,0,0,0,0,0,1,0,0,0,0,0,0,0,0,1
R204155856,0,0,0,0,0,0,1,1,0,0,0,0,0,0,0,0,0,0,0,0,1
R204156541,0,0,0,0,0,0,1,1,0,0,0,0,0,0,1,0,0,0,1,1,1
R204240594,0,0,0,0,0,0,0,0,0,0,0,0,0,0,0,0,0,0,0,0,1
R204264837,0,0,0,0,0,0,1,1,0,0,0,0,0,0,0,0,0,0,0,0,1
R204275635,0,0,0,0,0,0,1,1,0,0,0,0,0,0,1,0,0,0,0,0,1
R204350065,0,0,0,0,0,0,1,1,0,0,0,1,0,0,0,0,0,0,0,0,1
R204529381,0,0,0,0,0,0,1,1,0,0,0,0,0,0,0,0,0,0,0,0,1
R204752503,0,0,0,0,0,0,1,1,0,0,0,1,0,0,0,0,0,0,0,0,1
R204785932,0,1,0,0,0,0,0,0,0,1,0,0,1,0,0,1,0,0,0,0,1
R204881496,0,0,0,0,0,0,1,1,0,1,0,0,0,0,0,1,0,0,0,0,1
R204943253,0,0,0,0,0,0,1,1,0,0,0,1,0,0,0,0,0,0,0,0,1
R205112141,0,0,0,0,0,0,1,1,0,0,0,0,0,0,0,0,0,0,0,1,1
R205163799,0,0,0,0,0,0,1,1,0,0,0,1,0,0,1,0,0,0,1,0,1
R205212180,0,0,0,0,0,0,0,0,0,0,0,0,0,0,0,0,0,0,0,0,1
R205280235,0,0,0,0,0,0,1,1,0,0,0,1,0,0,0,0,0,0,0,0,1
R205385200,0,0,0,0,0,0,1,1,0,0,0,1,0,0,0,0,0,0,0,0,1
R205537490,0,0,0,0,0,0,1,1,0,1,0,0,0,0,1,1,0,0,1,0,1
R205579400,0,0,0,0,0,0,1,1,0,0,0,0,0,0,0,0,0,0,0,0,1
R205674444,0,0,0,0,0,0,1,1,0,0,0,0,0,0,0,0,0,0,0,0,1
R205876985,0,0,0,0,0,0,1,1,0,0,0,0,0,0,0,0,0,0,0,0,1
R206140334,0,0,0,0,0,0,1,1,0,0,0,0,0,0,0,0,0,0,0,0,1
R206403041,0,0,0,0,0,0,1,1,0,0,0,0,0,0,0,0,0,0,0,0,1
R206435495,0,0,0,0,0,0,0,0,0,0,0,0,0,0,0,0,0,0,0,0,1
R206487173,0,0,0,0,0,0,1,1,0,1,0,0,0,0,0,1,0,0,0,0,1
R206529755,0,0,0,0,0,0,1,1,0,0,0,0,0,0,0,0,0,0,0,0,1
R206599173,0,0,0,0,0,0,0,0,0,0,0,1,0,0,1,0,0,0,0,0,1
R206647227,0,0,0,0,0,0,0,0,0,0,0,1,0,0,0,0,0,0,0,0,1
R206814803,0,0,0,0,0,0,1,1,0,0,0,0,0,0,0,0,0,0,0,0,1
R206887531,0,0,0,0,0,0,0,0,0,0,0,1,0,0,1,1,0,0,1,0,1
R206917012,0,0,0,0,0,0,1,1,0,1,0,1,0,0,0,1,1,0,0,1,1
R207027685,0,0,0,0,0,0,1,1,0,0,0,0,0,0,0,0,0,0,0,0,1
R207055411,0,0,0,0,0,0,0,0,0,0,0,0,0,0,0,0,0,0,0,0,1
R207070076,0,0,0,0,0,0,1,1,0,0,0,1,0,0,1,0,0,0,1,1,1
R207104197,0,0,0,0,0,0,1,1,0,0,0,1,0,0,1,0,1,0,1,1,1
R207128649,0,0,0,0,0,0,0,0,0,0,0,1,0,0,0,0,1,0,0,1,1
R207143137,0,0,0,0,0,0,1,1,0,0,0,0,0,0,0,0,0,0,0,0,1
R207248592,0,0,0,0,0,0,0,0,0,0,0,1,0,0,0,0,1,0,0,1,1
R207275244,0,0,0,0,0,0,1,1,0,0,0,0,0,0,0,0,0,0,0,0,1
R207417058,0,0,0,0,0,0,1,1,0,0,0,0,0,0,0,0,0,0,0,0,1
R207552598,0,0,0,0,0,0,1,1,0,0,0,1,0,0,1,0,0,0,1,0,1
R207641502,0,0,0,0,0,0,1,1,0,0,0,0,0,0,0,0,0,0,0,0,1
R207676827,0,0,0,0,0,0,1,1,0,0,0,1,0,0,0,0,0,0,0,0,1
R207753482,0,0,0,0,0,0,0,0,0,0,0,1,0,0,0,0,0,0,0,1,1
R207899349,0,0,0,0,0,0,1,1,0,0,0,1,0,0,0,0,0,0,0,0,1
R207923979,0,0,0,0,0,0,0,0,0,0,0,0,0,0,0,0,0,0,0,0,1
R207972990,0,0,0,0,0,0,1,1,0,0,0,0,0,0,0,0,0,0,0,0,1
R208054988,0,0,0,0,0,0,1,1,0,0,0,1,0,0,0,0,0,0,0,0,1
R208092432,0,0,0,0,0,0,0,0,0,0,0,0,0,0,0,0,0,0,0,0,1
R208239398,0,0,0,0,0,0,1,1,0,0,0,0,0,0,0,0,0,0,0,0,1
R208266061,0,0,0,0,0,0,1,1,0,0,0,1,0,0,0,0,0,0,0,0,1
R208317769,0,0,0,0,0,0,0,1,0,0,0,1,0,0,0,0,0,0,0,0,1
R208322736,0,0,0,0,0,0,1,1,0,0,0,1,0,0,0,0,0,0,0,0,1
R208457418,0,0,0,0,0,0,1,1,0,0,0,0,0,0,0,0,0,0,0,0,1
R208467891,0,0,0,0,0,0,0,0,0,0,0,1,0,0,0,0,0,0,0,0,1
R208541324,0,0,0,0,0,0,1,1,0,0,0,0,0,0,1,0,0,0,1,0,1
R208658303,0,0,0,0,0,0,1,1,0,0,0,0,0,0,0,0,0,0,0,0,1
R208763213,0,0,0,0,0,0,0,1,0,0,0,1,0,1,0,0,0,0,0,0,1
R208802069,0,0,0,0,0,0,1,1,0,0,0,0,0,0,0,0,0,0,0,0,1
R208922863,0,0,0,0,0,0,1,1,0,0,0,0,0,0,0,0,0,0,0,0,1
R208938229,0,0,0,0,0,0,1,1,0,0,0,0,0,0,0,0,0,0,0,0,1
R208968585,0,0,0,0,0,0,1,1,0,0,0,1,0,0,0,0,0,0,0,0,1
R209042390,0,0,0,0,0,0,1,1,0,0,0,1,0,1,0,0,0,1,0,0,1
R209192035,0,0,0,0,0,0,1,1,0,0,0,0,0,0,0,0,0,0,0,0,1
R209233977,0,0,0,0,0,0,1,1,0,0,0,0,0,0,0,0,0,0,0,0,1
R209250367,0,0,0,0,0,0,1,1,0,0,0,0,0,0,0,0,0,0,0,0,1
R209558246,0,0,0,0,0,0,0,0,0,0,0,0,0,0,0,0,0,0,0,0,1
R209593887,0,0,0,0,0,0,1,1,0,0,0,0,0,0,0,0,0,0,0,0,1
R209606839,0,0,0,0,0,0,1,1,0,0,0,0,0,0,0,0,0,0,0,0,1
R209656319,0,0,0,0,0,0,1,1,0,0,0,0,0,0,0,0,0,0,0,0,1
R209665820,0,0,0,0,0,0,1,1,0,0,0,0,0,0,0,0,0,0,0,0,1
R209774119,0,0,0,0,0,0,1,1,0,0,0,0,0,0,0,1,0,0,0,0,1
R210690433,0,0,0,0,0,0,1,1,0,1,0,0,0,0,1,1,0,0,0,1,1
R210758594,0,0,0,0,0,0,0,0,0,0,0,0,0,0,0,0,0,0,0,0,1
R210816340,0,0,0,0,0,0,1,1,0,0,0,0,0,0,0,0,0,0,0,0,1
R210854554,0,0,0,0,0,0,0,0,0,1,0,1,0,0,0,1,0,0,0,0,1
R210881627,0,0,0,0,0,0,1,1,0,0,0,1,0,0,1,0,0,0,1,0,1
R210884736,0,0,0,0,0,0,0,0,0,0,0,1,0,0,0,0,0,0,0,0,1
R210888081,1,0,0,0,0,0,1,1,0,1,0,0,0,0,0,1,0,0,0,0,1
R211014581,0,0,0,0,0,0,0,0,0,0,0,0,0,0,0,0,0,0,0,0,1
R211019206,0,0,0,0,0,0,0,0,0,0,0,0,0,0,0,0,0,0,0,0,1
R211117514,0,0,0,0,0,0,1,1,0,0,0,1,0,0,0,0,0,0,0,0,1
R211122959,0,0,0,0,0,0,0,0,0,0,0,0,0,0,0,0,0,0,0,0,1
R211189927,0,0,0,0,0,0,1,1,0,0,0,0,0,0,0,0,0,0,0,0,1
R211245203,0,0,0,0,0,0,0,0,0,0,0,1,0,0,0,0,0,0,0,0,1
R211251338,0,0,0,0,0,0,0,0,0,0,0,1,0,0,0,0,0,0,0,0,1
R211353684,0,0,0,0,0,0,1,1,0,0,0,0,0,0,0,0,0,0,0,0,1
R211402569,0,0,0,0,0,0,1,1,0,0,0,1,0,0,0,0,1,0,0,1,1
R211412197,0,0,0,0,0,0,1,1,0,0,0,0,0,0,1,0,0,0,0,0,1
R211469719,0,0,0,0,0,0,0,0,0,1,0,0,0,0,0,1,0,0,0,0,1
R211475724,0,0,0,0,0,0,1,1,0,0,0,1,0,0,0,0,0,0,0,0,1
R211542438,0,0,0,0,0,0,1,1,0,0,0,0,0,0,0,0,0,0,0,0,1
R211550110,0,0,0,0,0,0,0,0,0,0,0,0,0,0,0,0,0,0,0,0,1
R211672361,0,0,0,0,0,0,1,1,0,0,0,0,0,0,0,0,0,0,0,0,1
R211684612,0,0,0,0,0,0,0,0,0,0,0,0,0,0,0,0,0,0,0,1,1
R211787227,0,0,0,0,0,0,1,1,0,0,0,0,0,0,0,0,0,0,0,0,1
R211818063,0,0,0,0,0,0,1,1,0,0,0,0,0,0,0,0,1,0,0,1,1
R211922111,0,0,0,0,0,0,1,1,0,0,0,0,0,0,1,0,0,0,1,0,1
R211929523,0,0,0,0,0,0,1,1,0,1,0,1,0,0,1,1,0,0,0,0,1
R212587553,0,0,0,0,0,0,0,0,0,0,0,1,0,0,0,0,0,0,0,0,1
R212612078,0,0,0,0,0,0,1,1,0,0,0,0,0,0,0,0,0,0,0,0,1
R212618220,0,0,0,0,0,0,0,0,0,0,0,0,0,0,0,0,0,0,0,0,1
R212688369,0,0,0,0,0,0,1,1,0,0,0,1,0,0,0,0,0,0,0,0,1
R212755868,0,0,0,0,0,0,1,1,0,0,0,1,0,0,0,0,0,0,0,0,1
R212870908,0,0,0,0,0,0,1,1,0,0,0,0,0,0,0,0,0,0,0,0,1
R213182822,0,0,0,0,0,0,1,1,0,0,0,0,0,0,0,0,0,0,0,0,1
R213249808,0,0,0,0,0,0,1,1,0,0,0,0,0,0,0,0,0,0,0,0,1
R213293228,0,0,0,0,0,0,1,1,0,0,0,1,0,0,0,0,0,0,0,0,1
R213468921,0,0,0,0,0,0,1,1,0,0,0,1,0,0,1,0,0,0,1,0,1
R213585615,0,0,0,0,0,0,0,1,0,0,0,1,0,0,0,0,0,0,0,0,1
R213632811,0,0,0,0,0,0,1,1,0,0,0,0,0,0,0,0,0,0,0,0,1
R213675605,0,0,0,0,0,0,0,0,0,0,0,1,0,0,0,0,0,0,0,0,1
R213683269,0,0,0,0,0,0,0,0,0,0,0,0,0,0,1,0,0,0,1,0,1
R213719392,0,0,0,0,0,0,0,0,0,0,0,0,0,0,0,0,0,0,0,0,1
R213909606,0,0,0,0,0,0,1,1,0,0,0,1,0,0,0,0,0,0,0,0,1
R213930002,0,0,0,0,0,0,1,1,0,0,0,0,0,0,0,0,0,0,0,0,1
R214048591,0,0,0,0,0,0,1,1,0,0,0,1,0,0,0,0,0,1,0,0,1
R214098913,0,0,0,0,0,0,0,0,0,0,0,1,0,0,0,0,0,0,0,0,1
R214145336,0,0,0,0,0,0,1,1,0,0,0,0,0,0,0,0,0,0,0,0,1
R214163358,0,0,0,0,0,0,1,1,0,1,0,0,0,0,0,1,0,0,0,0,1
R214179664,0,0,0,0,0,0,0,0,0,0,0,1,0,0,1,0,1,0,0,1,1
R214265685,0,0,0,0,0,0,1,1,0,0,0,0,0,0,1,0,0,0,0,0,1
R214291859,0,0,0,0,0,0,1,1,0,0,0,0,0,0,0,0,0,0,0,0,1
R214401198,0,0,0,0,0,0,0,0,0,1,0,1,0,0,1,1,0,0,0,0,1
R214489307,0,0,0,0,0,0,1,1,0,0,0,0,0,0,0,0,0,0,0,0,1
R214771980,0,0,0,0,0,0,1,1,0,0,0,1,0,0,0,1,0,0,0,0,1
R214837518,0,0,0,0,0,0,1,1,0,0,0,0,0,0,0,0,0,0,0,0,1
R214851522,0,0,0,0,0,0,1,1,0,0,0,0,0,0,0,0,0,0,0,0,1
R214943618,0,0,0,0,0,0,1,1,0,1,0,0,0,1,0,1,0,0,0,0,1
R214948402,0,0,0,0,0,0,1,1,0,0,0,0,0,0,0,0,0,0,0,0,1
R214975718,0,0,0,0,0,0,1,1,0,0,0,0,0,0,0,0,0,0,0,0,1
R215060207,0,0,0,0,0,0,1,1,0,0,0,0,0,0,0,0,0,0,0,0,1
R215219319,0,0,0,0,0,0,0,0,0,0,0,0,0,0,1,0,0,0,1,0,1
R215230107,0,0,0,0,0,0,1,1,0,0,0,0,0,0,0,0,0,0,0,0,1
R215311366,0,0,0,0,0,0,0,0,0,0,0,1,0,0,0,0,0,0,0,0,1
R215502628,0,0,0,0,0,0,1,1,0,0,0,1,0,0,0,0,0,0,0,0,1
R215581648,0,0,0,0,0,0,1,1,0,0,0,1,0,0,0,0,0,0,0,0,1
R215693546,0,0,0,0,0,0,0,0,0,0,0,0,0,0,0,0,0,0,0,0,1
R215803936,0,0,0,0,0,0,1,1,0,1,0,1,0,0,0,1,0,0,0,0,1
R216169960,0,0,0,0,0,0,1,1,0,0,0,1,0,1,0,1,0,0,0,1,1
R216397909,0,0,0,0,0,0,0,0,0,0,0,0,0,0,0,0,0,0,0,0,1
R216527391,0,0,0,0,0,0,0,0,0,0,0,1,0,0,0,0,0,0,0,0,1
R216557820,0,0,0,0,0,0,1,1,0,0,0,0,0,0,0,0,0,0,0,0,1
R216716673,0,0,0,0,0,0,0,0,0,0,0,1,0,0,0,0,0,0,0,0,1
R216870830,0,0,0,0,0,0,0,1,0,0,0,1,0,0,0,0,0,0,0,0,1
R216871136,0,0,0,0,0,0,1,1,0,0,0,0,0,0,0,0,0,0,0,0,1
R216913212,0,0,0,0,0,0,0,0,0,0,0,0,0,0,1,0,0,0,0,0,1
R217104249,0,0,0,0,0,0,0,1,0,0,0,1,0,0,1,1,0,0,0,0,1
R217149231,0,0,0,0,0,0,1,1,0,0,0,0,0,0,1,0,0,0,0,0,1
R217210305,0,0,0,0,0,0,1,1,0,0,0,1,0,0,1,1,1,0,1,1,1
R217240402,0,0,0,0,0,0,0,0,0,0,0,1,0,0,0,0,0,0,0,0,1
R217243313,0,0,0,0,0,0,1,1,0,0,0,1,0,0,1,0,1,0,1,1,1
R217249129,0,0,0,0,0,0,0,0,0,0,0,1,0,0,0,0,0,0,0,0,1
R217249765,0,0,0,0,0,0,0,0,0,0,0,0,0,0,0,0,0,0,0,1,1
R217268839,0,0,0,0,0,0,1,1,0,1,0,1,0,0,1,1,0,0,0,1,1
R217397839,0,0,0,0,0,0,0,0,0,0,0,0,0,0,0,0,0,0,0,0,1
R217511326,0,0,0,0,0,0,1,1,0,0,0,0,0,0,0,0,0,0,0,0,1
R217589996,0,0,0,0,0,0,1,1,0,0,0,0,0,0,0,0,0,0,0,0,1
R217676207,0,0,0,0,0,0,1,1,0,1,0,1,0,0,0,1,0,0,0,0,1
R217766698,0,0,0,0,0,0,0,0,0,0,0,0,0,0,0,0,0,0,0,0,1
R217853844,0,0,0,0,0,0,1,1,0,0,0,0,0,1,1,0,0,0,0,0,1
R217882679,0,0,0,0,0,0,0,0,0,0,0,1,0,0,1,0,0,0,1,0,1
R218298806,0,0,0,0,0,0,1,1,0,0,0,1,0,0,1,0,0,0,1,0,1
R218395086,0,0,0,0,0,0,1,1,0,0,0,0,0,0,0,0,0,0,0,0,1
R218669768,0,0,0,0,0,0,1,1,0,1,0,0,0,0,0,1,0,0,0,0,1
R218674695,0,0,0,0,0,0,1,1,0,0,0,0,0,0,0,0,0,0,0,0,1
R218680237,0,0,0,0,0,0,1,1,0,0,0,1,0,1,0,0,0,0,0,0,1
R218754137,0,0,0,0,0,0,1,1,0,0,0,0,0,0,0,0,0,0,0,1,1
R219001184,0,0,0,0,0,0,1,1,0,0,0,1,0,0,1,0,0,0,1,0,1
R219046101,0,0,0,0,0,0,1,1,0,0,0,0,0,0,0,0,0,0,0,0,1
R219048871,0,0,0,0,0,0,0,0,0,1,0,0,0,0,1,1,0,0,0,0,1
R219093097,0,0,0,0,0,0,1,1,0,1,0,0,0,0,0,1,0,0,0,0,1
R219093210,0,0,0,0,0,0,0,0,0,0,0,1,0,0,0,0,0,0,0,0,1
R219147059,0,0,0,0,0,0,1,1,0,0,0,0,0,0,1,0,0,0,0,0,1
R219329539,0,0,0,0,0,0,1,1,0,0,0,1,0,0,0,0,0,0,0,0,1
R219372267,0,0,0,0,0,0,1,1,0,0,0,0,0,0,0,0,0,0,0,0,1
R219403112,0,0,0,0,0,0,1,1,0,0,0,0,0,0,0,0,0,0,0,0,1
R219721837,0,0,0,0,0,0,0,0,0,0,0,1,0,0,0,1,0,0,0,1,1
R220189278,0,0,0,0,0,0,1,1,0,0,0,1,0,0,0,0,0,1,0,0,1
R220289419,0,0,0,0,0,0,0,0,0,0,0,1,0,0,0,0,0,0,0,0,1
R220341451,0,0,0,0,0,0,1,1,0,0,0,0,0,0,0,0,0,0,0,0,1
R220354609,0,0,0,0,0,0,1,1,0,0,0,1,0,0,0,1,0,0,0,0,1
R220433478,0,0,0,0,0,0,0,1,0,0,0,1,0,1,0,0,0,0,0,0,1
R220589949,0,0,0,0,0,0,1,1,1,0,0,1,0,0,0,0,0,0,0,0,1
R220801020,0,0,0,0,0,0,1,1,0,0,0,0,0,0,0,0,0,0,0,0,1
R220859014,0,0,0,0,0,0,1,1,0,0,0,0,0,0,1,0,0,0,1,0,1
R220953328,0,0,0,0,0,0,1,1,0,0,0,0,0,0,0,0,0,0,0,0,1
R220981699,0,0,0,0,0,0,0,0,0,0,0,1,0,0,0,0,0,0,0,0,1
R221069857,0,0,0,0,0,0,1,1,0,0,0,1,0,0,1,0,0,0,0,0,1
R221119322,0,0,0,0,0,0,1,1,0,0,0,0,0,0,0,0,0,0,0,1,1
R221165889,0,0,0,0,0,0,1,1,0,0,0,1,0,0,0,0,0,0,0,0,1
R221212884,0,0,0,0,0,0,1,1,0,0,0,0,0,0,0,0,0,0,0,0,1
R221241925,0,0,0,0,0,0,1,1,0,0,0,0,0,0,0,0,0,0,0,0,1
R221389242,0,0,0,0,0,0,1,1,0,0,0,1,0,0,0,0,0,0,0,0,1
R221582757,0,0,0,0,0,0,1,1,0,0,0,0,0,0,0,0,0,0,0,0,1
R221584028,0,0,0,0,0,0,1,1,0,0,0,0,0,0,0,0,0,0,0,0,1
R221614599,0,0,0,0,0,0,1,1,0,0,0,0,0,0,0,0,0,0,0,0,1
R221730169,0,0,0,0,0,0,0,0,0,0,0,1,0,0,0,0,0,0,0,0,1
R221754899,0,0,0,0,0,0,1,1,0,0,0,0,0,0,0,0,0,0,0,0,1
R222150825,0,0,0,0,0,0,1,1,0,0,0,0,0,0,0,0,0,0,0,0,1
R222214700,0,0,0,0,0,0,1,1,0,0,0,0,0,0,0,0,0,0,0,0,1
R222331201,0,0,0,0,0,0,0,0,0,0,0,1,0,0,0,0,0,0,0,0,1
R222338907,0,0,0,0,0,0,0,0,0,0,0,1,0,0,0,0,0,0,0,0,1
R222518428,0,0,0,0,0,0,1,1,0,1,0,1,0,0,1,1,0,0,1,1,1
R222635182,0,0,0,0,0,0,1,1,0,0,0,0,0,0,1,0,0,0,0,0,1
R222809122,0,0,0,0,0,0,1,1,0,0,0,1,0,0,0,0,0,0,0,0,1
R222821496,0,0,0,0,0,0,1,1,0,1,0,0,0,0,0,1,0,0,0,0,1
R222889337,0,0,0,0,0,0,1,1,0,0,0,0,0,0,0,0,0,0,0,0,1
R223082497,0,0,0,0,0,0,0,0,0,0,0,1,0,0,0,0,0,0,0,0,1
R223194922,0,0,0,0,0,0,1,1,0,0,0,0,0,0,0,0,0,0,0,0,1
R223210086,0,0,0,0,0,0,0,0,0,0,0,0,0,0,0,0,0,0,0,0,1
R223274428,0,0,0,0,0,0,1,1,0,0,0,0,0,0,0,0,0,0,0,0,1
R223361340,0,0,0,0,0,0,1,1,0,0,0,0,0,0,0,0,0,0,0,0,1
R223372455,0,0,0,0,0,0,1,1,0,0,0,0,0,0,1,0,0,0,0,0,1
R223398971,0,0,0,0,0,0,1,1,0,0,0,1,0,0,0,0,0,0,0,0,1
R223415502,0,0,0,0,0,0,0,0,0,0,0,0,0,0,1,0,0,0,1,0,1
R223608314,0,0,0,0,0,0,1,1,0,0,0,0,0,0,1,0,0,0,1,0,1
R223617249,0,0,0,0,0,0,1,1,0,0,0,0,0,0,1,0,0,0,0,0,1
R223633517,0,0,0,0,0,0,1,1,0,0,0,0,0,0,1,0,0,0,0,0,1
R223971823,0,0,0,0,0,0,1,1,0,1,0,1,0,0,0,1,0,0,0,0,1
R223984062,0,0,0,0,0,0,1,1,0,0,0,0,0,0,0,0,0,0,0,0,1
R224012252,0,0,0,0,0,0,0,0,0,1,0,0,0,0,1,1,0,0,0,0,1
R224131657,0,0,0,0,0,0,1,1,0,0,0,0,0,0,1,0,0,0,0,0,1
R224150165,0,0,0,0,0,0,1,1,0,0,0,0,0,0,0,0,0,0,0,0,1
R224227851,0,0,0,0,0,0,1,1,0,0,0,0,0,0,0,0,0,0,0,0,1
R224460110,0,0,0,0,0,0,1,1,0,0,0,0,0,0,1,0,0,0,0,0,1
R224522749,0,0,0,0,0,0,1,1,0,0,0,1,0,0,0,0,0,0,0,0,1
R224524072,0,0,0,0,0,0,1,1,0,1,0,0,0,0,0,1,0,0,0,0,1
R224533795,0,0,0,0,0,0,1,1,0,0,0,0,0,0,0,0,0,0,0,0,1
R224539347,0,0,0,0,0,0,1,1,0,0,0,1,0,0,0,0,0,0,0,0,1
R224762051,0,0,0,0,0,0,1,1,0,0,0,0,0,0,0,0,0,0,0,0,1
R224764090,0,0,0,0,0,0,1,1,0,0,0,0,0,0,0,0,1,0,0,1,1
R224884616,0,0,0,0,0,0,0,0,0,0,0,1,0,0,0,0,0,0,0,0,1
R225014789,0,0,0,0,0,0,1,1,0,0,0,0,0,0,0,0,0,0,0,0,1
R225177693,0,0,0,0,0,0,1,1,0,0,0,0,0,0,0,0,0,0,0,0,1
R225245994,0,0,0,0,0,0,1,1,0,0,0,1,0,0,0,0,0,0,0,0,1
R225260477,0,0,0,0,0,0,0,0,0,0,0,0,0,0,0,0,0,0,0,0,1
R225266452,0,0,0,0,0,0,1,1,0,0,0,0,0,0,0,0,0,0,0,0,1
R225289285,0,0,0,0,0,0,1,1,0,0,0,0,0,0,0,0,0,0,0,0,1
R225393029,0,0,0,0,0,0,1,1,0,0,0,0,0,0,0,0,0,0,0,0,1
R225504557,0,0,0,0,0,0,1,1,0,0,0,1,0,0,0,0,0,0,0,0,1
R225690036,0,0,0,0,0,0,0,0,0,0,0,1,0,0,0,0,0,0,0,0,1
R225708423,0,0,0,0,0,0,1,1,0,0,0,1,0,0,0,0,0,0,0,0,1
R225718836,0,0,0,0,0,0,1,1,0,0,0,0,0,0,0,0,0,0,0,0,1
R225757341,0,0,0,0,0,0,0,0,0,0,0,1,0,0,0,0,0,0,0,0,1
R225945543,0,0,0,0,0,0,1,1,0,0,0,1,0,0,0,0,0,0,0,0,1
R225953000,0,0,0,0,0,0,1,1,0,0,0,1,0,0,0,0,0,0,0,0,1
R225977738,0,0,0,0,0,0,1,1,0,0,0,0,0,0,0,1,0,0,0,0,1
R226047673,0,0,0,0,0,0,0,0,0,0,0,1,0,0,0,0,0,0,0,0,1
R226212558,0,0,0,0,0,0,1,1,0,0,0,1,0,0,1,1,1,0,0,1,1
R226471867,0,0,0,0,0,0,1,1,0,0,0,0,0,0,0,0,0,0,0,0,1
R226481630,0,0,0,0,0,0,0,0,0,0,0,1,0,0,0,0,0,0,0,0,1
R226569769,0,0,0,0,0,0,1,1,0,0,0,1,0,0,1,0,0,0,0,0,1
R226724282,0,0,0,0,0,0,1,1,0,0,0,1,0,0,0,0,0,0,0,0,1
R226834517,0,0,0,0,0,0,0,0,0,0,0,0,0,0,0,0,0,0,0,1,1
R226995313,0,0,0,0,0,0,1,1,0,0,0,0,0,0,0,0,0,0,0,0,1
R227027737,0,0,0,0,0,0,1,1,0,1,0,0,0,0,1,1,0,0,0,0,1
R227035058,0,0,0,0,0,0,0,0,0,0,0,0,0,0,0,0,1,0,0,1,1
R227095712,0,0,0,0,0,0,1,1,0,0,0,0,0,0,1,0,0,0,0,0,1
R227272882,0,0,0,0,0,0,1,1,0,0,0,0,0,0,0,0,0,0,0,0,1
R227380646,0,0,0,0,0,0,0,0,0,0,0,1,0,0,1,0,0,0,1,0,1
R227425133,0,0,0,0,0,0,1,1,0,0,0,0,0,0,0,0,0,0,0,0,1
R227469206,0,0,0,0,0,0,1,1,0,0,0,0,0,0,0,0,0,0,0,0,1
R227616782,0,0,0,0,0,0,0,0,0,0,0,0,0,0,0,0,0,0,0,0,1
R228072566,0,0,0,0,0,0,0,0,0,0,0,1,0,0,0,0,0,0,0,0,1
R228078954,0,0,0,0,0,0,0,0,0,0,0,0,0,0,0,0,0,0,0,0,1
R228116072,0,0,0,0,0,0,1,1,0,0,0,0,0,0,0,0,0,0,0,0,1
R228243921,0,0,0,0,0,0,1,1,0,0,0,0,0,0,1,0,0,0,1,0,1
R228247150,0,0,0,0,0,0,1,1,0,0,0,0,0,0,0,1,0,0,0,0,1
R228248224,0,0,0,0,0,0,1,1,0,0,0,0,0,0,1,0,0,0,1,1,1
R228302947,0,0,0,0,0,0,1,1,0,1,0,1,0,0,1,1,0,0,0,0,1
R228416481,0,0,0,0,0,0,0,1,0,0,0,1,0,1,0,0,0,0,0,0,1
R228490501,0,0,0,0,0,0,1,1,0,0,0,1,0,0,0,0,0,0,0,0,1
R228566023,0,0,0,0,0,0,0,0,0,0,0,0,0,0,0,0,0,0,0,0,1
R228685587,0,0,0,0,0,0,1,1,0,0,0,0,0,0,0,0,0,0,0,0,1
R228730525,0,0,0,0,0,0,0,0,0,0,0,1,0,0,0,1,0,0,0,0,1
R228778252,0,0,0,0,0,0,0,0,0,0,0,1,0,0,0,0,0,0,0,0,1
R228868175,0,0,0,0,0,0,1,1,0,0,0,0,0,0,0,0,0,0,0,0,1
R229054457,0,0,0,0,0,0,1,1,0,0,0,0,0,0,0,0,0,0,0,0,1
R229108842,0,0,0,0,0,0,0,0,0,0,0,0,0,0,0,0,0,0,0,0,1
R229176373,0,0,0,0,0,0,0,0,0,0,0,1,0,0,0,0,1,0,0,1,1
R229212049,0,0,0,0,0,0,1,1,0,0,0,0,0,0,1,0,0,0,1,0,1
R229364690,0,0,0,0,0,0,1,1,0,1,0,1,0,0,0,1,0,0,0,0,1
R229404263,0,0,0,0,0,0,0,1,0,0,0,1,0,0,0,0,0,0,0,0,1
R229416227,0,0,0,0,0,0,1,1,0,0,0,1,0,0,0,1,0,0,0,1,1
R229430891,0,0,0,0,0,0,1,1,0,0,0,0,0,0,0,0,0,0,0,0,1
R229652007,0,0,0,0,0,0,1,1,0,0,0,0,0,0,0,0,1,0,0,1,1
R229656473,0,0,0,0,0,0,1,1,0,0,0,0,0,0,0,0,0,0,0,0,1
R229665310,0,0,0,0,0,0,1,1,0,0,0,0,0,0,0,0,0,0,0,0,1
R229826494,0,0,0,0,0,0,1,1,0,0,0,1,0,0,0,0,0,0,0,0,1
R229890996,0,0,0,0,0,0,1,1,0,0,0,1,0,1,1,1,1,0,1,1,1
R229906554,0,0,0,0,0,0,0,0,0,0,0,1,0,0,0,0,0,0,0,0,1
R229958654,0,0,0,0,0,0,0,0,0,0,0,1,0,0,0,0,0,0,0,0,1
R229997987,0,0,0,0,0,0,1,1,0,0,0,0,0,0,0,0,0,0,0,0,1
R230120048,0,0,0,0,0,0,1,1,0,0,0,1,0,0,0,1,0,0,0,0,1
R230438902,0,0,0,0,0,0,1,1,0,1,0,0,0,0,1,1,0,0,1,0,1
R230593358,0,0,0,0,0,0,1,1,0,0,0,0,0,0,0,0,0,0,0,0,1
R230693095,0,0,0,0,0,0,1,1,0,0,0,0,0,0,0,0,0,0,0,0,1
R230736303,0,0,0,0,0,0,1,1,0,0,0,0,0,0,1,0,0,0,1,0,1
R230746798,0,0,0,0,0,0,0,0,0,1,0,0,0,0,0,1,0,0,0,0,1
R230749370,0,0,0,0,0,0,1,1,0,0,0,0,0,0,1,0,0,0,1,0,1
R230817871,0,0,0,0,0,0,0,0,0,0,0,1,0,0,0,0,0,0,0,0,1
R230830301,0,0,0,0,0,0,0,0,0,0,0,0,0,0,0,0,0,0,0,0,1
R230881971,0,0,0,0,0,0,0,0,0,0,0,1,0,0,0,0,0,0,0,0,1
R230903071,0,0,0,0,0,0,1,1,0,0,0,0,0,0,1,0,0,0,0,0,1
R231113380,0,0,0,0,0,0,1,1,0,0,0,1,0,0,0,0,0,0,0,0,1
R231121575,0,0,0,0,0,0,1,1,0,0,0,0,0,0,1,0,0,0,0,0,1
R231242073,0,0,0,0,0,0,0,0,0,0,0,1,0,0,0,0,0,0,0,0,1
R231366981,0,0,0,0,0,0,1,1,0,0,0,0,0,0,0,0,0,0,0,0,1
R231468992,0,0,0,0,0,0,0,0,0,0,0,1,0,0,0,0,0,0,0,0,1
R231652315,0,0,0,0,0,0,1,1,0,0,0,0,0,0,1,0,0,0,0,0,1
R231728066,0,0,0,0,0,0,1,1,0,0,0,1,0,0,1,0,0,0,0,0,1
R231863629,0,0,0,0,0,0,1,1,0,0,0,1,0,0,1,0,0,0,1,0,1
R232112832,0,0,0,0,0,0,0,0,0,0,0,1,0,0,0,0,0,0,0,0,1
R232215141,0,0,0,0,0,0,1,1,0,0,0,1,0,0,0,0,0,0,0,0,1
R232372102,0,0,0,0,0,0,1,1,0,0,0,0,0,0,0,0,0,0,0,0,1
R232413883,0,0,0,0,0,0,0,0,0,0,0,1,0,0,0,0,0,0,0,0,1
R232540124,0,0,0,0,0,0,0,0,0,0,0,0,0,0,0,0,0,0,0,0,1
R232553664,0,0,0,0,0,0,1,1,0,0,0,0,0,0,0,0,0,0,0,0,1
R232614382,0,0,0,0,0,0,0,0,0,0,0,0,0,0,0,0,0,0,0,0,1
R232661468,0,0,0,0,0,0,1,1,0,0,0,0,0,0,0,0,0,0,0,1,1
R232668567,0,0,0,0,0,0,1,1,0,0,0,0,0,0,0,0,0,0,0,0,1
R232701057,0,0,0,0,0,0,0,0,0,0,0,1,0,0,0,0,0,0,0,0,1
R232982685,0,0,0,0,0,0,1,1,0,0,0,0,0,0,0,0,0,0,0,0,1
R233215223,0,0,0,0,0,0,0,1,0,0,0,1,0,0,0,0,0,0,0,0,1
R233245580,0,0,0,0,0,0,1,1,0,0,0,0,0,0,1,0,0,0,1,0,1
R233333100,0,0,0,0,0,0,1,1,0,0,0,0,0,0,0,0,0,0,0,0,1
R233342087,0,0,0,0,0,0,1,1,0,0,0,0,0,0,0,0,0,0,0,0,1
R233379454,0,0,0,0,0,0,1,1,0,0,0,0,0,0,0,0,0,0,0,0,1
R233514157,0,0,0,0,0,0,0,0,0,0,0,0,0,0,0,0,0,0,0,0,1
R233541271,0,0,0,0,0,0,1,1,0,0,0,0,0,0,1,0,0,0,0,0,1
R233634372,0,0,0,0,0,0,1,1,0,1,0,0,0,1,1,1,0,0,0,0,1
R233808556,0,0,0,0,0,0,1,1,0,0,0,0,0,0,0,0,0,0,0,0,1
R234013307,0,0,0,0,0,0,1,1,0,1,0,0,0,0,0,1,0,0,0,0,1
R234060640,0,0,0,0,0,0,1,1,0,0,0,1,0,0,1,0,0,0,0,0,1
R234103692,0,0,0,0,0,0,1,1,0,0,0,0,0,0,0,0,0,0,0,0,1
R234200042,0,0,0,0,0,0,1,1,0,0,0,0,0,0,0,0,0,0,0,0,1
R234227138,0,0,0,0,0,0,1,1,0,0,0,1,0,0,0,0,1,0,0,1,1
R234397173,0,0,0,0,0,0,1,1,0,0,0,0,0,0,0,0,0,0,0,0,1
R234526692,0,0,0,0,0,0,1,1,0,0,0,0,0,0,0,0,0,0,0,0,1
R234649360,0,0,0,0,0,0,1,1,0,0,0,1,0,1,0,0,1,0,0,1,1
R234672899,0,0,0,0,0,0,1,1,0,0,0,0,0,0,0,0,0,0,0,0,1
R234861961,0,0,0,0,0,0,1,1,0,0,0,1,0,0,1,0,0,0,0,0,1
R234870597,0,0,0,0,0,0,1,1,0,0,0,0,0,0,0,1,0,0,0,0,1
R234875051,0,0,0,0,0,0,1,1,0,1,0,1,0,0,1,1,1,0,1,1,1
R234884262,0,0,0,0,0,0,1,1,0,0,0,0,0,0,0,0,0,0,0,0,1
R234975821,0,0,0,0,0,0,0,0,0,0,0,0,0,0,0,0,0,0,0,0,1
R235005457,0,0,0,0,0,0,1,1,0,0,0,0,0,0,0,0,0,0,0,0,1
R235015398,0,0,0,0,0,0,1,1,0,0,0,0,0,0,0,0,0,0,0,0,1
R235057291,0,0,0,0,0,0,0,0,0,0,0,1,0,0,0,0,0,0,0,0,1
R235133898,0,0,0,0,0,0,1,1,0,0,0,1,0,0,0,0,0,0,0,0,1
R235142449,0,0,0,0,0,0,1,1,0,0,0,0,0,0,1,0,0,0,0,0,1
R235266096,0,0,0,0,0,0,1,1,0,0,0,0,0,0,0,0,0,0,0,1,1
R235325333,0,0,0,0,0,0,1,1,0,0,0,0,0,0,1,0,0,0,1,0,1
R235387128,0,0,0,0,0,0,0,0,0,0,0,0,0,0,0,0,0,0,0,0,1
R235509832,0,0,0,0,0,0,1,1,0,0,0,0,0,0,0,0,0,0,0,0,1
R235519070,0,0,0,0,0,0,1,1,0,0,0,1,0,0,0,0,0,0,0,0,1
R235524630,0,0,0,0,0,0,1,1,0,0,0,0,0,0,0,0,0,0,0,0,1
R235707976,0,0,0,0,0,0,1,1,0,0,0,0,0,0,1,0,0,0,1,0,1
R235848922,0,0,0,0,0,0,1,1,0,0,0,0,0,0,1,0,0,0,0,0,1
R236029836,0,0,0,0,0,0,0,0,0,0,0,0,0,0,0,0,1,0,0,1,1
R236132692,0,0,0,0,0,0,1,1,0,0,0,1,0,0,0,0,0,0,0,0,1
R236329110,0,0,0,0,0,0,1,1,0,0,0,0,0,0,0,0,0,0,0,0,1
R236382118,0,0,0,0,0,0,1,1,0,0,0,0,0,0,0,0,0,0,0,0,1
R236390044,0,0,0,0,0,0,1,1,0,0,0,0,0,0,0,0,0,0,0,0,1
R236504232,0,0,0,0,0,0,1,1,0,0,0,0,0,0,1,0,0,0,0,0,1
R236782541,0,0,0,0,0,0,0,0,0,0,0,0,0,0,0,0,0,0,0,0,1
R236812027,0,0,0,0,0,0,1,1,0,0,0,1,0,0,1,0,0,0,1,0,1
R236813391,0,0,0,0,0,0,1,1,0,0,0,1,0,0,0,0,0,0,0,0,1
R236819340,0,0,0,0,0,0,1,1,0,0,0,1,0,0,0,0,0,0,0,0,1
R236928203,0,0,0,0,0,0,0,0,0,0,0,1,0,0,0,0,0,0,0,0,1
R237103159,0,0,0,0,0,0,0,0,0,0,0,1,0,0,0,0,0,0,0,0,1
R237124537,0,0,0,0,0,0,1,1,0,1,0,1,0,0,0,1,0,0,0,0,1
R237152632,0,0,0,0,0,0,1,1,0,1,0,1,0,0,1,1,0,0,0,0,1
R237316462,0,0,0,0,0,0,1,1,0,1,0,1,0,0,0,1,0,0,0,0,1
R237446602,0,0,0,0,0,0,1,1,0,0,0,0,0,0,0,0,0,0,0,0,1
R237587226,0,0,0,0,0,0,1,1,0,0,0,0,0,0,0,0,0,0,0,0,1
R237813047,0,0,0,0,0,0,1,1,0,0,0,1,0,0,0,0,0,0,0,0,1
R237844982,0,0,0,0,0,0,1,1,0,0,0,0,0,0,0,0,0,0,0,0,1
R237880326,0,0,0,0,0,0,1,1,0,1,0,1,0,0,0,1,0,0,0,0,1
R237884125,0,0,0,0,0,0,1,1,0,0,0,0,0,0,0,0,0,0,0,0,1
R237984122,0,0,0,0,0,0,1,1,0,0,0,1,0,0,1,0,0,0,0,0,1
R238077824,0,0,0,0,0,0,1,1,0,0,0,0,0,0,0,0,0,0,0,0,1
R238116653,0,0,0,0,0,0,1,1,0,0,0,0,0,0,0,0,0,0,0,0,1
R238145585,0,0,0,0,0,0,1,1,0,0,0,0,0,0,0,0,0,0,0,0,1
R238205270,0,0,0,0,0,0,0,0,0,0,0,0,0,0,0,0,0,0,0,0,1
R238272146,0,0,0,0,0,0,1,1,0,0,0,0,0,0,0,0,0,0,0,0,1
R238310480,0,0,0,0,0,0,1,1,0,0,0,1,0,0,0,0,0,0,0,1,1
R238340365,0,0,0,0,0,0,0,0,0,0,0,1,0,0,0,0,0,0,0,0,1
R238372712,0,0,0,0,0,0,1,1,0,0,0,0,0,0,0,0,0,0,0,0,1
R238443038,0,0,0,0,0,0,0,0,0,0,0,0,0,0,0,0,0,0,0,0,1
R238468119,0,0,0,0,0,0,1,1,0,0,0,0,0,0,0,0,0,0,0,0,1
R238530274,0,0,0,0,0,0,1,1,0,0,0,0,0,0,1,0,0,0,0,0,1
R238561798,0,0,0,0,0,0,1,1,0,0,0,0,0,0,0,1,0,0,0,0,1
R238644085,0,0,0,0,0,0,1,1,0,1,0,1,0,0,0,1,1,0,0,1,1
R238664913,0,0,0,0,0,0,1,1,0,0,0,0,0,0,0,0,1,0,0,1,1
R238885297,0,0,0,0,0,0,0,0,0,0,0,1,0,0,0,0,0,0,0,0,1
R238921938,0,0,0,0,0,0,0,0,0,0,0,0,0,0,1,0,0,0,0,0,1
R238950222,0,0,0,0,0,0,1,1,0,0,0,1,0,1,0,0,0,0,0,0,1
R239005395,0,0,0,0,0,0,1,1,0,0,0,1,0,0,0,0,0,0,0,0,1
R239323059,0,0,0,0,0,0,1,1,0,1,0,1,0,0,0,1,0,0,0,0,1
R239358778,0,0,0,0,0,0,1,1,0,0,0,0,0,0,0,0,0,0,0,0,1
R239365348,0,0,0,0,0,0,1,1,0,0,0,0,0,0,1,0,0,0,0,0,1
R239370763,0,0,0,0,0,0,0,0,0,0,0,1,0,0,0,0,0,0,0,0,1
R239596058,0,0,0,0,0,0,1,1,0,0,0,1,0,0,0,0,0,0,0,0,1
R239652581,0,0,0,0,0,0,0,0,0,0,0,0,0,0,0,0,0,0,0,0,1
R239669935,0,0,0,0,0,0,1,1,0,0,0,0,0,0,0,0,0,0,0,0,1
R239876476,0,0,0,0,0,0,1,1,0,0,0,1,0,0,0,0,0,0,0,0,1
R239894350,0,0,0,0,0,0,1,1,0,0,0,0,0,0,0,0,0,0,0,0,1
R239901315,0,0,0,0,0,0,1,1,0,1,0,0,0,1,0,1,0,0,0,0,1
R240030337,0,0,0,0,0,0,0,0,0,0,0,0,0,0,0,0,0,0,0,0,1
R240120829,0,0,0,0,0,0,1,1,0,0,0,0,0,0,0,0,0,0,0,0,1
R240232244,0,0,0,0,1,0,1,1,0,0,0,0,0,0,0,0,0,0,0,0,1
R240251810,0,0,0,0,0,0,1,1,0,0,0,1,0,0,0,0,0,0,0,0,1
R240377337,0,0,0,0,0,0,0,1,0,0,0,1,0,1,0,0,0,0,0,0,1
R240400085,0,0,0,0,0,0,1,1,0,0,0,0,0,0,1,0,0,0,1,0,1
R240710369,0,0,0,0,0,0,0,0,0,0,0,1,0,0,0,1,0,0,0,0,1
R240728029,0,0,0,0,0,0,0,0,0,0,0,1,0,0,0,0,0,0,0,0,1
R240741491,0,0,0,0,0,0,1,1,0,0,0,1,0,0,0,0,0,0,0,0,1
R240800704,0,0,0,0,0,0,1,1,0,0,0,0,0,0,0,0,0,0,0,0,1
R240811002,0,0,0,0,0,0,1,1,0,0,0,0,0,0,0,0,0,0,0,0,1
R240839367,0,0,0,0,0,0,0,0,0,0,0,1,0,0,0,0,0,1,0,0,1
R240919038,0,0,0,0,0,0,1,1,0,0,0,0,0,0,0,0,0,0,0,0,1
R240923179,0,0,0,0,0,0,1,1,0,0,0,0,0,0,0,1,0,0,0,1,1
R240967129,0,0,0,0,0,0,1,1,0,0,0,1,0,0,0,0,0,0,0,0,1
R240970206,0,0,0,0,0,0,1,1,0,0,0,0,0,0,0,0,0,0,0,0,1
R240973074,0,0,0,0,0,0,0,0,0,0,0,1,0,0,0,0,0,0,0,0,1
R241330540,0,0,0,0,0,0,1,1,0,0,0,0,0,0,1,0,0,0,0,0,1
R241416997,0,0,0,0,0,0,1,1,0,0,0,0,0,0,0,0,0,0,0,0,1
R241428286,0,0,0,0,0,0,1,1,0,0,0,1,0,0,0,0,0,0,0,0,1
R241497971,0,0,0,0,0,0,1,1,0,0,0,1,0,0,0,0,0,0,0,0,1
R241529080,0,0,0,0,0,0,0,0,0,0,0,1,0,0,0,0,0,0,0,0,1
R241690569,0,0,0,0,0,0,0,0,0,0,0,0,0,0,0,0,0,0,0,0,1
R241707634,0,0,0,0,0,0,0,0,0,0,0,0,0,0,0,0,0,0,0,0,1
R241770926,0,0,0,0,0,0,1,1,0,0,0,0,0,0,1,0,0,0,1,0,1
R241772609,0,0,0,0,0,0,1,1,0,0,0,0,0,0,0,1,0,0,0,0,1
R241826088,0,0,0,0,0,0,1,1,0,0,0,0,0,0,0,0,0,0,0,1,1
R241916356,0,0,0,0,0,0,1,1,0,1,0,1,0,0,0,1,0,0,0,0,1
R241920256,0,0,0,0,0,0,1,1,0,0,0,0,0,0,0,0,0,0,0,0,1
R241948874,0,0,0,0,0,0,1,1,0,0,0,1,0,0,0,0,0,0,0,0,1
R242011136,0,0,0,0,0,0,0,1,0,0,0,1,0,1,1,1,0,1,0,0,1
R242132252,0,0,0,0,0,0,0,0,0,0,0,1,0,0,0,0,0,0,0,0,1
R242193397,0,0,0,0,0,0,1,1,0,0,0,0,0,0,0,0,0,0,0,0,1
R242542075,0,0,0,0,0,0,0,0,0,0,0,1,0,0,0,0,0,0,0,0,1
R242549734,0,0,0,0,0,0,1,1,0,0,0,0,0,0,0,0,0,0,0,0,1
R242715234,0,0,0,0,0,0,1,1,0,0,0,0,0,0,1,0,0,0,1,0,1
R242773315,0,0,0,0,0,0,1,1,0,0,0,0,0,0,0,0,0,0,0,0,1
R243012277,0,0,0,0,0,0,1,1,0,0,0,1,0,0,0,0,0,0,0,0,1
R243191453,0,0,0,0,0,0,0,0,0,0,0,1,0,0,0,0,0,0,0,0,1
R243297900,0,0,0,0,0,0,0,0,0,0,0,0,0,0,0,0,0,0,0,0,1
R243304383,0,0,0,0,0,0,0,0,0,0,0,1,0,0,0,0,0,0,0,0,1
R243346115,0,0,0,0,0,0,1,1,0,0,0,1,0,1,1,0,0,0,0,0,1
R243350450,0,0,0,0,0,0,0,0,0,0,0,1,0,0,0,1,0,0,0,1,1
R243411040,0,0,0,0,0,0,1,1,0,1,0,0,0,0,1,1,0,0,0,1,1
R243459033,0,0,0,0,0,0,1,1,0,0,0,0,0,0,0,0,0,0,0,0,1
R243641111,0,0,0,0,0,0,0,0,0,0,0,1,0,0,0,0,0,0,0,0,1
R243755990,0,0,0,0,0,0,1,1,0,0,0,0,0,0,0,0,0,0,0,0,1
R243817121,0,0,0,0,0,0,1,1,0,0,0,0,0,0,1,0,0,0,1,0,1
R243949342,0,0,0,0,0,0,1,1,0,0,0,0,0,0,0,0,0,0,0,0,1
R243960023,0,0,0,0,0,0,0,0,0,0,0,1,0,0,0,0,0,0,0,0,1
R243986460,0,0,0,0,0,0,1,1,0,0,0,0,0,0,0,0,0,0,0,0,1
R243990338,0,0,0,0,0,0,1,1,0,1,0,0,0,0,1,1,0,0,1,0,1
R243991400,0,0,0,0,0,0,1,1,0,0,0,1,0,0,0,1,0,0,0,0,1
R244048656,0,0,0,0,0,0,0,0,0,0,0,0,0,0,0,0,0,0,0,0,1
R244361582,0,0,0,0,0,0,1,1,0,1,0,0,0,0,0,1,0,0,0,0,1
R244504220,0,0,0,0,0,0,1,1,0,0,0,1,0,0,0,0,0,0,0,0,1
R244526359,0,0,0,0,0,0,1,1,0,0,0,1,0,0,0,0,0,0,0,0,1
R244568815,0,0,0,0,0,0,1,1,0,1,0,0,0,1,0,1,0,0,0,0,1
R244725827,0,0,0,0,0,0,1,1,0,1,0,0,0,0,0,1,0,0,0,1,1
R244812926,0,0,0,0,0,0,0,0,0,0,0,1,0,0,0,0,0,0,0,0,1
R244894449,0,0,0,0,0,0,0,0,0,0,0,1,0,0,0,0,0,0,0,0,1
R244939170,0,0,0,0,0,0,0,0,0,0,0,0,0,0,1,0,0,0,0,0,1
R245008995,0,0,0,0,0,0,1,1,0,0,0,1,0,0,0,0,0,0,0,0,1
R245067840,0,0,0,0,0,0,1,1,0,0,0,0,0,0,0,0,0,0,0,0,1
R245339399,0,0,0,0,0,0,1,1,0,0,0,0,0,0,0,0,0,0,0,0,1
R245368022,0,0,0,0,0,0,1,1,0,0,0,0,0,0,1,0,0,0,1,0,1
R245745780,0,0,0,0,0,0,1,1,0,1,0,1,0,0,0,1,0,0,0,0,1
R245790529,0,0,0,0,0,0,1,1,0,0,0,0,0,0,0,0,0,0,0,0,1
R245876051,0,0,0,0,0,0,1,1,0,0,0,0,0,0,0,0,1,0,0,1,1
R245894765,0,0,0,0,0,0,1,1,0,0,0,0,0,0,0,0,0,0,0,0,1
R246042457,0,0,0,0,0,0,0,0,0,0,0,1,0,0,0,0,0,0,0,0,1
R246089839,0,0,0,0,0,0,1,1,0,0,0,0,0,0,0,0,0,0,0,0,1
R246322128,0,0,0,0,0,0,1,1,0,0,0,0,0,0,1,0,0,0,0,0,1
R246354322,0,0,0,0,0,0,1,1,0,0,0,1,0,0,1,0,1,0,1,1,1
R246354407,0,0,0,0,0,0,1,1,0,0,0,1,0,0,0,0,0,0,0,0,1
R246393267,0,0,0,0,0,0,1,1,0,0,0,0,0,0,0,0,0,0,0,0,1
R246480716,0,0,0,0,0,0,1,1,0,0,0,0,0,0,0,0,0,0,0,0,1
R246587563,0,0,0,0,0,0,0,0,0,0,0,1,0,0,0,0,0,0,0,0,1
R246673389,0,0,0,0,0,0,0,0,0,0,0,0,0,0,0,0,0,0,0,0,1
R246846812,0,0,0,0,0,0,1,1,0,1,0,0,0,0,0,1,0,0,0,0,1
R246854511,0,0,0,0,0,0,1,1,0,0,0,1,0,0,0,0,0,0,0,0,1
R246986855,0,0,0,0,0,0,0,0,0,0,0,1,0,0,0,0,0,0,0,0,1
R247237479,0,0,0,0,0,0,0,1,0,1,0,1,0,1,0,1,0,0,0,0,1
R247296436,0,0,0,0,0,0,1,1,0,0,0,0,0,0,0,0,0,0,0,0,1
R247312947,0,0,0,0,0,0,0,0,0,0,0,0,0,0,0,0,0,0,0,0,1
R247681273,0,0,0,0,0,0,0,0,0,0,0,1,0,0,0,0,0,0,0,0,1
R247741268,0,0,0,0,0,0,1,1,0,0,0,1,0,0,0,0,0,0,0,0,1
R247804377,0,0,0,0,0,0,0,0,0,0,0,0,0,0,0,0,1,0,0,1,1
R247875684,0,0,0,0,0,0,1,1,0,0,0,0,0,0,0,0,0,0,0,0,1
R247949197,0,0,0,0,0,0,0,0,0,0,0,0,0,0,0,0,0,0,0,0,1
R248028003,0,0,0,0,0,0,0,0,0,0,0,1,0,0,0,0,0,0,0,0,1
R248126507,0,0,0,0,0,0,1,1,0,0,0,0,0,0,1,0,0,0,0,0,1
R248177937,0,0,0,0,0,0,0,0,0,1,0,1,0,0,1,1,0,0,1,0,1
R248184091,0,0,0,0,0,0,1,1,0,0,0,0,0,0,0,0,0,0,0,0,1
R248382748,0,0,0,0,0,0,1,1,0,0,0,0,0,0,0,0,0,0,0,0,1
R248396536,0,0,0,0,0,0,1,1,0,0,0,0,0,0,0,0,0,0,0,0,1
R248470376,0,0,0,0,0,0,0,0,0,0,0,0,0,0,0,0,0,0,0,0,1
R248539891,0,0,0,0,0,0,1,1,0,0,0,0,0,0,1,0,0,0,1,0,1
R248712420,0,0,0,0,0,0,1,1,0,0,0,0,0,0,0,0,0,0,0,0,1
R248714112,0,0,0,0,0,0,0,0,0,0,0,0,0,0,0,0,0,0,0,0,1
R248721896,0,0,0,0,0,0,1,1,0,0,0,0,0,0,1,0,0,0,0,0,1
R248751916,0,0,0,0,0,0,1,1,0,0,0,0,0,0,0,0,0,0,0,0,1
R248755884,0,0,0,0,0,0,0,0,0,0,0,1,0,0,0,0,0,0,0,0,1
R248757598,0,0,0,0,0,0,1,1,0,1,0,0,0,0,0,1,0,0,0,0,1
R248888597,0,0,0,0,0,0,1,1,0,1,0,0,0,0,1,1,0,0,0,0,1
R248941024,0,0,0,0,0,0,1,1,0,1,0,0,0,0,1,1,0,0,0,1,1
R248985497,0,0,0,0,0,0,0,0,0,0,0,0,0,0,0,0,0,0,0,0,1
R249022036,0,0,0,0,0,0,0,0,0,0,0,0,0,0,0,0,0,0,0,0,1
R249109000,0,0,0,0,0,0,0,1,0,0,0,1,0,1,0,0,0,0,0,1,1
R249132301,0,0,0,0,0,0,1,1,0,0,0,0,0,0,1,0,0,0,0,0,1
R249225050,0,0,0,0,0,0,1,1,0,0,0,0,0,0,0,0,0,0,0,0,1
R249247740,0,0,0,0,0,0,1,1,0,0,0,1,0,0,0,0,0,0,0,0,1
R249348057,0,0,0,0,0,0,1,1,0,0,0,1,0,0,1,0,0,0,1,0,1
R249488323,0,0,0,0,0,0,1,1,0,0,0,0,0,0,0,0,0,0,0,0,1
R249504856,0,0,0,0,0,0,1,1,0,0,0,1,0,0,1,1,0,0,0,0,1
R249563952,0,0,0,0,0,0,0,0,0,0,0,1,0,0,0,0,0,1,0,0,1
R249755366,0,0,0,0,0,0,0,0,0,1,0,1,0,0,0,1,0,0,0,0,1
R249768626,0,0,0,0,0,0,0,0,0,0,0,0,0,0,0,0,0,0,0,0,1
R249822746,0,0,0,0,0,0,1,1,0,0,0,1,0,0,0,0,0,0,0,0,1
R249838817,0,0,0,0,0,0,0,0,0,0,0,1,0,0,0,0,0,0,0,0,1
R249844452,0,0,0,0,0,0,1,1,0,0,0,0,0,0,0,0,0,0,0,0,1
R249865511,0,0,0,0,0,0,1,1,0,0,0,0,0,0,0,1,0,0,0,0,1
R249876813,0,0,0,0,0,0,0,1,0,0,0,1,0,1,0,0,0,0,0,0,1
R249916382,0,0,0,0,0,0,1,1,0,0,0,1,0,0,1,0,0,0,1,0,1
R249945422,0,0,0,0,0,0,1,1,0,0,0,0,0,0,1,0,0,0,0,0,1
R249977179,0,0,0,0,0,0,0,0,0,0,0,0,0,0,0,0,0,0,0,0,1
R249984218,0,0,0,0,0,0,0,0,0,0,0,0,0,0,0,0,0,0,0,0,1
R250110067,0,0,0,0,0,0,0,0,0,0,0,0,0,0,0,0,0,0,0,0,1
R250115464,0,0,0,0,0,0,0,0,0,0,0,0,0,0,0,0,0,0,0,0,1
R250117357,0,0,0,0,0,0,1,1,0,0,0,1,0,0,0,1,0,0,0,1,1
R250130073,0,0,0,0,0,0,1,1,0,0,0,0,0,0,0,0,0,0,0,0,1
R250131158,0,0,0,0,0,0,1,1,0,0,0,0,0,0,0,0,0,0,0,0,1
R250136494,0,0,0,0,0,0,1,1,0,1,0,0,0,0,0,1,0,0,0,0,1
R250275636,0,0,0,0,0,0,1,1,0,0,0,0,0,0,0,0,0,0,0,0,1
R250335684,0,0,0,0,0,0,0,0,0,0,0,0,0,0,1,0,0,0,1,0,1
R250422403,0,0,0,0,0,0,1,1,0,0,0,0,0,0,0,0,0,0,0,0,1
R250554900,0,0,0,0,0,0,1,1,0,0,0,0,0,0,0,0,0,0,0,0,1
R250727248,0,0,0,0,0,0,1,1,0,0,0,0,0,0,0,0,0,0,0,0,1
R250778273,0,0,0,0,0,0,1,1,0,0,0,0,0,0,0,0,0,0,0,0,1
R250783902,0,0,0,0,0,0,0,0,0,0,0,1,0,0,0,0,0,0,0,0,1
R250830486,0,0,0,0,0,0,1,1,0,1,0,1,0,1,1,1,0,0,1,0,1
R250859821,0,0,0,0,0,0,1,1,0,0,0,0,0,0,0,0,0,0,0,0,1
R250916913,0,0,0,0,0,0,1,1,0,0,0,0,0,0,0,0,0,0,0,0,1
R250975591,0,0,0,0,0,0,1,1,0,0,0,0,0,0,0,0,0,0,0,0,1
R250986268,0,0,0,0,0,0,0,0,0,0,0,0,0,0,0,0,0,0,0,0,1
R251064873,0,0,0,0,0,0,0,0,0,0,0,1,0,0,0,0,0,0,0,0,1
R251298644,0,0,0,0,0,0,0,0,0,0,0,0,0,0,0,1,0,0,0,0,1
R251649332,0,0,0,0,0,0,1,1,0,0,0,1,0,0,0,0,0,0,0,0,1
R251697773,0,0,0,0,0,0,0,0,0,0,0,1,0,0,0,0,0,0,0,0,1
R251791689,0,0,0,0,0,0,1,1,0,0,0,0,0,0,0,0,0,0,0,0,1
R252017038,0,0,0,0,0,0,1,1,0,0,0,1,0,1,0,0,0,0,0,0,1
R252231537,0,0,0,0,0,0,1,1,0,0,0,0,0,0,0,0,1,0,0,1,1
R252305668,0,0,0,0,0,0,0,1,0,0,0,1,0,1,0,0,0,0,0,0,1
R252590287,0,0,0,0,0,0,1,1,0,0,0,0,0,0,0,0,0,0,0,0,1
R252599011,0,0,0,0,0,0,0,0,0,1,0,0,0,0,0,1,0,0,0,0,1
R252850474,0,0,0,0,0,0,1,1,0,1,0,1,0,0,0,1,0,1,0,0,1
R252879919,0,0,0,0,0,0,1,1,0,0,0,0,0,0,0,0,0,0,0,0,1
R252973455,0,0,0,0,0,0,0,0,0,0,0,0,0,0,0,0,0,0,0,0,1
R252988560,0,0,0,0,0,0,1,1,0,0,0,1,0,0,0,0,0,0,0,0,1
R253079197,0,0,0,0,0,0,0,1,0,0,0,0,0,0,0,0,0,0,0,0,1
R253102032,0,0,0,0,0,0,1,1,0,0,0,1,0,0,0,0,0,0,0,0,1
R253108673,0,0,0,0,0,0,1,1,0,0,0,0,0,0,0,0,0,0,0,0,1
R253109613,0,0,0,0,0,0,1,1,0,0,0,0,0,0,0,0,0,1,0,0,1
R253208323,0,0,0,0,0,0,0,0,0,0,0,0,0,0,0,0,0,0,0,0,1
R253282428,0,0,0,0,0,0,1,1,0,0,0,0,0,0,0,0,0,0,0,0,1
R253294246,0,0,0,0,0,0,1,1,0,0,0,1,0,0,0,0,0,0,0,0,1
R253298843,0,0,0,0,0,0,1,1,0,0,0,1,0,0,0,0,0,0,0,0,1
R253426008,0,0,0,0,0,0,1,1,0,0,0,0,0,0,1,1,0,0,0,0,1
R253484214,0,0,0,0,0,0,1,1,0,0,0,0,0,0,0,0,0,0,0,0,1
R253522700,0,0,0,0,0,0,0,0,0,0,0,1,0,0,0,0,0,0,0,0,1
R253523168,0,0,0,0,0,0,0,0,0,0,0,0,0,0,0,0,0,0,0,0,1
R253560902,0,0,0,0,0,0,0,0,0,0,0,0,0,0,1,1,0,0,0,0,1
R253645862,0,0,0,0,0,0,0,0,0,0,0,0,0,0,0,0,0,0,0,0,1
R253831660,0,0,0,0,0,0,1,1,0,0,0,1,0,0,0,0,0,0,0,0,1
R253861034,0,0,0,0,0,0,1,1,0,0,0,0,0,0,0,0,0,0,0,0,1
R253894782,0,0,0,0,0,0,1,1,0,0,0,0,0,0,0,0,0,0,0,0,1
R254022505,0,0,0,0,0,0,1,1,0,1,0,0,0,0,1,1,0,0,1,0,1
R254026376,0,0,0,0,0,0,0,0,0,0,0,1,0,0,0,0,0,0,0,0,1
R254040876,0,0,0,0,0,0,1,1,0,0,0,1,0,0,0,0,0,0,0,0,1
R254064220,0,0,0,0,0,0,1,1,0,0,0,0,0,0,0,0,0,0,0,0,1
R254095935,0,0,0,0,0,0,1,1,0,1,0,1,0,0,1,1,0,0,0,0,1
R254165410,0,0,0,0,0,0,1,1,0,0,0,1,0,0,0,0,0,0,0,0,1
R254232710,0,0,0,0,0,0,1,1,0,0,0,0,0,0,1,0,0,0,0,0,1
R254291753,0,0,0,0,0,0,1,1,0,0,0,1,0,0,1,0,0,0,1,1,1
R254323897,0,0,0,0,0,0,1,1,0,0,0,1,0,0,1,0,0,0,0,0,1
R254357441,0,0,0,0,0,0,1,1,0,0,0,1,0,1,1,0,0,0,1,0,1
R254385776,0,0,0,0,0,0,1,1,0,1,0,0,0,0,1,1,0,0,1,0,1
R254391394,0,0,0,0,0,0,1,1,0,0,0,0,0,0,0,0,0,0,0,0,1
R254673754,0,0,0,0,0,0,1,1,0,0,0,0,0,0,0,0,0,0,0,0,1
R254710799,0,0,0,0,0,0,1,1,0,1,0,0,0,0,1,1,0,0,0,0,1
R254781796,0,0,0,0,0,0,0,0,0,0,0,1,0,0,0,0,0,0,0,0,1
R254863889,0,0,0,0,0,0,0,0,0,0,0,0,0,0,0,0,0,0,0,0,1
R254899637,0,0,0,0,0,0,1,1,0,0,0,0,0,0,1,0,0,0,0,0,1
R255287134,0,0,0,0,0,0,1,1,0,1,0,0,0,1,0,1,0,0,0,0,1
R255339660,0,0,0,0,0,0,0,0,0,0,0,0,0,0,1,1,0,0,1,0,1
R255347503,0,0,0,0,0,0,0,0,0,0,0,1,0,0,0,0,0,0,0,1,1
R255367611,0,0,0,0,0,0,1,1,0,0,0,0,0,0,0,0,0,0,0,0,1
R255382768,0,0,0,0,0,0,1,1,0,0,0,1,0,0,0,0,0,0,0,0,1
R255438009,0,0,0,0,0,0,0,0,0,0,0,0,0,0,0,0,0,0,0,0,1
R255599560,0,0,0,0,0,0,0,1,0,0,0,1,0,1,0,0,0,0,0,0,1
R255602583,0,0,0,0,0,0,1,1,0,0,0,0,0,0,1,0,0,0,1,0,1
R255670949,0,0,0,0,0,0,1,1,0,1,0,1,0,0,0,1,0,0,0,0,1
R255737636,0,0,0,0,0,0,1,1,0,0,0,1,0,0,0,0,0,0,0,0,1
R256234596,0,0,0,0,0,0,1,1,0,0,0,1,0,0,0,0,0,0,0,0,1
R256537364,0,0,0,0,0,0,1,1,0,0,0,1,0,0,0,0,0,0,0,0,1
R256817534,0,0,0,0,0,0,1,1,0,0,0,0,0,0,0,0,0,0,0,0,1
R256856238,0,0,0,0,0,0,1,1,0,0,0,0,0,0,0,0,1,0,0,1,1
R256944219,0,0,0,0,0,0,1,1,0,0,0,1,0,0,1,0,0,0,0,0,1
R257016144,0,0,0,0,0,0,0,0,0,0,0,0,0,0,0,0,0,0,0,0,1
R257192834,0,0,0,0,0,0,0,0,0,0,0,0,0,0,0,0,0,0,0,0,1
R257245089,0,0,0,0,0,0,0,1,0,0,0,0,0,0,1,0,0,0,1,0,1
R257270341,0,0,0,0,0,0,1,1,0,0,0,0,0,0,0,0,1,0,0,1,1
R257279627,0,0,0,0,0,0,1,1,0,0,0,0,0,0,0,0,0,0,0,0,1
R257376792,0,0,0,0,0,0,1,1,0,0,0,1,0,0,0,0,0,0,0,0,1
R257395166,0,0,0,0,0,0,1,1,0,0,0,1,0,0,0,0,0,0,0,0,1
R257646475,0,0,0,0,0,0,0,0,0,0,0,1,0,0,0,0,0,0,0,0,1
R257834569,0,0,0,0,0,0,1,1,0,0,0,0,0,0,0,0,0,1,0,0,1
R258025046,0,0,0,0,0,0,1,1,0,0,0,0,0,0,0,0,0,0,0,0,1
R258034953,0,0,0,0,0,0,1,1,0,0,0,0,0,0,0,0,0,0,0,0,1
R258053305,0,0,0,0,0,0,1,1,0,0,0,0,0,0,0,0,1,0,0,1,1
R258090689,0,0,0,0,0,0,1,1,0,0,0,1,0,0,0,0,0,0,0,0,1
R258092763,0,0,0,0,0,0,1,1,0,0,0,0,0,0,0,0,0,0,0,0,1
R258203475,0,0,0,0,0,0,1,1,0,0,0,0,0,0,0,0,0,0,0,0,1
R258378892,0,0,0,0,0,0,1,1,0,0,0,0,0,0,0,0,0,0,0,0,1
R258397844,0,0,0,0,0,0,1,1,0,0,0,1,0,0,0,0,0,0,0,0,1
R258457318,0,0,0,0,0,0,1,1,0,0,0,0,0,0,0,0,0,0,0,0,1
R258476069,0,0,0,0,0,0,0,0,0,0,0,0,0,0,0,0,0,0,0,0,1
R258685502,0,0,0,0,0,0,1,1,0,0,0,0,0,0,0,0,0,0,0,0,1
R258806790,0,0,0,0,0,0,1,1,0,0,0,0,0,0,0,0,1,0,0,1,1
R258996117,0,0,0,0,0,0,1,1,0,0,0,0,0,0,0,0,0,0,0,0,1
R258997496,0,0,0,0,0,0,1,1,0,0,0,1,0,0,0,1,0,0,0,0,1
R259113032,0,0,0,0,0,0,1,1,0,0,0,0,0,0,1,0,0,0,0,0,1
R259253164,0,0,0,0,0,0,0,0,0,0,0,1,0,0,0,0,0,0,0,0,1
R259478220,0,0,0,0,0,0,1,1,0,1,0,0,0,0,1,1,0,0,0,0,1
R259635891,0,0,0,0,0,0,1,1,0,0,0,0,0,0,1,0,0,0,1,0,1
R259762215,0,0,0,0,0,0,0,1,0,0,0,1,0,0,1,0,0,0,1,0,1
R259880545,0,0,0,0,0,0,1,1,0,0,0,0,0,0,1,0,0,0,0,0,1
R259927194,0,0,0,0,0,0,0,0,0,0,0,1,0,0,0,0,0,0,0,0,1
R259941508,0,0,0,0,0,0,1,1,0,0,0,1,0,0,1,0,0,0,1,0,1
R260373022,0,0,0,0,0,0,0,0,0,0,0,1,0,0,0,0,0,0,0,0,1
R260404345,0,0,0,0,0,0,1,1,0,0,0,0,0,0,0,0,0,0,0,0,1
R260443115,0,0,0,0,0,0,0,0,0,0,0,0,0,0,0,0,0,0,0,0,1
R260452690,0,0,0,0,0,0,0,0,0,0,0,1,0,0,0,0,0,0,0,0,1
R260516492,0,0,0,0,0,0,0,0,0,0,0,1,0,0,0,0,0,0,0,0,1
R260564600,0,0,0,0,0,0,1,1,0,0,0,1,0,0,1,0,0,0,1,0,1
R260607966,0,0,0,0,0,0,1,1,0,0,0,0,0,0,0,0,0,0,0,0,1
R260652367,0,0,0,0,0,0,1,1,0,0,0,1,0,0,1,1,0,0,0,0,1
R260654548,0,0,0,0,0,0,1,1,0,1,0,0,0,0,0,1,0,1,0,0,1
R260752429,0,0,0,0,0,0,1,1,0,0,0,0,0,0,0,1,0,0,0,0,1
R260877259,0,0,0,0,0,0,0,0,0,0,0,0,0,0,0,0,0,0,0,0,1
R260907244,0,0,0,0,0,0,1,1,0,0,0,1,0,1,0,0,0,0,0,1,1
R260923616,0,0,0,0,0,0,1,1,0,1,0,1,0,1,0,1,0,0,0,1,1
R261048839,0,0,0,0,0,0,1,1,0,0,0,0,0,0,1,0,0,0,0,0,1
R261475182,0,0,0,0,0,0,0,0,0,0,0,1,0,0,0,0,0,0,0,0,1
R261490105,0,0,0,0,0,0,1,1,0,1,0,0,0,0,1,1,0,0,1,1,1
R261581329,0,0,0,0,0,0,1,1,0,0,0,1,0,0,0,0,1,0,0,1,1
R261795458,0,0,0,0,0,0,1,1,0,0,0,0,0,0,0,0,0,0,0,0,1
R261828449,0,0,0,0,0,0,0,0,0,0,0,0,0,0,0,0,0,0,0,0,1
R261911635,0,0,0,0,0,0,1,1,0,0,0,0,0,0,0,0,0,0,0,0,1
R262125921,0,0,0,0,0,0,1,1,0,0,0,0,0,0,0,0,0,0,0,1,1
R262147548,0,0,0,0,0,0,1,1,0,0,0,1,0,1,1,0,0,0,0,1,1
R262169984,0,0,0,0,0,0,1,1,0,0,0,1,0,0,0,0,0,0,0,0,1
R262304095,0,0,0,0,0,0,1,1,0,0,0,1,0,0,1,0,0,0,1,0,1
R262413040,0,0,0,0,0,0,1,1,0,0,0,0,0,0,1,0,0,0,1,0,1
R262783800,0,0,0,0,0,0,1,1,0,0,0,0,0,0,0,0,0,0,0,0,1
R262877706,0,0,0,0,0,0,1,1,0,0,0,1,0,0,1,0,0,0,1,0,1
R262917858,0,0,0,0,0,0,0,0,0,0,0,1,0,0,0,0,0,0,0,0,1
R263003285,0,0,0,0,0,0,0,0,0,0,0,0,0,0,0,0,0,0,0,0,1
R263045515,0,0,0,0,0,0,1,1,0,0,0,0,0,0,0,0,0,0,0,0,1
R263068171,0,0,0,0,0,0,1,1,0,0,0,0,0,0,0,0,0,0,0,1,1
R263085308,0,0,0,0,0,0,0,0,0,0,0,0,0,0,0,0,0,0,0,0,1
R263134465,0,0,0,0,0,0,1,1,0,0,0,0,0,0,0,0,0,0,0,0,1
R263236608,0,0,0,0,0,0,1,1,0,0,0,1,0,0,0,0,1,0,0,1,1
R263249849,0,0,0,0,0,0,0,0,0,0,0,0,0,0,0,0,0,0,0,0,1
R263281226,0,0,0,0,0,0,0,0,0,0,0,1,0,0,0,0,0,0,0,0,1
R263415408,0,0,0,0,0,0,0,0,0,0,0,1,0,0,1,0,0,0,1,0,1
R263428828,0,0,0,0,0,0,1,1,0,0,0,0,0,0,1,0,0,0,0,0,1
R263489842,0,0,0,0,0,0,1,1,0,0,0,1,0,0,0,1,0,0,0,0,1
R263508911,0,0,0,0,0,0,0,0,0,0,0,0,0,0,0,0,0,0,0,0,1
R263528971,0,0,0,0,0,0,1,1,0,0,0,1,0,1,1,0,0,0,1,0,1
R263531920,0,0,0,0,0,0,1,1,0,0,0,1,0,0,0,0,0,0,0,0,1
R263689835,0,0,0,0,0,0,1,1,0,0,0,0,0,0,0,0,0,0,0,0,1
R263698856,0,0,0,0,0,0,0,0,0,0,0,1,0,0,0,0,0,0,0,0,1
R263724114,0,0,0,0,0,0,0,0,0,0,0,1,0,0,0,0,0,0,0,0,1
R264066080,0,0,0,0,0,0,1,1,0,0,0,0,0,0,0,1,0,0,0,0,1
R264108040,0,0,0,0,0,0,1,1,0,0,0,0,0,0,1,0,0,0,0,0,1
R264514693,0,0,0,0,0,0,1,1,0,0,0,0,0,0,0,0,0,0,0,0,1
R264629233,0,0,0,0,0,0,0,0,0,0,0,1,0,0,0,0,0,0,0,0,1
R264766352,0,0,0,0,0,0,1,1,0,0,0,1,0,1,0,0,0,0,0,0,1
R264817862,0,0,0,0,0,0,1,1,0,0,0,0,0,0,0,0,0,0,0,0,1
R264864957,0,0,0,0,0,0,1,1,0,0,0,1,0,1,1,1,0,0,0,0,1
R264910116,0,0,0,0,0,0,1,1,0,0,0,0,0,0,1,0,0,0,0,0,1
R264942122,0,0,0,0,0,0,1,1,0,0,0,1,0,0,1,0,0,0,1,0,1
R265069230,0,0,0,0,0,0,0,0,0,0,0,0,0,0,0,0,0,0,0,0,1
R265138643,0,0,0,0,0,0,1,1,0,1,0,0,0,0,0,1,0,0,0,0,1
R265171649,0,0,0,0,0,0,1,1,0,0,0,0,0,0,0,0,0,0,0,0,1
R265188599,0,0,0,0,0,0,1,1,0,0,0,1,0,0,0,0,0,1,0,0,1
R265362685,0,0,0,0,0,0,0,0,0,0,0,1,0,0,0,0,0,0,0,0,1
R265365069,0,0,0,0,0,0,1,1,0,1,0,1,0,0,1,1,1,0,1,1,1
R265512338,0,0,0,0,0,0,1,1,0,0,0,1,0,0,0,0,0,0,0,0,1
R265616351,0,0,0,0,0,0,1,1,0,1,0,1,0,1,0,1,0,0,0,0,1
R265653819,0,0,0,0,0,0,1,1,0,0,0,1,0,0,1,0,1,0,1,1,1
R265707204,0,0,0,0,0,0,1,1,0,0,0,0,0,0,0,0,0,0,0,1,1
R265755340,0,0,0,0,0,0,1,1,0,0,0,0,0,0,0,0,0,0,0,0,1
R265863939,0,0,0,0,0,0,0,0,0,0,0,0,0,0,0,0,0,0,0,1,1
R266033472,0,0,0,0,0,0,1,1,0,0,0,0,0,0,0,0,0,0,0,0,1
R266058624,0,0,0,0,0,0,1,1,0,1,0,0,0,0,0,1,0,0,0,0,1
R266343608,0,0,0,0,0,0,0,0,0,0,0,1,0,0,0,0,0,0,0,0,1
R266343911,0,0,0,0,0,0,1,1,0,0,0,1,0,0,0,0,0,0,0,0,1
R266365249,0,0,0,0,0,0,1,1,0,0,0,0,0,0,0,0,0,0,0,0,1
R266546556,0,0,0,0,0,0,1,1,0,0,0,0,0,0,0,0,0,0,0,0,1
R266625808,0,0,0,0,0,0,0,0,0,0,0,1,0,0,0,0,0,0,0,0,1
R266664865,0,0,0,0,0,0,0,0,0,0,0,0,0,0,0,0,0,0,0,0,1
R266925308,0,0,0,0,0,0,1,1,0,0,0,0,0,0,0,0,1,0,0,1,1
R266966352,0,0,0,0,0,0,1,1,0,0,0,0,0,0,0,0,0,0,0,0,1
R267188740,0,0,0,0,0,0,1,1,0,1,0,1,0,0,0,1,0,0,0,1,1
R267216393,0,0,0,0,0,0,1,1,0,0,0,0,0,1,0,0,0,0,0,0,1
R267286150,0,0,0,0,0,0,1,1,0,0,0,1,0,0,0,0,0,0,0,0,1
R267304977,0,0,0,0,0,0,1,1,0,1,0,0,0,1,0,1,0,0,0,0,1
R267701000,0,0,0,0,0,0,0,0,0,0,0,0,0,0,0,1,0,0,0,0,1
R267720786,0,0,0,0,0,0,1,1,0,0,0,0,0,0,0,0,0,0,0,0,1
R267876908,0,0,0,0,0,0,1,1,0,0,0,0,0,0,1,0,0,0,0,0,1
R267944425,0,0,0,0,0,0,1,1,0,0,0,0,0,0,1,0,0,0,1,1,1
R267991600,0,0,0,0,0,0,0,1,0,0,0,1,0,0,1,0,0,0,0,0,1
R268086624,0,0,0,0,0,0,1,1,0,0,0,0,0,0,1,0,0,0,1,0,1
R268133502,0,0,0,0,0,0,1,1,0,0,0,0,0,0,0,0,0,0,0,0,1
R268134239,0,0,0,0,0,0,1,1,0,0,0,0,0,0,0,0,0,0,0,0,1
R268201012,0,0,0,0,0,0,0,1,0,0,0,0,0,1,0,0,0,0,0,0,1
R268231992,0,0,0,0,0,0,1,1,0,0,0,0,0,0,0,0,0,0,0,0,1
R268309656,0,0,0,0,0,0,0,0,0,0,0,1,0,0,0,0,0,0,0,0,1
R268361885,0,0,0,0,0,0,1,1,0,0,0,1,0,0,0,0,0,0,0,0,1
R268371285,0,0,0,0,0,0,0,0,0,0,0,1,0,0,0,0,0,0,0,0,1
R268466675,0,0,0,0,0,0,1,1,0,1,0,0,0,0,0,1,0,0,0,0,1
R268526578,0,0,0,0,0,0,1,1,0,0,0,0,0,0,0,0,0,0,0,0,1
R268583026,0,0,0,0,0,0,1,1,0,0,0,0,0,1,0,0,0,0,0,0,1
R268585550,0,0,0,0,0,0,1,1,0,0,0,1,0,0,0,0,0,0,0,0,1
R268588728,0,0,0,0,0,0,1,1,0,1,0,1,0,0,1,1,0,0,1,0,1
R268999168,0,0,0,0,0,0,1,1,0,0,0,0,0,0,0,0,0,0,0,0,1
R269139853,0,0,0,0,0,0,1,1,0,0,0,1,0,0,1,0,0,1,0,0,1
R269146437,0,0,0,0,0,0,1,1,0,0,0,0,0,0,0,0,0,0,0,0,1
R269448498,0,0,0,0,0,0,1,1,0,0,0,1,0,0,0,0,0,0,0,0,1
R269566642,0,0,0,0,0,0,1,1,0,0,0,0,0,0,0,0,0,0,0,0,1
R269703129,0,0,0,0,0,0,1,1,0,0,0,0,0,0,0,0,0,0,0,0,1
R269746559,0,0,0,0,0,0,0,1,0,0,0,0,0,1,0,0,0,0,0,0,1
R269761655,0,0,0,0,0,0,1,1,0,0,0,0,0,0,0,0,0,0,0,0,1
R269805482,0,0,0,0,0,0,1,1,0,0,0,1,0,0,0,0,0,0,0,0,1
R269838595,0,0,0,0,0,0,1,1,0,0,0,0,0,0,0,0,0,0,0,0,1
R269902861,0,0,0,0,0,0,1,1,0,0,0,0,0,0,0,0,0,0,0,0,1
R270102921,0,0,0,0,0,0,1,1,0,0,0,0,0,0,0,0,0,0,0,0,1
R270237659,0,0,0,0,0,0,1,1,0,0,0,0,0,0,0,0,0,0,0,0,1
R270307979,0,0,0,0,0,0,0,1,0,0,0,1,0,1,0,0,0,0,0,0,1
R270316795,0,0,0,0,0,0,1,1,0,0,0,0,0,0,0,0,0,0,0,0,1
R270444939,0,0,0,0,0,0,0,0,0,0,0,1,0,0,0,0,0,0,0,0,1
R270527245,0,0,0,0,0,0,1,1,0,0,0,1,0,0,0,0,0,0,0,0,1
R270625169,0,0,0,0,0,0,1,1,0,0,0,0,0,0,0,0,0,0,0,0,1
R270639531,0,0,0,0,0,0,0,0,0,0,0,1,0,0,0,0,1,0,0,1,1
R270658865,0,0,0,0,0,0,0,0,0,0,0,0,0,0,0,0,0,0,0,0,1
R270793566,0,0,0,0,0,0,0,0,0,0,0,1,0,0,0,0,0,0,0,0,1
R270916977,0,0,0,0,0,0,1,1,0,0,0,1,0,0,0,0,0,0,0,0,1
R270964759,0,0,0,0,0,0,1,1,0,1,0,0,0,0,1,1,0,0,0,0,1
R271080803,0,0,0,0,0,0,1,1,0,0,0,1,0,0,1,0,0,0,1,0,1
R271143315,0,0,0,0,0,0,0,0,0,0,0,1,0,0,0,0,0,1,0,0,1
R271169320,0,0,0,0,0,0,1,1,0,0,0,0,0,0,0,0,0,0,0,0,1
R271201914,0,0,0,0,0,0,1,1,0,0,0,1,0,0,0,0,0,0,0,0,1
R271335995,0,0,0,0,0,0,1,1,0,0,0,0,0,0,1,0,0,0,1,0,1
R271558687,0,0,0,0,0,0,1,1,0,0,0,0,0,0,0,0,0,0,0,0,1
R271603470,0,0,0,0,0,0,1,1,0,0,0,0,0,1,1,0,0,0,0,0,1
R271631688,0,0,0,0,0,0,1,1,0,0,0,0,0,0,0,0,0,0,0,0,1
R271852209,0,0,0,0,0,0,1,1,0,0,0,0,0,0,1,0,0,0,1,0,1
R272093719,0,0,0,0,0,0,1,1,0,0,0,1,0,0,1,0,1,0,0,1,1
R272127461,0,0,0,0,0,0,1,1,0,0,0,0,0,0,0,0,0,0,0,0,1
R272131186,0,0,0,0,0,0,1,1,0,0,0,0,0,0,1,0,0,0,1,0,1
R272197998,0,0,0,0,0,0,0,1,0,1,0,1,0,0,0,1,0,0,0,0,1
R272232368,0,0,0,0,0,0,1,1,0,0,0,0,0,0,0,0,0,0,0,0,1
R272250197,0,0,0,0,0,0,1,1,0,0,0,0,0,0,1,1,0,0,0,0,1
R272341531,0,0,0,0,0,0,1,1,0,0,0,0,0,0,0,0,0,0,0,0,1
R272348258,0,0,0,0,0,0,1,1,0,0,0,0,0,0,0,0,0,0,0,0,1
R272401695,0,0,0,0,0,0,1,1,0,0,0,1,0,0,0,0,0,0,0,0,1
R272733546,0,0,0,0,0,0,1,1,0,0,0,0,0,0,0,0,0,0,0,0,1
R272812581,0,0,0,0,0,0,1,1,0,0,0,0,0,0,0,0,0,0,0,0,1
R272837566,0,0,0,0,0,0,0,0,0,0,0,1,0,0,0,0,0,1,0,0,1
R273002104,0,0,0,0,0,0,0,0,0,0,0,1,0,0,0,0,0,0,0,0,1
R273021392,0,0,0,0,0,0,1,1,0,0,0,1,0,1,0,0,0,0,0,0,1
R273071112,0,0,0,0,0,0,1,1,0,0,0,0,0,0,1,0,0,0,1,0,1
R273143310,0,0,0,0,0,0,1,1,0,0,0,0,0,0,1,0,0,0,0,0,1
R273193935,0,0,0,0,0,0,1,1,0,0,0,1,0,0,1,0,0,0,0,0,1
R273251126,0,0,0,0,0,0,1,1,0,0,0,0,0,0,0,0,0,0,0,0,1
R273313931,0,0,0,0,0,0,0,0,0,0,0,1,0,0,0,0,0,0,0,0,1
R273560255,0,0,0,0,0,0,1,1,0,0,0,1,0,0,0,0,0,0,0,0,1
R273683819,0,0,0,0,0,0,1,1,0,0,0,0,0,0,0,0,0,0,0,0,1
R274117623,0,0,0,0,0,0,0,0,0,0,0,1,0,0,0,0,0,0,0,0,1
R274305841,0,0,0,0,0,0,1,1,0,0,0,0,0,0,0,0,0,0,0,0,1
R274341254,0,0,0,0,0,0,0,0,0,0,0,1,0,0,0,0,0,0,0,0,1
R274369995,0,0,0,0,0,0,0,0,0,0,0,1,0,0,0,0,0,0,0,0,1
R274373452,0,0,0,0,0,0,0,0,0,0,0,1,0,0,0,0,0,0,0,0,1
R274422672,0,0,0,0,0,0,0,0,0,0,0,1,0,0,0,0,0,0,0,0,1
R274506822,0,0,0,0,0,0,1,1,0,0,0,0,0,0,0,0,0,0,0,0,1
R274582591,0,0,0,0,0,0,1,1,0,0,0,1,0,0,0,0,0,0,0,0,1
R274707337,0,0,0,0,0,0,0,0,0,0,0,1,0,0,0,0,0,0,0,0,1
R274719878,0,0,0,0,0,0,0,0,0,1,0,0,0,0,1,1,0,0,0,0,1
R274744700,0,0,0,0,0,0,1,1,0,0,0,0,0,0,0,0,0,0,0,0,1
R274757086,0,0,0,0,0,0,1,1,0,0,0,1,0,0,0,0,0,0,0,0,1
R274857051,0,0,0,0,0,0,0,0,0,0,0,0,0,0,0,0,0,0,0,0,1
R274874620,0,0,0,0,0,0,1,1,0,0,0,0,0,0,0,0,0,0,0,0,1
R275078358,0,0,0,0,0,0,1,1,0,0,0,0,0,0,0,0,0,0,0,0,1
R275086314,0,0,0,0,0,0,1,1,0,1,0,0,0,0,0,1,0,0,0,0,1
R275395145,0,0,0,0,0,0,1,1,0,0,0,0,0,0,1,0,0,0,1,1,1
R275597327,0,0,0,0,0,0,0,0,0,1,0,1,0,0,0,1,0,0,0,0,1
R275667300,0,0,0,0,0,0,1,1,0,0,0,0,0,0,0,0,0,0,0,0,1
R275680473,0,0,0,0,0,0,0,0,0,0,0,1,0,0,0,0,0,0,0,0,1
R275714704,0,0,0,0,0,0,1,1,0,1,0,0,0,1,1,1,1,0,1,1,1
R275818161,0,0,0,0,0,0,1,1,0,0,0,1,0,0,0,0,0,0,0,0,1
R275903216,0,0,0,0,0,0,0,0,0,1,0,1,0,0,0,1,0,0,0,0,1
R275943673,0,0,0,0,0,0,0,0,0,0,0,1,0,0,0,0,0,0,0,0,1
R275972495,0,0,0,0,0,0,1,1,0,0,0,0,0,0,0,0,1,0,0,1,1
R276081031,0,0,0,0,0,0,1,1,0,0,0,0,0,0,0,0,0,0,0,0,1
R276157520,0,0,0,0,0,0,1,1,0,0,0,0,0,0,1,0,0,0,1,0,1
R276352818,0,0,0,0,0,0,1,1,0,0,0,0,0,0,0,0,0,0,0,0,1
R276374765,0,0,0,0,0,0,1,1,0,0,0,0,0,0,0,0,0,0,0,0,1
R276405259,0,0,0,0,0,0,1,1,0,0,0,0,0,0,1,0,0,0,1,0,1
R276412130,0,0,0,0,0,0,1,1,0,1,1,1,0,0,1,1,0,0,1,0,1
R276460509,0,0,0,0,0,0,1,1,0,0,0,0,0,0,0,0,1,0,0,1,1
R276531626,0,0,0,0,0,0,1,1,0,0,0,1,0,0,1,0,0,0,0,0,1
R276659900,0,0,0,0,0,0,1,1,0,0,0,1,0,0,0,0,0,0,0,0,1
R277092596,0,0,0,0,0,0,0,0,0,0,0,0,0,0,1,0,0,0,0,0,1
R277231714,0,0,0,0,0,0,1,1,0,0,0,1,0,1,0,0,0,0,0,0,1
R277415560,0,0,0,0,0,0,0,0,0,0,0,1,0,0,0,0,0,0,0,0,1
R277463631,0,0,0,0,0,0,1,1,0,0,0,0,0,0,0,0,0,0,0,0,1
R277464859,0,0,0,0,0,0,1,1,0,0,0,1,0,0,1,0,0,0,0,0,1
R277804891,0,0,0,0,0,0,1,1,0,0,0,0,0,0,0,0,0,0,0,0,1
R277806247,0,0,0,0,0,0,1,1,0,1,0,0,0,0,0,1,0,0,0,0,1
R277972541,0,0,0,0,0,0,1,1,0,0,0,0,0,0,0,0,0,0,0,0,1
R278002148,0,0,0,0,0,0,1,1,0,0,0,0,0,0,1,0,0,0,1,0,1
R278237003,0,0,0,0,0,0,1,1,0,0,0,0,0,0,0,0,0,0,0,0,1
R278525307,0,0,1,0,0,0,0,0,0,0,0,1,0,0,0,0,0,0,0,0,1
R278560663,0,0,0,0,0,0,0,0,0,0,0,1,0,0,0,0,0,0,0,0,1
R278638650,0,0,0,0,0,0,0,0,0,0,0,1,0,0,0,0,0,0,0,0,1
R278966610,0,0,0,0,0,0,0,0,0,0,0,1,0,0,0,0,0,0,0,0,1
R279176769,0,0,0,0,0,0,1,1,0,0,0,0,0,0,0,0,0,0,0,0,1
R279248188,0,0,0,0,0,0,1,1,0,0,0,0,0,0,0,0,0,0,0,0,1
R279452468,0,0,0,0,0,0,1,1,0,0,0,0,0,0,0,0,0,0,0,0,1
R279557194,0,0,0,0,0,0,0,0,0,0,0,1,0,0,0,0,0,0,0,0,1
R279566111,0,0,0,0,0,0,0,0,0,0,0,1,0,0,0,0,0,0,0,0,1
R279584573,0,0,0,0,0,0,0,0,0,0,0,1,0,0,0,0,0,0,0,0,1
R279778615,0,0,0,0,0,0,1,1,0,0,0,0,0,0,0,0,0,0,0,0,1
R280141238,0,0,0,0,0,0,1,1,0,0,0,0,0,0,0,0,0,0,0,0,1
R280396715,0,0,0,0,0,0,0,0,0,1,0,0,1,0,0,1,0,0,0,0,1
R280418497,0,0,0,0,0,0,1,1,0,1,0,0,0,0,1,1,0,0,0,0,1
R280436521,0,0,0,0,0,0,1,1,0,0,0,1,0,0,0,0,0,0,0,0,1
R280597961,0,0,0,0,0,0,0,0,0,0,0,1,0,0,0,0,0,0,0,0,1
R280643371,0,0,0,0,0,0,1,1,0,0,0,0,0,0,0,0,0,0,0,0,1
R280701135,0,0,0,0,0,0,0,0,0,0,0,1,0,0,0,0,0,0,0,0,1
R280803123,0,0,0,0,0,0,1,1,0,1,0,0,0,0,0,1,0,0,0,0,1
R280821368,0,0,0,0,0,0,1,1,0,1,0,0,0,0,0,1,0,0,0,0,1
R280834390,0,0,0,0,0,0,1,1,0,0,0,0,0,0,0,0,0,0,0,0,1
R280841053,0,0,0,0,0,0,1,1,0,0,0,1,0,0,0,0,0,0,0,0,1
R280857920,0,0,0,0,0,0,1,1,0,0,0,0,0,0,0,0,0,0,0,0,1
R281037054,0,0,0,0,0,0,0,0,0,0,0,0,0,0,1,0,0,0,1,0,1
R281088889,0,0,0,0,0,0,1,1,0,0,0,0,0,0,0,0,0,0,0,0,1
R281148671,0,0,0,0,0,0,1,1,0,0,0,0,0,0,0,0,0,0,0,0,1
R281271570,0,0,0,0,0,0,1,1,0,0,0,1,0,0,1,0,0,0,0,0,1
R281304350,0,0,0,0,0,0,0,0,0,0,0,1,0,0,0,0,0,0,0,0,1
R281320845,0,0,0,0,0,0,1,1,0,1,0,0,0,0,0,1,0,0,0,0,1
R281405897,0,0,0,0,0,0,1,1,0,0,0,0,0,0,1,0,0,0,0,0,1
R281450867,0,0,0,0,0,0,1,1,0,0,0,0,0,0,0,0,0,0,0,0,1
R281485678,0,0,0,0,0,0,1,1,0,0,0,0,0,0,0,0,0,0,0,0,1
R281605935,0,0,0,0,0,0,1,1,0,1,0,0,0,0,0,1,0,0,0,0,1
R281676738,0,0,0,0,0,0,1,1,0,0,0,0,0,0,0,0,0,0,0,0,1
R281723216,0,0,0,0,0,0,1,1,0,0,0,0,0,0,0,0,0,0,0,0,1
R281761163,0,0,0,0,0,0,1,1,0,0,0,0,0,0,0,0,0,0,0,0,1
R281841460,0,0,0,0,0,0,1,1,0,0,0,0,0,0,0,0,0,0,0,0,1
R281873632,0,0,0,0,0,0,1,1,0,0,0,1,0,0,0,1,0,0,0,0,1
R281875060,0,0,0,0,0,0,0,0,0,0,0,0,0,0,0,0,0,0,0,0,1
R281943211,0,0,0,0,0,0,1,1,0,0,0,0,0,0,0,0,0,0,0,0,1
R281999974,0,0,0,0,0,0,1,1,0,1,0,0,0,0,0,1,0,0,0,0,1
R282789467,0,0,0,0,0,0,1,1,0,0,0,0,0,0,1,0,0,0,0,0,1
R282843060,0,0,0,0,0,0,1,1,0,0,0,0,0,0,0,0,0,0,0,0,1
R282925737,0,0,0,0,0,0,1,1,0,0,0,0,0,0,0,0,0,0,0,0,1
R283077345,0,0,0,0,0,0,0,0,0,0,0,0,0,0,1,1,0,0,0,0,1
R283103314,0,0,0,0,0,0,1,1,0,0,0,1,0,0,0,0,0,0,0,0,1
R283214496,0,0,0,0,0,0,1,1,0,0,0,1,0,0,1,0,0,0,1,0,1
R283339109,0,0,0,0,0,0,1,1,0,0,0,0,0,0,0,0,0,0,0,0,1
R283388525,0,0,0,0,0,0,0,0,0,0,0,0,0,0,1,0,1,0,1,1,1
R283455754,0,0,0,0,0,0,1,1,0,1,0,0,0,0,1,1,0,0,0,1,1
R283503345,0,0,0,0,0,0,0,0,0,0,0,0,0,0,0,0,0,0,0,0,1
R283640721,0,0,0,0,0,0,1,1,0,0,0,1,0,0,1,0,0,0,0,0,1
R283798429,0,0,0,0,0,0,1,1,0,0,0,0,0,0,0,0,0,0,0,0,1
R283821816,0,0,0,0,0,0,1,1,0,0,0,0,0,0,0,0,0,0,0,0,1
R284187786,0,0,0,0,0,0,0,0,0,1,0,1,0,0,0,1,0,0,0,1,1
R284201648,0,0,0,0,0,0,1,1,0,0,0,0,0,0,0,1,0,0,0,1,1
R284288620,0,0,0,0,0,0,1,1,0,1,0,0,0,0,1,1,0,0,1,0,1
R284371317,0,0,0,0,0,0,1,1,0,0,0,0,0,0,1,0,0,0,0,0,1
R284521328,0,0,0,0,0,0,1,1,0,0,0,1,0,0,1,0,0,0,1,1,1
R284539596,0,0,0,0,0,0,1,1,0,0,0,0,0,0,0,0,0,0,0,0,1
R284573140,0,0,0,0,0,0,1,1,0,0,0,0,0,0,1,1,0,0,1,1,1
R284656655,0,0,0,0,0,0,0,0,0,0,0,1,0,0,0,0,0,0,0,0,1
R284835982,0,0,0,0,0,0,0,0,0,0,0,1,0,0,0,0,0,0,0,0,1
R284916384,0,0,0,0,0,0,1,1,0,0,0,1,0,0,0,1,0,0,0,0,1
R285135007,0,0,0,0,0,0,1,1,0,0,0,0,0,0,0,0,0,0,0,0,1
R285342596,0,0,0,0,0,0,1,1,0,0,0,0,0,0,0,0,0,0,0,0,1
R285525959,0,0,0,0,0,0,1,1,0,0,0,0,0,0,0,0,0,0,0,0,1
R285591388,0,0,0,0,0,0,0,0,0,0,0,0,0,0,0,0,0,0,0,0,1
R285626973,0,0,0,0,0,0,1,1,0,0,0,0,0,0,1,0,0,0,1,0,1
R285688636,0,0,0,0,0,0,0,0,0,0,0,1,0,0,0,0,0,0,0,0,1
R285700819,0,0,0,0,0,0,1,1,0,0,0,1,0,0,0,0,0,0,0,0,1
R285814374,0,0,0,0,0,0,1,1,0,0,0,1,0,1,0,1,0,0,0,0,1
R285898424,0,0,0,0,0,0,1,1,0,0,0,0,0,0,1,0,0,0,0,0,1
R286151970,0,0,0,0,0,0,1,1,0,0,0,0,0,0,1,0,0,0,0,0,1
R286211176,0,0,0,0,0,0,1,1,0,0,0,1,0,0,0,0,0,0,0,0,1
R286216574,0,0,0,0,0,0,1,1,0,1,0,1,0,0,1,1,0,0,0,0,1
R286382071,0,0,0,0,0,0,1,1,0,1,0,0,0,0,1,1,0,0,0,0,1
R286424921,0,0,0,0,0,0,0,1,0,0,0,0,0,0,0,0,0,0,0,0,1
R286485568,0,0,0,0,0,0,1,1,0,0,0,0,0,0,0,0,0,0,0,0,1
R286521740,0,0,0,0,0,0,1,1,0,0,0,0,0,0,0,0,0,0,0,0,1
R286572241,0,0,0,0,0,0,1,1,0,0,0,0,0,0,1,0,0,0,1,0,1
R286748001,0,0,0,0,0,0,0,0,0,0,0,1,0,0,0,0,0,0,0,0,1
R287027960,0,0,0,0,0,0,1,1,0,0,0,1,0,0,1,1,0,1,0,0,1
R287148013,0,0,0,0,0,0,1,1,0,0,0,1,0,0,0,0,0,0,0,0,1
R287159031,0,0,0,0,0,0,0,0,0,0,0,1,0,0,0,0,0,0,0,0,1
R287289385,0,0,0,0,0,0,1,1,0,0,0,0,0,0,0,0,0,0,0,0,1
R287301484,0,0,0,0,0,0,0,1,0,0,0,0,0,0,0,1,0,0,0,0,1
R287395653,0,0,0,0,0,0,1,1,0,0,0,0,0,0,1,0,0,0,0,0,1
R287406949,0,0,0,0,0,0,1,1,0,0,0,0,0,0,0,0,0,0,0,0,1
R287421980,0,0,0,0,0,0,1,1,0,0,0,1,0,0,0,0,0,0,0,0,1
R287511444,0,0,0,0,0,0,1,1,0,1,0,0,0,0,1,1,0,0,1,1,1
R287565986,0,0,0,0,0,0,1,1,0,0,0,0,0,0,1,0,0,0,1,0,1
R287592672,0,0,0,0,0,0,0,0,0,0,0,0,0,0,1,0,0,0,1,0,1
R287610540,0,0,0,0,0,0,1,1,0,0,0,0,0,0,0,0,0,0,0,1,1
R287731329,0,0,0,0,0,0,0,0,0,0,0,1,0,0,0,0,0,0,0,0,1
R287841455,0,0,0,0,0,0,0,0,0,0,0,1,0,0,0,0,0,0,0,0,1
R287923023,0,0,0,0,0,0,1,1,0,1,0,0,0,0,1,1,0,0,0,1,1
R288201763,0,0,0,0,0,0,0,0,0,0,0,1,0,0,0,0,0,0,0,0,1
R288235299,0,0,0,0,0,0,0,1,0,0,0,1,0,0,0,0,0,0,0,0,1
R288478343,0,0,0,0,0,0,0,0,0,0,0,0,0,0,0,0,0,0,0,0,1
R288484066,0,0,0,0,0,0,0,0,0,0,0,1,0,0,0,0,0,0,0,0,1
R288535614,0,0,0,0,0,0,0,0,0,0,0,0,0,0,0,0,0,0,0,0,1
R288831198,0,0,0,0,0,0,0,0,0,0,0,0,0,0,0,1,0,0,0,0,1
R289171819,0,0,0,0,0,0,0,0,0,0,0,1,0,0,0,0,0,0,0,0,1
R289194075,0,0,0,0,0,0,1,1,0,0,0,0,0,0,0,0,0,0,0,0,1
R289219415,0,0,0,0,0,0,0,0,0,0,0,1,0,0,1,0,0,0,0,1,1
R289526786,0,0,0,0,0,0,1,1,0,0,0,0,0,0,0,0,0,0,0,0,1
R289534477,0,0,0,0,0,0,1,1,0,0,0,1,0,0,0,0,1,0,0,1,1
R289611831,0,0,0,0,0,0,1,1,0,0,0,0,0,0,0,0,0,0,0,0,1
R289693336,0,0,0,0,0,0,1,1,1,0,0,0,0,0,0,0,0,0,0,1,1
R289936872,0,0,0,0,0,0,1,1,0,0,0,1,0,0,0,0,0,0,0,0,1
R289937274,0,0,0,0,0,0,1,1,0,0,0,0,0,0,0,0,0,0,0,0,1
R289949718,0,0,0,0,0,0,1,1,0,0,0,0,0,0,0,0,0,0,0,0,1
R289976775,0,0,0,0,0,0,0,0,0,0,0,1,0,0,0,0,0,0,0,0,1
R290040058,0,0,0,0,0,0,0,0,0,0,0,0,0,0,0,0,0,0,0,1,1
R290101867,0,0,0,0,0,0,1,1,0,0,0,0,1,0,0,0,0,0,0,0,1
R290210509,0,0,0,0,0,0,1,1,0,0,0,0,0,0,1,0,0,0,1,1,1
R290384052,0,0,0,0,0,0,1,1,0,0,0,1,0,0,0,0,0,0,0,0,1
R290469028,0,0,0,0,0,0,0,0,0,0,0,1,0,0,0,0,0,0,0,0,1
R290589825,0,0,0,0,0,0,0,1,0,0,0,1,0,0,1,0,0,0,1,0,1
R290824767,0,0,0,0,0,0,1,1,0,0,0,0,0,0,0,0,0,0,0,0,1
R290912249,0,0,0,0,0,0,0,0,0,0,0,1,0,0,0,0,0,0,0,0,1
R291137408,0,0,0,1,0,0,1,1,0,0,0,1,0,0,0,0,0,0,0,0,1
R291193416,0,0,0,0,0,0,0,0,0,0,0,1,0,0,0,0,0,0,0,0,1
R291247778,0,0,0,0,0,0,1,1,0,0,0,0,0,0,0,0,0,0,0,0,1
R291340321,0,0,0,0,0,0,1,1,0,0,0,1,0,0,0,0,0,0,0,0,1
R291355667,0,0,0,0,0,0,1,1,0,0,0,1,0,0,0,0,0,0,0,0,1
R291485103,0,0,0,0,0,0,1,1,0,0,0,0,0,0,0,0,1,0,0,1,1
R291529963,0,0,0,0,0,0,1,1,0,0,0,0,0,0,1,0,1,0,0,1,1
R291752631,0,0,0,0,0,0,0,0,0,0,0,1,0,0,0,0,0,0,0,0,1
R291787643,0,0,0,0,0,0,0,0,0,0,0,0,0,0,1,0,0,0,0,0,1
R291849057,0,0,0,0,0,0,0,0,0,0,0,0,0,0,0,0,0,0,0,1,1
R291924895,0,0,0,0,0,0,0,0,0,1,0,0,0,0,0,1,0,0,0,0,1
R292010134,0,0,0,0,0,0,1,1,0,0,0,0,0,0,0,0,0,0,0,0,1
R292016935,0,0,0,0,0,0,0,0,0,0,0,0,0,0,0,0,0,0,0,0,1
R292185410,0,0,0,0,0,0,0,0,0,1,0,1,0,0,0,1,0,0,0,0,1
R292438368,0,0,0,0,0,0,0,0,0,0,0,1,0,0,0,0,0,0,0,0,1
R292536554,0,0,0,0,0,0,1,1,0,0,0,0,0,0,0,0,0,0,0,0,1
R292565290,0,0,0,0,0,0,0,0,0,0,0,0,0,0,1,0,0,0,0,0,1
R292595545,0,0,0,0,0,0,1,1,0,0,0,1,0,0,0,0,1,0,0,1,1
R292799294,0,0,0,0,0,0,0,0,0,0,0,0,0,0,0,0,0,0,0,0,1
R292852004,0,0,0,0,0,0,1,1,0,0,0,0,0,0,0,0,0,0,0,0,1
R292859502,0,0,0,0,0,0,1,1,0,0,0,0,0,0,0,0,0,0,0,0,1
R292914734,0,0,0,0,0,0,0,0,0,0,0,0,0,0,0,0,0,0,0,0,1
R292979924,0,0,0,0,0,0,0,0,0,0,0,0,0,0,0,0,0,0,0,0,1
R293059125,0,0,0,0,0,0,0,0,0,0,0,1,0,0,0,0,0,0,0,0,1
R293365501,0,0,0,0,0,0,0,0,0,0,0,0,0,0,0,0,0,0,0,0,1
R293448565,0,0,0,0,0,0,1,1,0,0,0,0,0,0,0,0,0,0,0,0,1
R293492549,0,0,0,0,0,0,0,0,0,0,0,0,0,0,1,0,0,0,0,0,1
R293650823,0,0,0,0,0,0,0,0,0,1,0,1,0,0,0,1,0,0,0,0,1
R293758494,0,0,0,0,0,0,1,1,0,1,0,0,0,0,0,1,0,0,0,0,1
R293761903,0,0,0,0,0,0,1,1,0,0,0,0,0,1,1,0,1,0,1,1,1
R294073192,0,0,0,0,0,0,1,1,0,0,0,0,0,0,1,0,0,0,0,0,1
R294226512,0,0,0,0,0,0,1,1,0,0,0,1,0,0,0,0,0,0,0,0,1
R294341740,0,0,0,0,0,0,1,1,0,0,0,1,0,0,0,0,0,0,0,0,1
R294369167,0,0,0,0,0,0,1,1,0,0,0,0,0,0,0,0,0,0,0,0,1
R294533494,0,0,0,0,0,0,0,0,0,0,0,1,0,0,0,0,0,0,0,0,1
R294576907,0,0,0,0,0,0,0,0,0,0,0,1,0,0,0,0,0,0,0,0,1
R294638829,0,0,0,0,0,0,1,1,0,0,0,0,0,0,0,0,0,0,0,0,1
R294672766,0,0,0,0,0,0,1,1,0,0,0,1,0,0,1,0,0,0,0,0,1
R294861784,0,0,0,0,0,0,0,1,0,0,0,1,0,0,0,0,0,0,0,0,1
R295055053,0,0,0,0,0,0,0,0,0,0,0,0,0,0,0,1,0,0,0,0,1
R295071090,0,0,0,0,0,0,1,1,0,0,0,1,0,0,1,0,0,0,1,0,1
R295099795,0,0,0,0,0,0,1,1,0,0,0,0,0,0,0,0,0,0,0,0,1
R295122515,0,0,0,0,0,0,1,1,0,0,0,1,0,0,0,0,0,0,0,0,1
R295234652,0,0,0,0,0,0,0,0,0,0,0,1,0,0,0,0,0,0,0,0,1
R295245179,0,0,0,0,0,0,1,1,0,0,0,1,0,0,0,0,0,0,0,0,1
R295246492,0,0,0,0,0,0,1,1,0,0,0,0,0,0,0,0,0,0,0,0,1
R295346239,0,0,0,0,0,0,0,1,0,0,0,1,0,1,0,0,0,0,0,0,1
R295555497,0,0,0,0,0,0,0,0,0,0,0,1,0,0,1,0,0,0,0,0,1
R295888730,0,0,0,0,0,0,1,1,0,0,0,0,0,0,0,0,0,0,0,0,1
R295976616,0,0,0,0,0,0,1,1,0,0,0,0,0,0,1,0,0,0,0,0,1
R296027933,0,0,0,0,0,0,1,1,0,1,0,1,0,0,0,1,0,0,0,0,1
R296088249,0,0,0,0,0,0,0,0,0,0,0,0,0,0,0,0,0,0,0,0,1
R296358213,0,0,0,0,0,0,1,1,0,0,0,0,0,0,0,0,0,0,0,0,1
R296380751,0,0,0,0,0,0,1,1,0,0,0,0,0,0,0,0,0,0,0,0,1
R296505393,0,0,0,0,0,0,1,1,0,0,0,0,0,0,0,0,1,0,0,1,1
R296588461,0,0,0,0,0,0,1,1,0,0,0,1,0,0,0,0,0,0,0,0,1
R296692148,0,0,0,0,0,0,0,0,0,0,0,0,0,0,0,0,0,0,0,0,1
R296742474,0,0,0,0,0,0,0,0,0,0,0,1,0,0,0,0,0,0,0,0,1
R297026414,0,0,0,0,0,0,1,1,0,0,0,0,0,0,0,0,0,0,0,0,1
R297113663,0,0,0,0,0,0,1,1,0,1,0,1,0,0,1,1,0,0,1,0,1
R297201267,0,0,0,0,0,0,1,1,0,0,0,1,0,0,0,0,0,0,0,0,1
R297377952,0,0,0,0,0,0,1,1,0,1,0,1,0,0,1,1,0,0,0,0,1
R297460071,0,0,0,0,0,0,1,1,0,0,0,0,0,0,0,0,0,0,0,0,1
R297527974,0,0,0,0,0,0,1,1,0,1,0,0,0,0,1,1,1,0,1,1,1
R297538841,0,0,0,0,0,0,0,1,0,0,0,1,0,1,0,0,0,0,0,0,1
R297552015,0,0,0,0,0,0,1,1,0,0,0,0,0,0,0,0,0,0,0,0,1
R297579655,0,0,0,0,0,0,1,1,0,1,0,0,0,0,1,1,0,0,0,0,1
R297686744,0,0,0,0,0,0,1,1,0,0,0,0,0,0,0,0,0,0,0,0,1
R297730842,0,0,0,0,0,0,1,1,0,0,0,1,0,0,1,0,0,0,0,0,1
R297841672,0,0,0,0,0,0,1,1,0,0,0,0,0,1,0,0,1,0,0,1,1
R297919293,0,0,0,0,0,0,1,1,0,0,0,0,0,0,0,0,0,0,0,0,1
R297925956,0,0,0,0,0,0,0,0,0,0,0,0,0,0,0,0,0,0,0,0,1
R297933867,0,0,0,0,0,0,1,1,0,0,0,1,0,0,0,0,0,0,0,0,1
R298117961,0,0,0,0,0,0,0,0,0,0,0,0,0,0,0,0,0,0,0,0,1
R298254196,0,0,0,0,0,0,1,1,0,0,0,0,0,0,0,0,0,0,0,0,1
R298305823,0,0,0,0,0,0,1,1,0,0,0,0,0,0,1,0,0,0,0,0,1
R298489623,0,0,0,0,0,0,1,1,0,0,0,0,0,0,1,0,0,0,0,0,1
R298669851,0,0,0,0,0,0,1,1,0,0,0,0,0,0,0,0,0,0,0,0,1
R298671898,0,0,0,0,0,0,0,0,0,0,0,1,0,0,0,0,0,0,0,0,1
R298695806,0,0,0,0,0,0,0,0,0,0,0,0,0,0,0,1,0,0,0,0,1
R298727546,0,0,0,0,0,0,0,0,0,0,0,1,0,0,0,0,0,0,0,0,1
R298935585,0,0,0,0,0,0,1,1,0,0,0,0,0,0,0,0,0,0,0,0,1
R298996867,0,0,0,0,0,0,0,0,0,0,0,0,0,0,0,0,0,0,0,0,1
R299034717,0,0,0,0,0,0,1,1,0,0,0,1,0,0,0,0,0,0,0,0,1
R299308662,0,0,0,0,0,0,1,1,0,0,0,0,0,0,0,0,0,0,0,1,1
R299406025,0,0,0,0,0,0,0,0,0,0,0,1,0,0,0,0,0,0,0,0,1
R299444040,0,0,0,0,0,0,1,1,0,0,0,0,0,0,0,0,0,0,0,0,1
R299637663,0,0,0,0,0,0,0,0,0,0,0,1,0,0,0,0,0,0,0,0,1
R299782277,0,0,0,0,0,0,1,1,0,1,0,0,0,0,1,1,0,0,1,0,1
R299814330,0,0,0,0,0,0,1,1,0,0,0,1,0,0,0,0,0,0,0,0,1
R200003083,0,0,0,0,0,0,0,0,0,0,0,0,0,0,0,0,0,0,0,0,0
R200031913,0,0,0,0,0,0,0,0,0,0,0,0,0,0,0,0,0,0,0,0,0
R200058413,0,0,0,0,0,0,0,0,0,0,0,1,0,0,1,0,0,0,0,0,0
R200082285,0,0,0,0,0,0,0,0,0,0,0,0,0,0,0,0,0,0,0,0,0
R200099502,0,0,0,0,0,0,0,0,0,0,0,0,0,0,0,0,0,0,0,0,0
R200131118,0,0,0,0,0,0,0,0,0,0,0,0,0,0,0,0,0,0,0,0,0
R200136798,0,0,0,0,0,0,0,1,0,0,0,0,0,0,0,0,0,0,0,0,0
R200137567,0,0,0,0,0,0,0,0,0,0,0,0,0,0,0,0,0,0,0,0,0
R200143724,0,0,0,0,0,0,0,0,0,0,0,0,0,0,0,0,0,0,0,0,0
R200153289,0,0,0,0,0,0,1,1,0,1,0,0,0,0,1,1,0,0,1,0,0
R200156579,0,0,0,0,0,0,0,1,0,0,0,0,0,0,0,0,0,0,0,1,0
R200172112,0,0,0,0,0,0,0,0,0,0,0,0,0,0,0,0,0,0,0,0,0
R200179845,0,0,0,0,0,0,0,0,0,0,0,0,0,0,0,0,0,0,0,0,0
R200185448,0,0,0,0,0,0,0,0,0,0,0,0,0,0,0,0,0,0,0,0,0
R200211988,0,0,0,0,0,0,0,0,0,0,0,0,0,0,0,0,0,0,0,0,0
R200223862,0,0,0,0,0,0,0,0,0,0,0,0,0,0,0,0,0,0,0,0,0
R200251716,0,0,0,0,0,0,0,0,0,0,0,1,0,0,1,1,0,0,1,0,0
R200277160,0,0,0,0,0,0,0,0,0,0,0,0,0,0,0,0,1,0,0,1,0
R200286960,0,0,0,0,0,0,0,0,0,0,0,0,0,0,0,0,0,0,0,0,0
R200325535,0,0,0,0,0,0,0,0,0,0,0,0,0,0,0,0,0,0,0,0,0
R200330818,0,0,0,0,0,0,0,0,0,0,0,0,0,0,0,0,0,0,0,0,0
R200351250,0,0,0,0,0,0,0,0,0,0,0,0,0,0,1,0,0,0,0,0,0
R200395765,0,0,0,0,0,0,0,1,0,0,0,1,0,1,0,0,0,0,0,1,0
R200417837,0,0,0,0,0,0,0,0,0,0,0,0,0,0,0,0,0,0,0,0,0
R200422982,0,0,0,0,0,0,0,0,0,0,0,0,0,0,0,0,0,0,0,0,0
R200439093,0,0,0,0,0,0,0,0,0,0,0,0,0,0,0,1,0,0,0,0,0
R200479157,0,0,0,0,0,0,0,0,0,0,0,0,0,0,0,0,0,0,0,0,0
R200490757,0,0,0,0,0,0,1,1,0,0,0,1,0,0,0,0,0,0,0,0,0
R200539048,0,0,0,0,0,0,0,0,0,0,0,0,0,0,1,0,0,0,1,0,0
R200547284,0,0,0,0,0,0,0,0,0,0,0,0,0,0,0,0,0,0,0,0,0
R200569706,0,0,0,0,0,0,0,0,0,0,0,0,0,0,0,0,0,0,0,0,0
R200580186,0,0,0,0,0,0,0,0,0,0,0,0,0,0,0,0,0,0,0,0,0
R200586434,0,0,0,0,0,0,0,0,0,0,0,0,0,0,0,0,0,0,0,0,0
R200601116,0,0,0,0,0,0,0,0,0,0,0,0,0,0,1,0,0,0,1,0,0
R200622624,0,0,0,0,0,0,0,0,0,0,0,0,0,0,0,0,0,0,0,0,0
R200645047,0,0,0,0,0,0,0,0,0,0,0,0,0,0,0,0,0,0,0,0,0
R200645078,0,0,0,0,0,0,0,0,0,0,0,0,0,0,0,0,0,0,0,0,0
R200645709,0,0,0,0,0,0,0,0,0,0,0,0,0,0,0,0,0,0,0,0,0
R200651285,0,0,0,0,0,0,0,0,0,0,0,0,0,0,0,0,0,0,0,0,0
R200663886,0,0,0,0,0,0,0,0,0,0,0,0,0,0,0,0,0,0,0,0,0
R200678150,0,0,0,0,0,0,0,0,0,1,0,0,0,0,0,1,0,0,0,0,0
R200683166,0,0,0,0,0,0,0,0,0,0,0,0,0,0,0,0,0,0,0,0,0
R200686416,0,0,0,0,0,0,1,1,0,0,0,0,0,0,1,0,0,0,1,0,0
R200690327,0,0,0,0,0,0,0,0,0,0,0,0,0,0,0,0,0,0,0,0,0
R200695408,0,0,0,0,0,0,0,0,0,0,0,1,0,0,0,0,0,0,0,0,0
R200707547,0,0,0,0,0,0,1,1,0,0,0,1,0,0,0,0,0,0,0,0,0
R200709724,0,0,0,0,0,0,0,0,0,0,0,0,0,0,0,0,0,0,0,0,0
R200731304,0,0,0,0,0,0,0,0,0,0,0,1,0,0,0,0,0,0,0,0,0
R200767961,0,0,0,0,0,0,0,0,0,0,0,0,0,0,0,0,0,0,0,0,0
R200774776,0,0,0,0,0,0,0,0,0,0,0,0,0,0,0,0,0,0,0,0,0
R200787388,0,0,0,0,0,0,1,1,0,0,0,1,0,0,0,0,0,0,0,0,0
R200799961,0,0,0,0,0,0,0,0,0,0,0,0,0,0,0,0,0,0,0,0,0
R200833702,0,0,0,0,0,0,0,0,0,0,0,0,0,0,0,0,0,0,0,0,0
R200843227,0,0,0,0,0,0,0,0,0,0,0,0,0,0,0,1,1,0,0,1,0
R200881099,0,0,0,0,0,0,0,0,0,0,0,0,0,0,0,0,0,0,0,0,0
R200885530,0,0,0,0,0,0,0,0,0,0,0,0,0,0,0,0,0,0,0,0,0
R200895550,0,0,0,0,0,0,0,0,0,0,0,0,0,0,0,0,0,0,0,0,0
R200898780,0,0,0,0,0,0,0,0,0,0,0,0,0,0,0,0,0,0,0,0,0
R200919480,0,0,0,0,0,0,0,0,0,0,0,0,0,0,0,0,0,0,0,0,0
R200924483,0,0,0,0,0,0,0,0,0,0,0,0,0,0,0,0,0,0,0,0,0
R201036945,0,0,0,0,0,0,0,0,0,0,0,0,0,0,0,0,0,0,0,0,0
R201090466,0,0,0,0,0,0,0,0,0,0,0,0,0,0,0,0,0,0,0,0,0
R201120630,0,0,0,0,0,0,0,0,0,0,0,0,0,0,0,0,0,0,0,0,0
R201133967,0,0,0,0,0,0,0,0,0,0,0,0,0,0,0,0,0,0,0,0,0
R201158337,0,0,0,0,0,0,0,0,0,0,0,0,0,0,0,0,0,0,0,0,0
R201167052,0,0,0,0,0,0,0,0,0,0,0,0,0,0,0,0,0,0,0,0,0
R201172735,0,0,0,0,0,0,0,0,0,1,0,0,0,0,0,1,0,0,0,0,0
R201183597,0,0,0,0,0,0,0,0,0,0,0,0,0,0,0,0,0,0,0,0,0
R201221059,0,0,0,0,0,0,0,0,0,0,0,0,0,0,0,0,0,0,0,0,0
R201247747,0,0,0,0,0,0,0,0,0,0,0,0,0,0,0,0,0,0,0,0,0
R201256619,0,0,0,0,0,0,0,0,0,0,0,0,0,0,0,0,0,0,0,0,0
R201269737,0,0,0,0,0,0,0,0,0,0,0,0,0,0,0,0,0,0,0,0,0
R201289141,0,0,0,0,0,0,0,0,0,0,0,0,0,0,0,0,0,0,0,0,0
R201305301,0,0,0,0,0,0,0,0,0,0,0,0,0,0,0,0,0,0,0,0,0
R201315250,0,0,0,0,0,0,0,1,0,0,0,1,0,1,0,0,0,0,0,0,0
R201322764,0,0,0,0,0,0,0,0,0,0,0,0,0,0,0,0,0,0,0,0,0
R201361258,0,0,0,0,0,0,0,1,0,0,0,1,0,0,0,0,0,0,0,0,0
R201362631,0,0,0,0,0,0,0,0,0,0,0,0,0,0,0,0,0,0,0,0,0
R201362769,0,0,0,0,0,0,0,0,0,0,0,1,0,0,0,0,0,0,0,0,0
R201418187,0,0,0,0,0,0,0,1,0,0,0,1,0,1,1,0,0,0,1,1,0
R201425284,0,0,0,0,0,0,0,0,0,0,0,0,0,0,0,0,0,0,0,0,0
R201441059,0,0,0,0,0,0,0,0,0,0,0,0,0,0,0,0,0,0,0,0,0
R201456800,0,0,0,0,0,0,0,0,0,0,0,0,0,0,0,0,0,0,0,0,0
R201462142,0,0,0,0,0,0,0,0,0,0,0,0,0,0,0,0,0,0,0,0,0
R201462199,0,0,0,0,0,0,0,1,0,0,0,0,0,0,1,0,0,0,1,0,0
R201491494,0,0,0,0,0,0,0,0,0,0,0,0,0,0,0,0,0,0,0,0,0
R201502452,0,0,0,0,0,0,0,0,0,0,0,0,0,0,0,0,0,0,0,0,0
R201547655,0,0,0,0,0,0,0,0,0,0,0,0,0,0,0,0,0,0,0,0,0
R201552813,0,0,0,0,0,0,1,1,0,0,0,1,0,0,0,0,0,0,0,0,0
R201555952,0,0,0,0,0,0,0,0,0,0,0,0,0,0,0,0,0,0,0,0,0
R201565291,0,0,0,0,0,0,0,0,0,0,0,0,0,0,0,0,0,0,0,0,0
R201606224,0,0,0,0,0,0,0,0,0,0,0,0,0,0,0,0,0,0,0,0,0
R201607736,0,0,0,0,0,0,0,0,0,0,0,0,0,0,0,0,0,0,0,0,0
R201611665,0,0,0,0,0,0,0,0,0,0,0,0,0,0,0,0,0,0,0,0,0
R201664526,0,0,0,0,0,0,0,0,0,0,0,0,0,0,0,0,0,0,0,0,0
R201711703,0,0,0,0,0,0,0,0,0,0,0,1,0,0,0,0,0,0,0,0,0
R201731406,0,0,0,0,0,0,0,0,0,0,0,0,0,0,0,0,0,0,0,0,0
R201763496,0,0,0,0,0,0,0,0,0,0,0,0,0,0,0,0,0,0,0,0,0
R201763623,0,0,0,0,0,0,0,0,0,0,0,0,0,0,0,0,0,0,0,0,0
R201782838,0,0,0,0,0,0,0,0,0,0,0,0,0,0,0,0,0,0,0,0,0
R201787465,0,0,0,0,0,0,0,0,0,0,0,0,0,0,1,0,0,0,0,0,0
R201796347,0,0,0,0,0,0,0,0,0,0,0,0,0,0,0,0,0,0,0,0,0
R201845542,0,0,0,0,0,0,0,0,0,0,0,0,0,0,0,0,0,0,0,0,0
R201854579,0,0,0,0,0,0,1,1,0,1,0,1,0,0,0,1,0,0,0,0,0
R201863358,0,0,0,0,0,0,0,0,0,0,0,0,0,0,0,0,0,0,0,0,0
R201901560,0,0,0,0,0,0,0,0,0,0,0,0,0,0,0,0,0,0,0,0,0
R201905740,0,0,0,0,0,0,0,0,0,0,0,0,0,0,1,0,0,0,0,0,0
R201912856,0,0,0,0,0,0,0,0,0,0,0,0,0,0,0,0,0,0,0,0,0
R201961177,0,0,0,0,0,0,1,1,0,0,0,1,0,0,0,0,0,0,0,0,0
R201995439,0,0,0,0,0,0,0,0,0,0,0,0,0,0,0,0,0,0,0,0,0
R201996771,0,0,0,0,0,0,1,1,0,0,0,0,0,0,1,0,0,0,1,0,0
R202013476,0,0,0,0,0,0,0,0,0,0,0,0,0,0,0,0,1,0,0,1,0
R202014457,0,0,0,0,0,0,0,0,0,0,0,0,0,0,0,0,0,0,0,0,0
R202015723,0,0,0,0,0,0,0,0,0,0,0,0,0,0,0,0,0,0,0,0,0
R202024383,0,0,0,0,0,0,0,0,0,0,0,0,0,0,0,0,0,0,0,0,0
R202048451,0,0,0,0,0,0,0,0,0,0,0,0,0,0,0,0,0,0,0,0,0
R202092972,0,0,0,0,0,0,0,0,0,0,0,0,0,0,1,0,0,0,1,0,0
R202134941,0,0,0,0,0,0,0,0,0,0,0,0,0,0,1,0,0,0,1,1,0
R202144242,0,0,0,0,0,0,0,0,0,0,0,0,0,0,0,0,1,0,0,1,0
R202146078,0,0,0,0,0,0,0,0,0,0,0,0,0,0,0,0,0,0,0,0,0
R202204128,0,0,0,0,0,0,0,0,0,0,0,0,0,0,0,0,0,0,0,0,0
R202208582,0,0,0,0,0,0,0,0,0,0,0,0,0,0,0,0,0,0,0,0,0
R202216167,0,0,0,0,0,0,0,0,0,0,0,0,0,0,0,1,0,0,0,0,0
R202221402,0,0,0,0,0,0,0,0,0,0,0,0,0,0,0,0,0,0,0,0,0
R202223658,0,0,0,0,0,0,0,0,0,0,0,0,0,0,0,0,0,0,0,0,0
R202246832,0,0,0,0,0,0,0,0,0,0,0,0,0,0,0,0,0,0,0,0,0
R202253421,0,0,0,0,0,0,0,0,0,0,0,1,0,0,0,1,0,0,0,1,0
R202273995,0,0,0,0,0,0,0,0,0,0,0,0,0,0,0,0,0,0,0,0,0
R202274139,0,0,0,0,0,0,0,0,0,0,0,0,0,0,0,0,0,0,0,0,0
R202285574,0,0,0,0,0,0,0,0,0,0,0,0,0,0,0,0,0,0,0,0,0
R202286702,0,0,0,0,0,0,0,0,0,0,0,0,0,0,0,0,0,0,0,0,0
R202315168,0,0,0,0,0,0,0,0,0,0,0,0,0,0,0,0,0,0,0,0,0
R202315345,0,0,0,0,0,0,0,0,0,0,0,0,0,0,0,0,0,0,0,1,0
R202425421,0,0,0,0,0,0,0,0,0,0,0,1,0,0,0,0,0,0,0,0,0
R202431332,0,0,0,0,0,0,0,0,0,0,0,0,0,0,0,0,0,0,0,0,0
R202456055,0,0,0,0,0,0,0,0,0,0,0,1,0,0,1,0,0,0,1,0,0
R202471151,0,0,0,0,0,0,0,0,0,0,0,0,0,0,0,0,0,0,0,0,0
R202491290,0,0,0,0,0,0,0,0,0,0,0,0,0,0,0,0,0,0,0,0,0
R202578397,0,0,0,0,0,0,0,0,0,0,0,0,0,0,0,0,0,0,0,0,0
R202589135,0,0,0,0,0,0,0,0,0,0,0,0,0,0,0,0,0,0,0,0,0
R202599607,0,0,0,0,0,0,0,0,0,0,0,0,0,0,0,0,0,0,0,1,0
R202614993,0,0,0,0,0,0,0,0,0,0,0,0,0,0,1,0,0,0,0,0,0
R202625996,0,0,0,0,0,0,0,0,0,0,0,0,0,0,0,0,0,0,0,0,0
R202634848,0,0,0,0,0,0,0,0,0,0,0,0,0,0,0,0,0,0,0,0,0
R202652614,0,0,0,0,0,0,0,0,0,0,0,0,0,0,0,0,0,0,0,0,0
R202663404,0,0,0,0,0,0,0,0,0,0,0,0,0,0,0,0,0,0,0,0,0
R202674471,0,0,0,0,0,0,0,1,0,0,0,0,0,0,0,0,0,0,0,0,0
R202675953,0,0,0,0,0,0,0,0,0,0,0,0,0,0,0,0,0,0,0,0,0
R202677161,0,0,0,0,0,0,0,0,0,0,0,0,0,0,0,0,0,0,0,0,0
R202678398,0,0,0,0,0,0,0,0,0,0,0,0,0,0,0,0,0,0,0,0,0
R202679488,0,0,0,0,0,0,0,0,0,0,0,0,0,0,0,0,0,0,0,0,0
R202748830,0,0,0,0,0,0,0,1,0,0,0,1,0,1,0,0,0,0,0,0,0
R202750683,0,0,0,0,0,0,0,0,0,0,0,0,0,0,0,0,0,0,0,0,0
R202762343,0,0,0,0,0,0,0,0,0,0,0,0,0,0,0,0,0,0,0,0,0
R202764335,0,0,0,0,0,0,0,0,0,0,0,0,0,0,0,0,0,0,0,0,0
R202780028,0,0,0,0,0,0,1,1,0,0,0,0,0,0,0,0,0,0,0,0,0
R202788413,0,0,0,0,0,0,0,0,0,0,0,1,0,0,0,0,0,0,0,0,0
R202827943,0,0,0,0,0,0,0,0,0,0,0,0,0,0,0,0,0,0,0,0,0
R202829292,0,0,0,0,0,0,0,1,0,0,0,1,0,1,0,0,0,0,0,0,0
R202887189,0,0,0,0,0,0,0,0,0,0,0,0,0,0,0,0,0,0,0,0,0
R202889890,0,0,0,0,0,0,0,0,0,1,0,0,0,0,0,1,0,0,0,0,0
R202903077,0,0,0,0,0,0,0,0,0,0,0,0,0,0,0,0,0,0,0,0,0
R202911119,0,0,0,0,0,0,0,0,0,0,0,0,0,0,0,0,0,0,0,0,0
R202912878,0,0,0,0,0,0,0,0,0,0,0,0,0,0,0,0,0,0,0,0,0
R202933174,0,0,0,0,0,0,0,0,0,0,0,0,0,0,1,0,0,0,1,0,0
R202935424,0,0,0,0,0,0,0,0,0,0,0,0,0,0,0,0,0,0,0,0,0
R202947264,0,0,0,0,0,0,0,1,0,0,0,1,0,1,0,0,0,0,0,0,0
R202957123,0,0,0,0,0,0,0,0,0,0,0,0,0,0,0,0,0,0,0,0,0
R202993298,0,0,0,0,0,0,0,0,0,0,0,0,0,0,0,0,0,0,0,0,0
R203000341,0,0,0,0,0,0,0,0,0,0,0,0,0,0,0,0,0,0,0,0,0
R203049387,0,0,0,0,0,0,0,0,0,0,0,1,0,0,0,0,0,0,0,0,0
R203050380,0,0,0,0,0,0,0,0,0,0,0,0,0,0,0,0,0,0,0,0,0
R203132381,0,0,0,0,0,0,1,1,0,0,0,0,0,0,1,0,0,0,0,0,0
R203134678,0,0,0,0,0,0,0,0,0,0,0,0,0,0,0,0,0,0,0,0,0
R203155120,0,0,0,0,0,0,0,0,0,0,0,0,0,0,0,0,0,0,0,0,0
R203205799,0,0,0,0,0,0,0,0,0,0,0,0,0,0,0,0,0,0,0,0,0
R203212646,0,0,0,0,0,0,1,1,0,0,0,0,0,0,0,0,0,0,0,0,0
R203232108,0,0,0,0,0,0,0,1,0,0,0,0,0,0,0,0,0,0,0,0,0
R203237167,0,0,0,0,0,0,0,0,0,0,0,0,0,0,0,0,0,0,0,0,0
R203239539,0,0,0,0,0,0,0,0,0,0,0,0,0,0,0,0,0,0,0,0,0
R203239660,0,0,0,0,0,0,0,0,0,0,0,0,0,0,0,0,0,0,0,0,0
R203240625,0,0,0,0,0,0,0,0,0,0,0,0,0,0,0,0,0,0,0,0,0
R203242324,0,0,0,0,0,0,0,0,0,0,0,0,0,0,0,0,0,0,0,0,0
R203243304,0,0,0,0,0,0,0,0,0,0,0,0,0,0,0,0,0,0,0,0,0
R203280660,0,0,0,0,0,0,0,0,0,0,0,0,0,0,0,0,0,0,0,0,0
R203288594,0,0,0,0,0,0,1,1,0,1,0,0,0,0,1,1,0,0,0,0,0
R203302039,0,0,0,0,0,0,0,0,0,0,0,0,0,0,0,0,0,0,0,0,0
R203306077,0,0,0,0,0,0,0,0,0,0,0,0,0,0,0,0,0,0,0,0,0
R203341570,0,0,0,0,0,0,0,0,0,0,0,0,0,0,0,0,0,0,0,0,0
R203342920,0,0,0,0,0,0,0,0,0,0,0,0,0,0,1,0,0,0,0,0,0
R203359474,0,0,0,0,0,0,0,0,0,0,0,0,0,0,0,0,0,0,0,0,0
R203360409,0,0,0,0,0,0,0,0,0,0,0,0,0,0,0,0,0,0,0,0,0
R203364573,0,0,0,0,0,0,0,0,0,0,0,0,0,0,1,0,0,0,1,0,0
R203393205,0,0,0,0,0,0,0,1,0,0,0,1,0,0,0,0,0,0,0,0,0
R203418736,0,0,0,0,0,0,1,1,0,0,0,0,0,0,1,0,0,0,0,1,0
R203427781,0,0,0,0,0,0,0,0,0,0,0,0,0,0,0,0,0,0,0,0,0
R203428766,0,0,0,0,0,0,0,0,0,0,0,0,0,0,0,0,0,0,0,0,0
R203430152,0,0,0,0,0,0,0,0,0,0,0,0,0,0,0,0,0,0,0,0,0
R203445598,0,0,0,0,0,0,0,0,0,0,0,0,0,0,0,0,0,0,0,0,0
R203448056,0,0,0,0,0,0,0,0,0,0,0,0,0,0,0,0,0,0,0,0,0
R203456693,0,0,0,0,0,0,0,0,0,0,0,0,0,0,0,0,0,0,0,0,0
R203457104,0,0,0,0,0,0,0,0,0,0,0,1,0,0,0,0,0,0,0,0,0
R203461519,0,0,0,0,0,0,0,0,0,0,0,0,0,0,0,0,0,0,0,0,0
R203486201,0,0,0,0,0,0,1,1,0,0,0,0,0,0,0,0,0,0,0,0,0
R203554127,0,0,0,0,0,0,0,0,0,0,0,0,0,0,0,0,0,0,0,0,0
R203580005,0,0,0,0,0,0,0,0,0,0,0,1,0,0,0,1,0,0,0,0,0
R203605644,0,0,0,0,0,0,0,0,0,0,0,0,0,0,0,0,0,0,0,0,0
R203635454,0,0,0,0,0,0,1,1,0,0,0,1,0,0,0,0,0,0,0,0,0
R203652012,0,0,0,0,0,0,1,1,0,1,0,0,0,0,1,1,1,0,1,1,0
R203666550,0,0,0,0,0,0,0,0,0,0,0,1,0,0,1,0,0,0,1,1,0
R203676870,0,0,0,0,0,0,0,0,0,0,0,0,0,0,0,0,0,0,0,0,0
R203680734,0,0,0,0,0,0,0,1,0,0,0,0,0,0,0,0,0,0,0,0,0
R203708329,0,0,0,0,0,0,0,0,0,0,0,1,0,0,0,0,0,0,0,0,0
R203728392,0,0,0,0,0,0,1,1,0,0,0,1,0,0,0,0,1,0,0,1,0
R203746851,0,0,0,0,0,0,0,0,0,0,0,0,0,0,0,0,0,0,0,0,0
R203769347,0,0,0,0,0,0,0,0,0,0,0,0,0,0,0,0,0,0,0,0,0
R203789416,0,0,0,0,0,0,0,0,0,0,0,1,0,0,1,0,0,0,1,0,0
R203800671,0,0,0,0,0,0,0,0,0,0,0,0,0,0,0,0,0,0,0,0,0
R203813191,0,0,0,0,0,0,0,0,0,0,0,0,0,0,0,0,0,0,0,0,0
R203814665,0,0,0,0,0,0,0,0,0,0,0,0,0,0,0,0,0,0,0,0,0
R203830160,0,0,0,0,0,0,0,0,0,0,0,0,0,0,0,0,0,0,0,0,0
R203841015,0,0,0,0,0,0,0,0,0,0,0,0,0,0,0,0,0,0,0,0,0
R203859478,0,0,0,0,0,0,0,0,0,0,0,0,0,0,0,0,0,0,0,0,0
R203861195,0,0,0,0,0,0,0,0,0,0,0,0,0,0,0,0,0,0,0,0,0
R203868646,0,0,0,0,0,0,0,0,0,0,0,1,0,0,0,0,0,0,0,0,0
R203885356,0,0,0,0,0,0,1,1,0,1,0,1,0,1,1,1,0,0,1,0,0
R203892777,0,0,0,0,0,0,1,1,0,0,0,0,0,0,0,0,0,0,0,0,0
R203937035,0,0,0,0,0,0,0,0,0,0,0,0,0,0,0,0,0,0,0,0,0
R203947117,0,0,0,0,0,0,0,0,0,0,0,0,0,0,0,0,0,0,0,0,0
R203982015,0,0,0,0,0,0,0,0,0,0,0,0,0,0,0,0,0,0,0,0,0
R203989708,0,0,0,0,0,0,0,0,0,0,0,0,0,0,1,0,0,0,0,0,0
R203997160,0,0,0,0,0,0,0,0,0,0,0,0,0,0,0,0,0,0,0,0,0
R203998990,0,0,0,0,0,0,0,0,0,0,0,0,0,0,0,0,0,0,0,0,0
R204030394,0,0,0,0,0,0,1,1,0,0,0,0,0,0,0,0,0,0,0,0,0
R204038492,0,0,0,0,0,0,0,0,0,0,0,0,0,0,0,0,0,0,0,0,0
R204073869,0,0,0,0,0,0,0,0,0,0,0,0,0,0,0,0,0,0,0,0,0
R204098093,0,0,0,0,0,0,1,1,0,1,0,1,0,0,1,1,0,0,1,1,0
R204122218,0,0,0,0,0,0,0,0,0,0,0,0,0,0,1,0,0,0,1,0,0
R204154813,0,0,0,0,0,0,0,0,0,0,0,0,0,0,0,0,0,0,0,0,0
R204177231,0,0,0,0,0,0,0,0,0,0,0,0,0,0,0,0,0,0,0,0,0
R204178904,0,0,0,0,0,0,0,0,0,0,0,0,0,0,0,0,0,0,0,0,0
R204179253,0,0,0,0,0,0,0,0,0,0,0,0,0,0,0,0,0,0,0,0,0
R204180462,0,0,0,0,0,0,0,0,0,0,0,0,0,0,0,0,0,0,0,0,0
R204237172,0,0,0,0,0,0,0,0,0,0,0,0,0,0,0,0,0,0,0,0,0
R204238407,0,0,0,0,0,0,0,0,0,0,0,0,0,0,0,0,0,0,0,0,0
R204261075,0,0,0,0,0,0,0,0,0,0,0,0,0,0,0,0,0,0,0,0,0
R204373204,0,0,0,0,0,0,0,0,0,0,0,0,0,0,1,0,1,0,1,1,0
R204392935,0,0,0,0,0,0,0,0,0,0,0,0,0,0,0,0,0,0,0,0,0
R204417180,0,0,0,0,0,0,0,0,0,0,0,0,0,0,0,0,0,0,0,0,0
R204472302,0,0,0,0,0,0,0,0,0,0,0,0,0,0,0,0,0,0,0,0,0
R204476022,0,0,0,0,0,0,0,0,0,0,0,0,0,0,0,0,0,0,0,0,0
R204482233,0,0,0,0,0,0,0,0,0,0,0,0,0,0,0,0,0,0,0,0,0
R204502370,0,0,0,0,0,0,0,0,0,0,0,0,0,0,0,0,0,0,0,0,0
R204525501,0,0,0,0,0,0,0,0,0,0,0,0,0,0,0,0,0,0,0,0,0
R204539822,0,0,0,0,0,0,0,0,0,0,0,0,0,0,0,0,0,0,0,1,0
R204556732,0,0,0,0,0,0,1,1,0,0,0,1,0,0,1,0,0,0,0,0,0
R204579555,0,0,0,0,0,0,0,0,0,0,0,1,0,0,1,1,0,0,1,0,0
R204603036,0,0,0,0,0,0,0,0,0,0,0,0,0,0,0,0,0,0,0,0,0
R204603916,0,0,0,0,0,0,1,1,0,0,0,0,0,0,1,0,0,0,1,0,0
R204622943,0,0,0,0,0,0,1,1,0,0,0,0,0,1,0,0,0,0,0,0,0
R204638504,0,0,0,0,0,0,0,0,0,0,0,0,0,0,0,0,0,0,0,0,0
R204678511,0,0,0,0,0,0,0,0,0,0,0,0,0,0,0,0,0,0,0,0,0
R204679792,0,0,0,0,0,0,0,0,0,0,0,0,0,0,0,1,0,0,0,0,0
R204723204,0,0,0,0,0,0,0,0,0,0,0,0,0,0,0,0,0,0,0,0,0
R204739939,0,0,0,0,0,0,0,0,0,0,0,0,0,0,0,0,0,0,0,0,0
R204748284,0,0,0,0,0,0,0,0,0,0,0,0,0,0,0,0,0,0,0,0,0
R204774749,0,0,0,0,0,0,0,1,0,1,0,0,0,0,0,1,0,0,0,0,0
R204802065,0,0,0,0,0,0,0,0,0,0,0,1,0,0,0,0,0,0,0,0,0
R204810394,0,0,0,0,0,0,1,1,0,0,0,1,0,0,1,0,0,0,0,1,0
R204815977,0,0,0,0,0,0,0,0,0,0,0,0,0,0,0,0,0,0,0,0,0
R204879876,0,0,0,0,0,0,0,0,0,0,0,1,0,0,0,0,0,0,0,0,0
R204896250,0,0,0,0,0,0,1,1,0,0,0,1,0,0,0,0,0,0,0,0,0
R204950257,0,0,0,0,0,0,0,0,0,0,0,0,0,0,0,0,0,0,0,0,0
R204981875,0,0,0,0,0,0,0,0,0,0,0,0,0,0,0,0,0,0,0,0,0
R204994803,0,0,0,0,0,0,0,0,0,0,0,0,0,0,0,0,0,0,0,0,0
R205022495,0,0,0,0,0,0,0,0,0,0,0,1,0,0,0,0,0,0,0,0,0
R205049826,0,0,0,0,0,0,0,0,0,0,0,0,0,0,0,0,0,0,0,0,0
R205063928,0,0,0,0,0,0,1,1,0,0,0,0,0,0,1,1,0,0,0,1,0
R205070996,0,0,0,0,0,0,0,0,0,0,0,0,0,0,0,0,0,0,0,0,0
R205107022,0,0,0,0,0,0,0,0,0,0,0,0,0,0,0,0,0,0,0,0,0
R205134991,0,0,0,0,0,0,0,0,0,0,0,0,0,0,1,0,0,0,0,0,0
R205137499,0,0,0,0,0,0,1,1,0,0,0,0,0,0,1,0,0,0,0,0,0
R205193896,0,0,0,0,0,0,0,0,0,0,0,0,0,0,0,0,0,0,0,0,0
R205215604,0,0,0,0,0,0,0,0,0,0,0,0,0,0,0,0,0,0,0,0,0
R205222210,0,0,0,0,0,0,0,0,0,0,0,0,0,0,0,0,0,0,0,0,0
R205246443,0,0,0,0,0,0,0,0,0,0,0,0,0,0,0,0,0,0,0,0,0
R205249752,0,0,0,0,0,0,0,0,0,0,0,0,0,0,0,0,0,0,0,0,0
R205254128,0,0,0,0,0,0,0,0,0,0,0,1,0,0,0,0,0,0,0,0,0
R205283763,0,0,0,0,0,0,0,0,0,0,0,1,0,0,0,0,0,0,0,0,0
R205289142,0,0,0,0,0,0,0,0,0,0,0,0,0,0,0,0,0,0,0,0,0
R205331232,0,0,0,0,0,0,0,0,0,0,0,0,0,0,0,0,0,0,0,0,0
R205379160,0,0,0,0,0,0,0,0,0,0,0,0,0,0,0,0,0,0,0,0,0
R205404162,0,0,0,0,0,0,0,0,0,0,0,0,0,0,0,0,0,0,0,0,0
R205405405,0,0,0,0,0,0,0,0,0,0,0,0,0,0,0,0,0,0,0,0,0
R205471939,0,0,0,0,0,0,0,0,0,0,0,0,0,0,0,0,0,0,0,0,0
R205485888,0,0,0,0,0,0,0,0,0,0,0,0,0,0,0,0,0,0,0,0,0
R205514706,0,0,0,0,0,0,0,0,0,0,0,0,0,0,0,0,0,0,0,0,0
R205558069,0,0,0,0,0,0,0,0,0,0,0,1,0,0,0,0,0,0,0,0,0
R205571059,0,0,0,0,0,0,0,0,0,0,0,0,0,0,0,0,0,0,0,0,0
R205573005,0,0,0,0,0,0,0,0,0,0,0,0,0,0,1,0,0,0,0,0,0
R205574630,0,0,0,0,0,0,0,0,0,0,0,0,0,0,0,0,0,0,0,0,0
R205579789,0,0,0,0,0,0,0,0,0,0,0,0,0,0,1,0,0,0,1,0,0
R205582994,0,0,0,0,0,0,0,0,0,0,0,0,0,0,1,0,0,0,1,1,0
R205597068,0,0,0,0,0,0,0,0,0,0,0,0,0,0,0,0,0,0,0,0,0
R205602271,0,0,0,0,0,0,0,0,0,0,0,0,0,0,0,0,0,0,0,0,0
R205618267,0,0,0,0,0,0,0,0,0,0,0,1,0,0,0,0,0,0,0,0,0
R205650006,0,0,0,0,0,0,0,0,0,0,0,0,0,0,0,0,0,0,0,0,0
R205681815,0,0,0,0,0,0,0,0,0,0,0,0,0,0,1,0,0,0,0,0,0
R205721363,0,0,0,0,0,0,0,0,0,0,0,0,0,0,0,0,0,0,0,0,0
R205738219,0,0,0,0,0,0,0,0,0,0,0,0,0,0,0,0,0,0,0,0,0
R205749513,0,0,0,0,0,0,0,0,0,0,0,0,0,0,0,0,0,0,0,0,0
R205756813,0,0,0,0,0,0,0,0,0,0,0,0,0,0,0,0,0,0,0,0,0
R205765574,0,0,0,0,0,0,0,0,0,0,0,0,0,0,0,0,0,0,0,0,0
R205779177,0,0,0,0,0,0,0,0,0,0,0,0,0,0,1,0,0,0,1,0,0
R205789953,0,0,0,0,0,0,0,0,0,0,0,0,0,0,0,0,0,0,0,0,0
R205809793,0,0,0,0,0,0,0,0,0,0,0,0,0,0,0,0,0,0,0,1,0
R205838147,0,0,0,0,0,0,0,0,0,0,0,1,0,0,0,1,0,0,0,0,0
R205843929,0,0,0,0,0,0,0,0,0,0,0,0,0,0,0,0,0,0,0,0,0
R205889678,0,0,0,0,0,0,0,0,0,0,0,0,0,0,1,0,0,0,0,0,0
R205901275,0,0,0,0,0,0,1,1,0,0,0,1,0,1,1,1,0,0,0,1,0
R205968659,0,0,0,0,0,0,0,1,0,0,0,0,0,0,0,0,0,0,0,0,0
R205996633,0,0,0,0,0,0,0,0,0,0,0,0,0,0,0,0,0,0,0,0,0
R206025888,0,0,0,0,0,0,0,0,0,0,0,0,0,0,0,0,0,0,0,0,0
R206033708,0,0,0,0,0,0,0,0,0,0,0,0,0,0,0,0,0,0,0,0,0
R206038024,0,0,0,0,0,0,0,0,0,0,0,0,0,0,0,0,0,0,0,0,0
R206041732,0,0,0,0,0,0,0,0,0,0,0,0,0,0,0,0,0,0,0,0,0
R206052947,0,0,0,0,0,0,0,0,0,0,0,0,0,0,0,0,0,0,0,0,0
R206055701,0,0,0,0,0,0,0,0,0,0,0,0,0,0,0,0,0,0,0,0,0
R206071689,0,0,0,0,0,0,0,0,0,0,0,1,0,0,0,0,0,0,0,0,0
R206084937,0,0,0,0,0,0,0,0,0,0,0,0,0,0,0,0,0,0,0,0,0
R206095941,0,0,0,0,0,0,0,0,0,0,0,0,0,0,0,0,0,0,0,0,0
R206152799,0,0,0,0,0,0,0,0,0,0,0,0,0,0,0,0,0,0,0,0,0
R206163216,0,0,0,0,0,0,0,0,0,0,0,0,0,0,1,0,0,0,1,0,0
R206165131,0,0,0,0,0,0,0,0,0,0,0,0,0,0,1,0,0,0,0,0,0
R206183414,0,0,0,0,0,0,0,0,0,0,0,0,0,0,0,0,0,0,0,0,0
R206203604,0,0,0,0,0,0,0,1,0,0,0,0,0,0,0,0,0,0,0,0,0
R206242388,0,0,0,0,0,0,0,0,0,0,0,0,0,0,0,0,0,0,0,0,0
R206242686,0,0,0,0,0,0,0,0,0,0,0,0,0,0,0,0,0,0,0,0,0
R206247542,0,0,0,0,0,0,0,0,0,0,0,0,0,0,0,0,0,0,0,0,0
R206258761,0,0,0,0,0,0,0,0,0,0,0,0,0,0,1,1,0,0,0,0,0
R206273644,0,0,0,0,0,0,0,0,0,0,0,0,0,0,0,0,0,0,0,0,0
R206276310,0,0,0,0,0,0,0,0,0,0,0,0,0,0,0,0,0,0,0,0,0
R206303378,0,0,0,0,0,0,0,0,0,0,0,0,0,0,0,0,0,0,0,0,0
R206332780,0,0,0,0,0,0,0,0,0,0,0,0,0,0,0,0,0,0,0,0,0
R206344295,0,0,0,0,0,0,0,0,0,0,0,0,0,0,0,0,0,0,0,0,0
R206358615,0,0,0,0,0,0,1,1,0,0,0,1,0,0,0,0,0,0,0,0,0
R206481625,0,0,0,0,0,0,0,0,0,0,0,0,0,0,0,0,0,0,0,0,0
R206496873,0,0,0,0,0,0,0,1,0,0,0,1,0,0,0,0,0,0,0,0,0
R206512515,0,0,0,0,0,0,0,0,0,0,0,0,0,0,0,0,0,0,0,0,0
R206532649,0,0,0,0,0,0,1,1,0,0,0,0,0,0,0,0,0,0,0,0,0
R206575136,0,0,0,0,0,0,0,0,0,0,0,0,0,0,0,0,0,0,0,0,0
R206584249,0,0,0,0,0,0,0,0,0,0,0,0,0,0,0,0,0,0,0,0,0
R206587592,0,0,0,0,0,0,0,0,0,0,0,1,0,0,0,0,0,0,0,0,0
R206603456,0,0,0,0,0,0,0,0,0,0,0,0,0,0,0,0,0,0,0,0,0
R206605977,0,0,0,0,0,0,0,0,0,0,0,0,0,0,0,0,0,0,0,0,0
R206624902,0,0,0,0,0,0,0,0,0,0,0,1,0,0,0,0,0,0,0,0,0
R206627127,0,0,0,0,0,0,0,0,0,0,0,0,0,0,0,0,0,0,0,0,0
R206628009,0,0,0,0,0,0,1,1,0,1,0,1,0,1,0,1,1,0,0,1,0
R206661756,0,0,0,0,0,0,0,0,0,0,0,0,0,0,0,0,0,0,0,0,0
R206669905,0,0,0,0,0,0,0,0,0,0,0,0,0,0,0,0,0,0,0,0,0
R206670968,0,0,0,0,0,0,1,1,0,0,0,0,0,0,1,0,1,0,0,1,0
R206692838,0,0,0,0,0,0,0,0,0,0,0,0,0,0,1,0,0,0,1,1,0
R206705693,0,0,0,0,0,0,0,0,0,0,0,0,0,0,0,0,0,0,0,0,0
R206711068,0,0,0,0,0,0,0,0,0,0,0,0,0,0,0,0,0,0,0,0,0
R206717367,0,0,0,0,0,0,0,0,0,0,0,0,0,0,0,0,0,0,0,0,0
R206765970,0,0,0,0,0,0,0,0,0,0,0,0,0,0,0,0,0,0,0,0,0
R206776437,0,0,0,0,0,0,0,0,0,0,0,1,0,0,1,0,0,0,1,0,0
R206809033,0,0,0,0,0,0,0,0,0,0,0,1,0,0,0,0,0,0,0,0,0
R206840897,0,0,0,0,0,0,1,1,0,0,0,1,0,0,0,1,0,0,0,0,0
R206853939,0,0,0,0,0,0,0,0,0,0,0,0,0,0,0,0,0,0,0,0,0
R206888324,0,0,0,0,0,0,0,0,0,0,0,0,0,0,0,0,0,0,0,1,0
R206890777,0,0,0,0,0,0,0,0,0,0,0,0,0,0,0,1,0,0,0,0,0
R206894231,0,0,0,0,0,0,0,0,0,0,0,0,0,0,0,0,0,0,0,0,0
R206900652,0,0,0,0,0,0,0,0,0,0,0,0,0,0,0,0,0,0,0,0,0
R206905987,0,0,0,0,0,0,0,0,0,0,0,0,0,0,0,0,0,0,0,0,0
R206948708,0,0,0,0,0,0,0,0,0,0,0,1,0,0,0,0,0,0,0,0,0
R207001640,0,0,0,0,0,0,0,0,0,0,0,0,0,0,0,0,0,0,0,0,0
R207011364,0,0,0,0,0,0,0,0,0,0,0,0,0,0,0,0,0,0,0,0,0
R207013042,0,0,0,0,0,0,0,0,0,0,0,0,0,0,0,0,0,0,0,0,0
R207043609,0,0,0,0,0,0,0,0,0,0,0,0,0,0,0,0,0,0,0,0,0
R207123194,0,0,0,0,0,0,0,0,0,0,0,0,0,0,0,0,0,0,0,0,0
R207126931,0,0,0,0,0,0,0,0,0,0,0,1,0,0,1,0,0,0,1,0,0
R207150449,0,0,0,0,0,0,0,0,0,0,0,0,0,0,0,0,0,0,0,0,0
R207160618,0,0,0,0,0,0,0,0,0,0,0,0,0,0,0,0,0,0,0,0,0
R207165234,0,0,0,0,0,0,1,1,0,1,0,1,0,0,1,1,0,0,1,0,0
R207167401,0,0,0,0,0,0,0,0,0,0,0,0,0,0,0,0,0,0,0,0,0
R207171339,0,0,0,0,0,0,0,0,0,0,0,0,0,0,0,0,0,0,0,0,0
R207205735,0,0,0,0,0,0,0,0,0,0,0,0,0,0,0,0,0,0,0,0,0
R207230743,0,0,0,0,0,0,0,0,0,0,0,0,0,0,0,0,0,0,0,0,0
R207236212,0,0,0,0,0,0,0,0,0,0,0,0,0,0,0,0,0,0,0,0,0
R207239711,0,0,0,0,0,0,0,0,0,0,0,0,0,0,0,0,0,0,0,0,0
R207253499,0,0,0,0,0,0,0,0,0,0,0,1,0,0,1,0,0,0,0,0,0
R207255861,0,0,0,0,0,0,0,0,0,0,0,0,0,0,1,0,0,0,0,0,0
R207275741,0,0,0,0,0,0,0,0,0,0,0,0,0,0,0,0,1,0,0,1,0
R207280359,0,0,0,0,0,0,0,0,0,0,0,0,0,0,0,0,0,0,0,0,0
R207287277,0,0,0,0,0,0,0,0,0,0,0,0,0,0,0,1,1,0,0,1,0
R207292071,0,0,0,0,0,0,0,0,0,0,0,0,0,0,0,0,0,0,0,0,0
R207306126,0,0,0,0,0,0,0,0,0,0,0,0,0,0,0,0,0,0,0,0,0
R207410121,0,0,0,0,0,0,0,0,0,0,0,0,0,0,0,0,0,0,0,0,0
R207421044,0,0,0,0,0,0,0,0,0,0,0,0,0,0,0,0,0,0,0,0,0
R207443689,0,0,0,0,0,0,0,0,0,0,0,0,0,0,0,0,0,0,0,0,0
R207481461,0,0,0,0,0,0,0,0,0,0,0,0,0,0,0,0,1,0,0,1,0
R207528202,0,0,0,0,0,0,0,0,0,0,0,0,0,0,0,0,0,0,0,0,0
R207559161,0,0,0,0,0,0,0,1,0,0,0,0,0,0,0,0,0,1,0,0,0
R207566533,0,0,0,0,0,0,0,0,0,0,0,0,0,0,0,0,0,0,0,0,0
R207570005,0,0,0,0,0,0,0,0,0,0,0,1,0,0,0,0,0,0,0,0,0
R207577766,0,0,0,0,0,0,0,0,0,0,0,0,0,0,0,0,0,0,0,0,0
R207577827,0,0,0,0,0,0,0,0,0,0,0,0,0,0,0,0,0,0,0,0,0
R207598748,0,0,0,0,0,0,0,0,0,0,0,0,0,0,0,0,0,0,0,0,0
R207611784,0,0,0,0,0,0,0,0,0,0,0,0,0,0,1,0,0,0,1,0,0
R207638091,0,0,0,0,0,0,0,0,0,0,0,0,0,0,0,0,0,0,0,0,0
R207689284,0,0,0,0,0,0,0,0,0,0,0,0,0,0,1,0,0,0,1,0,0
R207707393,0,0,0,0,0,0,0,0,0,0,0,0,0,0,0,0,0,0,0,0,0
R207720018,0,0,0,0,0,0,0,0,0,0,0,0,0,0,0,0,0,0,0,0,0
R207746395,0,0,0,0,0,0,0,0,0,0,0,0,0,0,0,0,0,0,0,0,0
R207766838,0,0,0,0,0,0,0,0,0,0,0,0,0,0,0,0,0,0,0,0,0
R207767856,0,0,0,0,0,0,0,0,0,0,0,0,0,0,0,0,0,0,0,0,0
R207772081,0,0,0,0,0,0,0,0,0,0,0,0,0,0,0,0,0,0,0,0,0
R207774475,0,0,0,0,0,0,1,1,0,0,0,1,0,0,0,0,0,0,0,0,0
R207806028,0,0,0,0,0,0,0,0,0,0,0,0,0,0,0,0,0,0,0,0,0
R207822698,0,0,0,0,0,0,0,1,0,0,0,0,0,0,0,0,1,0,0,1,0
R207824640,0,0,0,0,0,0,0,0,0,0,0,0,0,0,0,0,0,0,0,0,0
R207825737,0,0,0,0,0,0,0,0,0,0,0,0,0,0,0,0,0,0,0,1,0
R207849843,0,0,0,0,0,0,1,1,0,0,0,1,0,0,0,0,0,0,0,0,0
R207872155,0,0,0,0,0,0,0,0,0,0,0,0,0,0,0,0,0,0,0,0,0
R207901635,0,0,0,0,0,0,0,0,0,0,0,0,0,0,0,0,0,0,0,0,0
R207904402,0,0,0,0,0,0,0,0,0,0,0,0,0,0,0,0,0,0,0,0,0
R207911948,0,0,0,0,0,0,0,0,0,0,0,0,0,0,0,0,0,0,0,0,0
R207920673,0,0,0,0,0,0,0,0,0,0,0,0,0,0,0,0,0,0,0,0,0
R207952456,0,0,0,0,0,0,0,0,0,0,0,1,0,0,0,0,1,0,0,1,0
R208028799,0,0,0,0,0,0,0,0,0,0,0,0,0,0,0,0,0,0,0,0,0
R208030905,0,0,0,0,0,0,0,0,0,0,0,0,0,0,0,0,0,0,0,0,0
R208042142,0,0,0,0,0,0,0,0,0,0,0,0,0,0,0,1,0,0,0,0,0
R208042467,0,0,0,0,0,0,0,0,0,0,0,0,0,0,0,0,0,0,0,0,0
R208063704,0,0,0,0,0,0,0,0,0,0,0,1,0,0,0,0,0,0,0,1,0
R208066012,0,0,0,0,0,0,1,1,0,0,0,1,0,0,0,0,0,0,0,0,0
R208069492,0,0,0,0,0,0,0,0,0,0,0,1,0,0,0,0,0,0,0,0,0
R208086010,0,0,0,0,0,0,0,0,0,0,0,0,0,0,0,0,0,0,0,0,0
R208087192,0,0,0,0,0,0,0,0,0,0,0,0,0,0,0,0,0,0,0,0,0
R208088254,0,0,0,0,0,0,0,0,0,0,0,0,0,0,0,0,0,0,0,0,0
R208095662,0,0,0,0,0,0,0,0,0,0,0,0,0,0,0,0,0,0,0,1,0
R208096197,0,0,0,0,0,0,0,0,0,0,0,0,0,0,0,0,0,0,0,0,0
R208101786,0,0,0,0,0,0,0,0,0,0,0,0,0,0,0,1,0,0,0,0,0
R208142661,0,0,0,0,0,0,0,0,0,0,0,0,0,0,0,0,0,0,0,0,0
R208144831,0,0,0,0,0,0,0,0,0,0,0,1,0,0,0,0,1,0,0,1,0
R208146341,0,0,0,0,0,0,0,0,0,0,0,0,0,0,0,0,0,0,0,0,0
R208206363,0,0,0,0,0,0,0,0,0,0,0,0,0,0,0,0,0,0,0,0,0
R208217424,0,0,0,0,0,0,1,1,0,0,0,1,0,0,1,0,0,0,0,0,0
R208243459,0,0,0,0,0,0,0,0,0,0,0,1,0,0,0,0,0,0,0,0,0
R208259456,0,0,0,0,0,0,0,0,0,0,0,0,0,0,1,0,0,0,1,0,0
R208277168,0,0,0,0,0,0,0,0,0,0,0,0,0,0,1,0,0,0,0,0,0
R208282002,0,0,0,0,0,0,0,0,0,0,0,0,0,0,0,0,0,0,0,0,0
R208289686,0,0,0,0,0,0,0,0,0,0,0,1,0,0,0,0,0,0,0,0,0
R208306579,0,0,0,0,0,0,0,0,0,0,0,1,0,0,0,0,0,0,0,0,0
R208358845,0,0,0,0,0,0,0,0,0,0,0,0,0,0,0,0,0,0,0,0,0
R208358883,0,0,0,0,0,0,1,1,0,1,0,1,0,0,1,1,0,0,0,0,0
R208364352,0,0,0,0,0,0,0,0,0,0,0,0,0,0,0,0,0,0,0,1,0
R208364841,0,0,0,0,0,0,0,0,0,0,0,0,0,0,0,0,0,0,0,0,0
R208395051,0,0,0,0,0,0,0,0,0,0,0,0,0,0,0,1,0,0,0,0,0
R208398500,0,0,0,0,0,0,0,0,0,0,0,0,0,0,0,0,0,0,0,0,0
R208425117,0,0,0,0,0,0,1,1,0,1,0,0,0,0,0,1,0,0,0,0,0
R208432597,0,0,0,0,0,0,1,1,0,0,0,1,0,0,1,0,0,0,0,1,0
R208442911,0,0,0,0,0,0,0,0,0,0,0,0,0,0,0,0,0,0,0,0,0
R208456813,0,0,0,0,0,0,0,0,0,0,0,0,0,0,0,0,0,0,0,0,0
R208458881,0,0,0,0,0,0,0,0,0,0,0,0,0,0,0,0,0,0,0,0,0
R208465813,0,0,0,0,0,0,0,0,0,0,0,0,0,0,0,0,0,0,0,0,0
R208474186,0,0,0,0,0,0,0,0,0,0,0,0,0,0,1,0,0,0,0,0,0
R208488995,0,0,0,0,0,0,0,0,0,0,0,0,0,0,0,0,0,0,0,0,0
R208533034,0,0,0,0,0,0,0,0,0,0,0,0,0,0,0,0,0,0,0,0,0
R208536805,0,0,0,0,0,0,0,0,0,0,0,0,0,0,0,0,0,0,0,0,0
R208573637,0,0,0,0,0,0,1,1,0,1,0,1,0,0,0,1,0,0,0,0,0
R208575845,0,0,0,0,0,0,0,0,0,0,0,0,0,0,0,0,0,0,0,0,0
R208600694,0,0,0,0,0,0,0,0,0,0,0,0,0,0,0,0,0,0,0,0,0
R208619825,0,0,0,0,0,0,0,0,0,0,0,0,0,0,0,0,0,0,0,0,0
R208682490,0,0,0,0,0,0,0,0,0,0,0,0,0,0,0,0,0,0,0,0,0
R208709729,0,0,0,0,0,0,0,0,0,0,0,0,0,0,0,0,0,0,0,0,0
R208717246,0,0,0,0,0,0,0,0,0,0,0,0,0,0,0,0,0,0,0,0,0
R208738778,0,0,0,0,0,0,0,0,0,0,0,0,0,0,0,0,0,0,0,0,0
R208746501,0,0,0,0,0,0,0,0,0,0,0,0,0,0,0,0,0,0,0,0,0
R208809582,0,0,0,0,0,0,0,0,0,0,0,0,0,0,0,0,0,0,0,0,0
R208813132,0,0,0,0,0,0,0,0,0,0,0,0,0,0,0,0,0,0,0,1,0
R208827475,0,0,0,0,0,0,0,0,0,0,0,0,0,0,0,0,0,0,0,0,0
R208835297,0,0,0,0,0,0,0,1,0,0,0,0,0,0,0,1,0,0,0,0,0
R208890551,0,0,0,0,0,0,0,0,0,0,0,0,0,0,0,0,0,0,0,0,0
R208920558,0,0,0,0,0,0,0,0,0,0,0,0,0,0,1,0,0,0,1,0,0
R208932545,0,0,0,0,0,0,0,1,0,0,0,1,0,1,0,0,0,0,0,0,0
R208934070,0,0,0,0,0,0,0,0,0,0,0,0,0,0,0,0,0,0,0,0,0
R208945703,0,0,0,0,0,0,0,0,0,0,0,0,0,0,0,0,0,0,0,0,0
R208952205,0,0,0,0,0,0,1,1,0,0,0,0,0,0,0,1,0,0,0,0,0
R208952327,0,0,0,0,0,0,0,0,0,0,0,0,0,0,1,0,0,0,0,1,0
R208955522,0,0,0,0,0,0,0,0,0,0,0,0,0,0,0,0,1,0,0,1,0
R209007305,0,0,0,0,0,0,0,0,0,0,0,0,0,0,0,0,0,0,0,0,0
R209010099,0,0,0,0,0,0,0,0,0,0,0,0,0,0,0,0,0,0,0,0,0
R209026067,0,0,0,0,0,0,0,0,0,0,0,0,0,0,0,0,0,0,0,0,0
R209031385,0,0,0,0,0,0,0,0,0,0,0,0,0,0,0,0,0,0,0,0,0
R209032557,0,0,0,0,0,0,0,0,0,0,0,0,0,0,0,0,0,0,0,0,0
R209033410,0,0,0,0,0,0,0,0,0,0,0,0,0,0,0,0,0,0,0,0,0
R209035872,0,0,0,0,0,0,0,0,0,0,0,0,0,0,0,0,0,0,0,0,0
R209074275,0,0,0,0,0,0,0,0,0,0,0,0,0,0,0,0,0,0,0,0,0
R209112350,0,0,0,0,0,0,0,1,0,0,0,1,0,0,0,1,0,0,0,0,0
R209113071,0,0,0,0,0,0,0,0,0,0,0,0,0,0,0,0,0,0,0,0,0
R209117926,0,0,0,0,0,0,0,0,0,0,0,0,0,0,0,0,0,0,0,0,0
R209121000,0,0,0,0,0,0,0,0,0,0,0,0,0,0,0,0,0,0,0,0,0
R209222571,0,0,0,0,0,0,0,0,0,0,0,0,0,0,0,0,0,0,0,0,0
R209224590,0,0,0,0,0,0,0,0,0,0,0,0,0,0,0,0,0,0,0,0,0
R209237340,0,0,0,0,0,0,0,0,0,0,0,0,0,0,0,0,0,0,0,0,0
R209283065,0,0,0,0,0,0,0,0,0,0,0,0,0,0,0,0,0,0,0,0,0
R209298222,0,0,0,0,0,0,1,1,0,1,0,0,0,0,1,1,0,0,0,0,0
R209305715,0,0,0,0,0,0,1,1,0,0,0,0,0,0,1,0,0,0,1,1,0
R209323679,0,0,0,0,0,0,0,0,0,0,0,0,0,0,0,1,0,0,0,0,0
R209326407,0,0,0,0,0,0,0,0,0,0,0,0,0,0,0,0,0,0,0,0,0
R209327159,0,0,0,0,0,0,0,0,0,0,0,0,0,0,0,0,0,0,0,0,0
R209332159,0,0,0,0,0,0,0,0,0,0,0,0,0,0,0,0,0,0,0,0,0
R209336099,0,0,0,0,0,0,0,0,0,0,0,0,0,0,0,0,0,0,0,0,0
R209338112,0,0,0,0,0,0,0,0,0,0,0,0,0,0,0,0,0,0,0,0,0
R209338990,0,0,0,0,0,0,0,0,0,0,0,0,0,0,0,0,0,0,0,0,0
R209342386,0,0,0,0,0,0,0,0,0,0,0,0,0,0,0,0,0,0,0,0,0
R209345111,0,0,0,0,0,0,0,0,0,0,0,0,0,0,0,0,0,0,0,0,0
R209354025,0,0,0,0,0,0,0,0,0,1,0,1,0,0,0,1,0,0,0,0,0
R209384475,0,0,0,0,0,0,0,0,0,0,0,1,0,0,0,0,0,0,0,0,0
R209394014,0,0,0,0,0,0,0,0,0,0,0,0,0,0,0,0,0,0,0,0,0
R209402845,0,0,0,0,0,0,0,0,0,0,0,0,0,0,0,0,0,0,0,0,0
R209410198,0,0,0,0,0,0,0,0,0,0,0,0,0,0,0,0,0,0,0,0,0
R209427782,0,0,0,0,0,0,0,0,0,0,0,0,0,0,1,0,1,0,1,1,0
R209440611,0,0,0,0,0,0,0,0,0,0,0,0,0,0,0,0,0,0,0,0,0
R209453253,0,0,0,0,0,0,0,0,0,0,0,1,0,0,0,0,0,0,0,0,0
R209458722,0,0,0,0,0,0,0,0,0,0,0,0,0,0,0,0,0,0,0,0,0
R209461726,0,0,0,0,0,0,0,0,0,0,0,1,0,0,0,0,0,0,0,0,0
R209467180,0,0,0,0,0,0,0,0,0,0,0,0,0,0,0,0,0,0,0,0,0
R209505053,0,0,0,0,0,0,1,1,0,0,0,1,0,0,0,0,0,0,0,0,0
R209520847,0,0,0,0,0,0,0,0,0,0,0,0,0,0,0,0,0,0,0,0,0
R209527851,0,0,0,0,0,0,0,0,0,0,0,0,0,0,0,0,0,0,0,0,0
R209534230,0,0,0,0,0,0,0,0,0,0,0,1,0,0,0,0,0,0,0,0,0
R209559618,0,0,0,0,0,0,0,0,0,0,0,0,0,0,0,0,0,0,0,0,0
R209570216,0,0,0,0,0,0,1,1,0,0,0,0,0,0,1,0,0,0,0,0,0
R209598564,0,0,0,0,0,0,0,0,0,0,0,0,0,0,0,0,0,0,0,0,0
R209639792,0,0,0,0,0,0,0,0,0,0,0,0,0,0,0,0,0,0,0,0,0
R209692840,0,0,0,0,0,0,1,1,0,0,0,0,0,0,0,0,0,0,0,0,0
R209718999,0,0,0,0,0,0,0,0,0,0,0,0,0,0,0,0,0,0,0,0,0
R209723737,0,0,0,0,0,0,0,0,0,0,0,0,0,0,0,0,0,0,0,0,0
R209726471,0,0,0,0,0,0,0,0,0,0,0,0,0,0,0,0,0,0,0,0,0
R209737310,0,0,0,0,0,0,0,0,0,0,0,0,0,0,0,0,0,0,0,0,0
R209755008,0,0,0,0,0,0,0,0,0,0,0,0,0,0,0,0,0,0,0,1,0
R209763771,0,0,0,0,0,0,0,0,0,0,0,0,0,0,0,1,0,0,0,0,0
R209786464,0,0,0,0,0,0,0,0,0,0,0,0,0,0,1,0,0,0,1,0,0
R209801192,0,0,0,0,0,0,0,0,0,0,0,0,0,0,0,0,0,0,0,1,0
R209808335,0,0,0,0,0,0,0,0,0,0,0,0,0,0,0,0,0,0,0,0,0
R209834426,0,0,0,0,0,0,0,0,0,0,0,0,0,0,0,0,0,0,0,0,0
R209837629,0,0,0,0,0,0,1,1,0,0,0,0,0,0,0,0,0,0,0,0,0
R209839340,0,0,0,0,0,0,0,0,0,0,0,0,0,0,0,0,0,0,0,0,0
R209841968,0,0,0,0,0,0,0,0,0,0,0,0,0,0,0,0,0,0,0,0,0
R209847049,0,0,0,0,0,0,0,0,0,0,0,0,0,0,0,0,0,0,0,0,0
R209857287,0,0,0,0,0,0,0,0,0,0,0,0,0,0,0,0,0,0,0,0,0
R209863043,0,0,0,0,0,0,0,0,0,0,0,0,0,0,0,0,0,0,0,0,0
R209888232,0,0,0,0,0,0,0,0,0,0,0,0,0,0,1,0,0,0,0,0,0
R209895557,0,0,0,0,0,0,0,0,0,0,0,0,0,0,0,0,0,0,0,0,0
R209916194,0,0,0,0,0,0,1,1,0,0,0,1,0,0,0,0,0,0,0,0,0
R209917396,0,0,0,0,0,0,0,0,0,0,0,0,0,0,0,0,0,0,0,0,0
R209951588,0,0,0,0,0,0,0,0,0,0,0,0,0,0,0,0,0,0,0,0,0
R209971273,0,0,0,0,0,0,0,0,0,0,0,0,0,0,0,0,0,0,0,0,0
R209973480,0,0,0,0,0,0,0,0,0,0,0,0,0,0,0,0,0,0,0,0,0
R209986909,0,0,0,0,0,0,1,1,0,0,0,0,0,0,1,0,0,0,1,0,0
R209988230,0,0,0,0,0,0,0,0,0,0,0,0,0,0,0,0,0,0,0,0,0
R210021696,0,0,0,0,0,0,0,0,0,0,0,0,0,0,0,0,0,0,0,0,0
R210056284,0,0,0,0,0,0,0,0,0,0,0,0,0,0,0,0,0,0,0,0,0
R210069308,0,0,0,0,0,0,0,0,0,0,0,0,0,0,0,0,0,0,0,0,0
R210090039,0,0,0,0,0,0,0,0,0,0,0,0,0,0,1,0,0,0,1,0,0
R210091169,0,0,0,0,0,0,0,0,0,0,0,0,0,0,0,0,0,0,0,0,0
R210096866,0,0,0,0,0,0,0,0,0,0,0,0,0,0,0,0,0,0,0,0,0
R210128935,0,0,0,0,0,0,0,0,0,0,0,0,0,0,0,0,0,0,0,0,0
R210130866,0,0,0,0,0,0,0,0,0,0,0,0,0,0,0,0,0,0,0,0,0
R210171612,0,0,0,0,0,0,0,0,0,0,0,0,0,0,1,0,0,0,0,0,0
R210194070,0,0,0,0,0,0,0,0,0,0,0,1,0,0,0,0,0,0,0,0,0
R210213584,0,0,0,0,0,0,0,0,0,0,0,0,0,0,0,0,0,0,0,0,0
R210223536,0,0,0,0,0,0,0,1,0,0,0,1,0,0,0,0,0,0,0,0,0
R210252909,0,0,0,0,0,0,0,0,0,0,0,1,0,0,0,0,0,0,0,1,0
R210259362,0,0,0,0,0,0,0,0,0,0,0,0,0,0,0,0,0,0,0,0,0
R210280921,0,0,0,0,0,0,0,0,0,0,0,1,0,0,0,0,0,0,0,0,0
R210300855,0,0,0,0,0,0,1,1,0,0,0,0,0,0,0,0,0,0,0,0,0
R210307358,0,0,0,0,0,0,0,0,0,0,0,0,0,0,0,0,0,0,0,0,0
R210315516,0,0,0,0,0,0,0,0,0,0,0,0,0,0,0,0,0,0,0,0,0
R210340581,0,0,0,0,0,0,1,1,0,1,0,0,0,0,1,1,0,0,1,0,0
R210351617,0,0,0,0,0,0,0,0,0,0,0,0,0,0,0,0,0,0,0,0,0
R210357461,0,0,0,0,0,0,0,0,0,0,0,0,0,0,0,0,0,0,0,0,0
R210386576,0,0,0,0,0,0,0,0,0,0,0,0,0,0,0,0,0,0,0,0,0
R210392251,0,0,0,0,0,0,0,0,0,0,0,0,0,0,0,0,0,0,0,0,0
R210417877,0,0,0,0,0,0,0,0,0,0,0,0,0,0,0,0,0,0,0,1,0
R210423862,0,0,0,0,0,0,0,0,0,0,0,0,0,0,0,0,0,0,0,0,0
R210458256,0,0,0,0,0,0,0,0,0,0,0,0,0,0,0,0,0,0,0,0,0
R210474269,0,0,0,0,0,0,0,0,0,0,0,0,0,0,1,0,0,0,0,0,0
R210513053,0,0,0,0,0,0,0,0,0,0,0,0,0,0,0,1,0,0,0,0,0
R210525189,0,0,0,0,0,0,0,0,0,0,0,1,0,0,1,0,0,0,0,0,0
R210532952,0,0,0,0,0,0,1,1,0,0,0,0,0,0,1,0,0,0,1,0,0
R210554657,0,0,0,0,0,0,0,0,0,0,0,1,0,0,0,0,0,0,0,0,0
R210563624,0,0,0,0,0,0,0,0,0,0,0,0,0,0,0,0,0,0,0,0,0
R210581660,0,0,0,0,0,0,0,0,0,0,0,0,0,0,0,0,0,0,0,1,0
R210584282,0,0,0,0,0,0,0,0,0,0,0,0,0,0,0,0,0,0,0,0,0
R210620979,0,0,0,0,0,0,1,1,0,0,0,0,0,0,1,0,0,0,0,0,0
R210706668,0,0,0,0,0,0,0,0,0,0,0,0,0,0,0,0,0,0,0,0,0
R210722614,0,0,0,0,0,0,0,1,0,0,0,1,0,0,0,1,0,0,0,0,0
R210731466,0,0,0,0,0,0,0,0,0,0,0,0,0,0,1,0,0,0,0,1,0
R210731495,0,0,0,0,0,0,0,0,0,0,0,1,0,0,0,0,0,0,0,1,0
R210798483,0,0,0,0,0,0,0,0,0,0,0,1,0,0,0,0,0,0,0,0,0
R210808718,0,0,0,0,0,0,0,0,0,0,0,0,0,0,0,0,0,0,0,0,0
R210822127,0,0,0,0,0,0,0,0,0,0,0,0,0,0,0,0,0,0,0,0,0
R210832809,0,0,0,0,0,0,0,0,0,0,0,0,0,0,0,0,0,0,0,0,0
R210851758,0,0,0,0,0,0,0,0,0,0,0,0,0,0,1,0,0,0,1,1,0
R210864227,0,0,0,0,0,0,0,0,0,0,0,0,0,0,0,0,0,0,0,0,0
R210868237,0,0,0,0,0,0,0,1,0,0,0,1,0,1,0,0,0,0,0,0,0
R210893541,0,0,0,0,0,0,1,1,0,0,0,1,0,0,1,1,0,0,0,0,0
R210904056,0,0,0,0,0,0,0,0,0,0,0,0,0,0,0,0,0,0,0,0,0
R210919719,0,0,0,0,0,0,0,0,0,0,0,0,0,0,0,0,0,0,0,0,0
R210956934,0,0,0,0,0,0,0,0,0,0,0,1,0,0,1,0,0,0,1,0,0
R210959429,0,0,0,0,0,0,0,1,0,0,0,1,0,1,0,0,0,0,0,0,0
R211020707,0,0,0,0,0,0,0,0,0,0,0,0,0,0,0,0,0,0,0,0,0
R211039312,0,0,0,0,0,0,0,0,0,0,0,0,0,0,0,0,0,0,0,0,0
R211088329,0,0,0,0,0,0,0,0,0,0,0,1,0,0,0,0,0,0,0,0,0
R211091492,0,0,0,0,0,0,0,0,0,0,0,0,0,0,0,0,0,0,0,0,0
R211100526,0,0,0,0,0,0,1,1,0,0,0,0,0,0,1,0,0,0,0,0,0
R211106706,0,0,0,0,0,0,0,0,0,0,0,0,0,0,0,1,0,0,0,0,0
R211117604,0,0,0,0,0,0,0,0,0,0,0,0,0,0,0,0,0,0,0,0,0
R211119236,0,0,0,0,0,0,0,0,0,0,0,0,0,0,0,0,0,0,0,0,0
R211130017,0,0,0,0,0,0,0,0,0,0,0,0,0,0,0,0,0,0,0,0,0
R211131902,0,0,0,0,0,0,0,0,0,0,0,0,0,0,0,0,0,0,0,1,0
R211137514,0,0,0,0,0,0,0,0,0,0,0,0,0,0,0,0,0,0,0,0,0
R211160386,0,0,0,0,0,0,0,0,0,0,0,0,0,0,0,0,0,0,0,0,0
R211166938,0,0,0,0,0,0,0,0,0,0,0,1,0,0,1,0,0,0,1,0,0
R211167713,0,0,0,0,0,0,0,0,0,0,0,0,0,0,0,0,0,0,0,0,0
R211194475,0,0,0,0,0,0,1,1,0,0,0,0,0,0,0,0,0,0,0,0,0
R211200297,0,0,0,0,0,0,1,1,0,0,0,1,0,0,1,0,0,1,1,0,0
R211206127,0,0,0,0,0,0,0,0,0,0,0,1,0,0,0,0,0,0,0,1,0
R211223167,0,0,0,0,0,0,0,0,0,0,0,0,0,0,0,0,0,0,0,0,0
R211244996,0,0,0,0,0,0,0,0,0,1,0,0,0,0,1,1,0,0,0,1,0
R211245542,0,0,0,0,0,0,0,0,0,0,0,0,0,0,0,0,0,0,0,0,0
R211267407,0,0,0,0,0,0,0,1,0,0,0,1,0,0,0,0,0,0,0,0,0
R211278224,0,0,0,0,0,0,0,0,0,0,0,0,0,0,1,0,0,0,0,0,0
R211289975,0,0,0,0,0,0,1,1,0,0,0,1,0,0,1,0,0,0,1,0,0
R211293466,0,0,0,0,0,0,1,1,0,0,0,0,0,0,0,1,0,0,0,0,0
R211338529,0,0,0,0,0,0,0,0,0,0,0,0,0,0,0,0,0,0,0,0,0
R211400804,0,0,0,0,0,0,0,0,0,0,0,0,0,0,0,0,0,0,0,0,0
R211412842,0,0,0,0,0,0,0,0,0,0,0,0,0,0,0,0,0,0,0,0,0
R211439526,0,0,0,0,0,0,0,0,0,0,0,1,0,0,1,0,0,0,1,0,0
R211497801,0,0,0,0,0,0,0,0,0,0,0,0,0,0,0,0,0,0,0,0,0
R211508715,0,0,0,0,0,0,0,0,0,0,0,0,0,0,0,0,0,0,0,0,0
R211522611,0,0,0,0,0,0,0,0,0,0,0,0,0,0,0,0,0,0,0,0,0
R211524285,0,0,0,0,0,0,0,0,0,0,0,0,0,0,0,0,0,0,0,0,0
R211545963,0,0,0,0,0,0,0,0,0,0,0,0,0,0,0,0,0,0,0,0,0
R211554800,0,0,0,0,0,0,0,0,0,0,0,1,0,0,0,0,0,0,0,0,0
R211559960,0,0,0,0,0,0,0,0,0,0,0,0,0,0,0,0,0,0,0,0,0
R211575492,0,0,0,0,0,0,0,0,0,0,0,0,0,0,0,0,0,0,0,0,0
R211577298,0,0,0,0,0,0,0,0,0,0,0,1,0,0,0,0,0,0,0,0,0
R211600746,0,0,0,0,0,0,0,0,0,0,0,0,0,0,0,0,0,0,0,0,0
R211619676,0,0,0,0,0,0,0,0,0,0,0,0,0,0,0,0,0,0,0,0,0
R211634505,0,0,0,0,0,0,0,1,0,0,0,1,0,0,1,1,0,0,0,0,0
R211673659,0,0,0,0,0,0,1,1,0,0,0,1,0,0,1,1,0,0,1,0,0
R211689117,0,0,0,0,0,0,0,0,0,0,0,0,0,0,0,0,0,0,0,0,0
R211692799,0,0,0,0,0,0,0,0,0,0,0,0,0,0,0,0,0,0,0,0,0
R211725966,0,0,0,0,0,0,0,0,0,0,0,0,0,0,0,0,0,0,0,0,0
R211740665,0,0,0,0,0,0,0,0,0,0,0,0,0,0,0,0,0,0,0,0,0
R211785503,0,0,0,0,0,0,1,1,0,0,0,1,0,0,1,0,0,0,0,0,0
R211798244,0,0,0,0,0,0,0,0,0,0,0,0,0,0,0,0,0,0,0,0,0
R211810715,0,0,0,0,0,0,0,0,0,0,0,0,0,0,0,0,0,0,0,0,0
R211814565,0,0,0,0,0,0,0,0,0,0,0,1,0,0,0,0,0,0,0,0,0
R211842171,0,0,0,0,0,0,1,1,0,0,0,1,0,0,1,0,1,0,1,1,0
R211855687,0,0,0,0,0,0,0,0,0,0,0,0,0,0,0,0,0,0,0,0,0
R211908085,0,0,0,0,0,0,0,0,0,0,0,0,0,0,0,1,0,0,0,0,0
R211908194,0,0,0,0,0,0,0,0,0,0,0,0,0,0,0,0,0,0,0,0,0
R211910638,0,0,0,0,0,0,0,0,0,0,0,1,0,0,0,0,0,0,0,0,0
R211996581,0,0,0,0,0,0,0,0,0,0,0,0,0,0,0,0,0,0,0,0,0
R212017168,0,0,0,0,0,0,0,0,0,0,0,0,0,0,0,0,0,0,0,0,0
R212030341,0,0,0,0,0,0,0,0,0,0,0,0,0,0,1,0,0,0,0,0,0
R212069284,0,0,0,0,0,0,0,0,0,0,0,0,0,0,0,0,0,0,0,0,0
R212101587,0,0,0,0,0,0,0,0,0,0,0,0,0,0,0,0,0,0,0,0,0
R212103935,0,0,0,0,0,0,0,0,0,0,0,0,0,0,0,0,0,0,0,0,0
R212139578,0,0,0,0,0,0,0,0,0,0,0,1,0,0,0,0,0,0,0,0,0
R212139649,0,0,0,0,0,0,0,0,0,0,0,0,0,0,0,0,0,0,0,0,0
R212173404,0,0,0,0,0,0,0,0,0,0,0,0,0,0,0,0,0,0,0,0,0
R212175328,0,0,0,0,0,0,0,0,0,0,0,0,0,0,0,0,0,0,0,0,0
R212200926,0,0,0,0,0,0,0,0,0,0,0,0,0,0,0,0,0,0,0,0,0
R212213115,0,0,0,0,0,0,0,0,0,0,0,0,0,0,0,0,0,0,0,0,0
R212224038,0,0,0,0,0,0,0,0,0,0,0,0,0,0,0,0,0,0,0,0,0
R212229956,0,0,0,0,0,0,0,0,0,0,0,0,0,0,0,0,0,0,0,1,0
R212234121,0,0,0,0,0,0,1,1,0,0,0,1,0,0,1,0,0,0,0,0,0
R212236765,0,0,0,0,0,0,0,0,0,0,0,0,0,0,0,0,0,0,0,0,0
R212265132,0,0,0,0,0,0,1,1,0,0,0,1,0,0,0,0,0,0,0,0,0
R212273139,0,0,0,0,0,0,0,0,0,0,0,0,0,0,0,0,0,0,0,0,0
R212298103,0,0,0,0,0,0,0,0,0,0,0,0,0,0,0,0,0,0,0,0,0
R212344513,0,0,0,0,0,0,0,0,0,0,0,0,0,0,0,0,0,0,0,0,0
R212354883,0,0,0,0,0,0,0,0,0,0,0,1,0,0,1,0,0,0,1,0,0
R212383623,0,0,0,0,0,0,0,0,0,0,0,0,0,0,0,0,0,0,0,0,0
R212393238,0,0,0,0,0,0,0,0,0,0,0,1,0,0,1,0,0,0,0,0,0
R212402122,0,0,0,0,0,0,0,0,0,0,0,0,0,0,0,0,0,0,0,0,0
R212416400,0,0,0,0,0,0,0,0,0,0,0,0,0,0,0,0,0,0,0,0,0
R212416512,0,0,0,0,0,0,0,0,0,0,0,0,0,0,0,0,0,0,0,0,0
R212419281,0,0,0,0,0,0,1,1,0,1,0,1,0,0,0,1,1,0,0,1,0
R212442709,0,0,0,0,0,0,1,1,0,1,0,1,0,0,1,1,0,0,0,0,0
R212446064,0,0,0,0,0,0,0,0,0,0,0,0,0,0,0,0,0,0,0,0,0
R212506054,0,0,0,0,0,0,0,0,0,0,0,0,0,0,0,0,0,0,0,0,0
R212512256,0,0,0,0,0,0,0,0,0,0,0,0,0,0,0,0,0,0,0,0,0
R212573837,0,0,0,0,0,0,0,0,0,0,0,1,0,0,0,0,0,0,0,0,0
R212577653,0,0,0,0,0,0,0,0,0,0,0,0,0,0,1,0,0,0,1,0,0
R212589225,0,0,0,0,0,0,1,1,0,0,0,0,0,0,0,0,0,0,0,0,0
R212600868,0,0,0,0,0,0,0,0,0,0,0,0,0,0,0,0,0,0,0,0,0
R212613455,0,0,0,0,0,0,1,1,0,0,0,0,0,0,0,1,0,1,0,0,0
R212640459,0,0,0,0,0,0,0,1,0,0,0,1,0,0,0,0,0,0,0,0,0
R212657894,0,0,0,0,0,0,0,0,0,0,0,0,0,0,0,0,0,0,0,0,0
R212658095,0,0,0,0,0,0,0,0,0,0,0,0,0,0,1,0,0,0,0,0,0
R212673186,0,0,0,0,0,0,0,0,0,0,0,0,0,0,0,0,0,0,0,0,0
R212676928,0,0,0,0,0,0,0,0,0,0,0,0,0,0,0,0,0,0,0,0,0
R212680442,0,0,0,0,0,0,0,0,0,0,0,1,0,0,0,1,0,0,0,0,0
R212682063,0,0,0,0,0,0,0,1,0,0,0,1,0,0,0,0,0,1,0,0,0
R212687134,0,0,0,0,0,0,0,0,0,0,0,0,0,0,0,0,0,0,0,0,0
R212708558,0,0,0,0,0,0,0,0,0,0,0,0,0,0,1,0,0,0,0,0,0
R212709310,0,0,0,0,0,0,0,0,0,0,0,0,0,0,0,0,0,0,0,0,0
R212760062,0,0,0,0,0,0,0,0,0,0,0,0,0,0,0,0,0,0,0,0,0
R212773605,0,0,0,0,0,0,0,0,0,0,0,1,0,0,0,0,0,0,0,0,0
R212783286,0,0,0,0,0,0,0,0,0,0,0,0,0,0,0,0,0,0,0,0,0
R212785284,0,0,0,0,0,0,1,1,0,0,0,0,0,0,0,0,0,0,0,0,0
R212833056,0,0,0,0,0,0,0,0,0,0,0,1,0,0,0,0,0,0,0,0,0
R212861839,0,0,0,0,0,0,0,0,0,0,0,0,0,0,0,0,0,0,0,0,0
R212863439,0,0,0,0,0,0,0,0,0,0,0,0,0,0,1,0,0,0,1,0,0
R212873203,0,0,0,0,0,0,0,0,0,0,0,0,0,0,0,0,0,0,0,0,0
R212915703,0,0,0,0,0,0,0,0,0,0,0,0,0,0,0,0,0,0,0,0,0
R212923978,0,0,0,0,0,0,0,0,0,0,0,0,0,0,0,0,0,0,0,0,0
R212926668,0,0,0,0,0,0,0,0,0,0,0,0,0,0,1,0,0,0,1,0,0
R212948992,0,0,0,0,0,0,0,0,0,0,0,0,0,0,0,0,0,0,0,0,0
R212984098,0,0,0,0,0,0,0,0,0,0,0,0,0,0,1,0,0,0,0,0,0
R213008827,0,0,0,0,0,0,0,0,0,0,0,0,0,0,0,0,0,0,0,0,0
R213032748,0,0,0,0,0,0,0,0,0,0,0,0,0,0,0,0,0,0,0,0,0
R213040621,0,0,0,0,0,0,0,0,0,0,0,0,0,0,0,0,0,0,0,0,0
R213040824,0,0,0,0,0,0,0,0,0,0,0,0,0,0,0,0,0,0,0,0,0
R213048375,0,0,0,0,0,0,0,0,0,0,0,0,0,0,0,0,0,0,0,0,0
R213052772,0,0,0,0,0,0,0,0,0,0,0,0,0,0,0,0,0,0,0,0,0
R213055690,0,0,0,0,0,0,0,0,0,0,0,0,0,0,0,0,0,0,0,0,0
R213076338,0,0,0,0,0,0,1,1,0,0,0,0,0,0,0,0,0,0,0,0,0
R213086702,0,0,0,0,0,0,0,0,0,0,0,0,0,0,0,0,0,0,0,0,0
R213100986,0,0,0,0,0,0,0,0,0,0,0,0,0,0,0,0,0,0,0,0,0
R213103642,0,0,0,0,0,0,0,0,0,0,0,0,0,0,0,0,0,0,0,0,0
R213115838,0,0,0,0,0,0,0,1,0,0,0,0,0,0,0,0,0,0,0,0,0
R213139162,0,0,0,0,0,0,0,0,0,0,0,0,0,0,0,0,0,0,0,0,0
R213148556,0,0,0,0,0,0,0,0,0,0,0,0,0,0,0,0,0,0,0,0,0
R213149614,0,0,0,0,0,0,0,0,0,0,0,0,0,0,0,0,0,0,0,0,0
R213183727,0,0,0,0,0,0,0,0,0,0,0,1,0,0,0,0,0,0,0,0,0
R213196921,0,0,0,0,0,0,0,0,0,0,0,1,0,0,1,1,0,0,0,0,0
R213219165,0,0,0,0,0,0,0,0,0,0,0,0,0,0,0,0,0,0,0,0,0
R213251678,0,0,0,0,0,0,0,0,0,0,0,0,0,0,0,1,0,0,0,0,0
R213256141,0,0,0,0,0,0,0,0,0,0,0,0,0,0,0,0,0,0,0,0,0
R213265262,0,0,0,0,0,0,0,0,0,0,0,0,0,0,0,0,0,0,0,0,0
R213269315,0,0,0,0,0,0,0,0,0,0,0,0,0,0,0,0,0,0,0,0,0
R213293572,0,0,0,0,0,0,1,1,0,0,0,0,0,0,1,0,0,0,0,1,0
R213303516,0,0,0,0,0,0,0,0,0,0,0,0,0,0,0,0,0,0,0,0,0
R213308660,0,0,0,0,0,0,0,0,0,0,0,0,0,0,0,0,0,0,0,0,0
R213315374,0,0,0,0,0,0,0,0,0,0,0,0,0,0,0,0,0,0,0,0,0
R213337024,0,0,0,0,0,0,0,0,0,0,0,0,0,0,0,0,0,0,0,0,0
R213352728,0,0,0,0,0,0,0,0,0,0,0,0,0,0,1,0,0,0,0,0,0
R213376415,0,0,0,0,0,0,0,0,0,0,0,0,0,0,0,0,0,0,0,0,0
R213377878,0,0,0,0,0,0,0,0,0,0,0,0,0,0,0,0,0,0,0,0,0
R213387116,0,0,0,0,0,0,0,0,0,0,0,0,0,0,1,0,0,0,0,0,0
R213394486,0,0,0,0,0,0,0,0,0,0,0,1,0,0,0,1,0,0,0,0,0
R213401636,0,0,0,0,0,0,0,0,0,0,0,0,0,0,0,0,0,0,0,0,0
R213409786,0,0,0,0,0,0,1,1,0,0,0,0,0,0,1,0,0,0,0,0,0
R213424375,0,0,0,0,0,0,0,1,0,0,0,1,0,1,0,0,0,0,0,1,0
R213439016,0,0,0,0,0,0,0,0,0,0,0,0,0,0,0,0,0,0,0,0,0
R213444007,0,0,0,0,0,0,0,0,0,0,0,0,0,0,0,0,0,0,0,0,0
R213450612,0,0,0,0,0,0,1,1,0,0,0,1,0,0,1,0,0,0,0,1,0
R213455338,0,0,0,0,0,0,0,1,0,0,0,0,0,0,0,0,0,0,0,1,0
R213465630,0,0,0,0,0,0,0,0,0,0,0,0,0,0,0,0,0,0,0,0,0
R213466725,0,0,0,0,0,0,0,0,0,0,0,0,0,0,0,0,0,0,0,0,0
R213477284,0,0,0,0,0,0,0,0,0,0,0,0,0,0,0,0,0,0,0,0,0
R213488272,0,0,0,0,0,0,1,1,0,1,0,0,0,0,0,1,0,0,0,0,0
R213530724,0,0,0,0,0,0,1,1,0,0,0,1,0,0,0,0,0,0,0,0,0
R213537073,0,0,0,0,0,0,0,0,0,0,0,0,0,0,0,0,1,0,0,1,0
R213542351,0,0,0,0,0,0,0,0,0,0,0,1,0,0,0,0,0,0,0,0,0
R213565117,0,0,0,0,0,0,0,0,0,0,0,1,0,0,0,0,0,0,0,0,0
R213569284,0,0,0,0,0,0,0,0,0,0,0,1,0,0,0,0,0,0,0,0,0
R213570701,0,0,0,0,0,0,0,0,0,0,0,0,0,0,0,0,0,0,0,0,0
R213579425,0,0,0,0,0,0,0,0,0,0,0,1,0,0,0,0,0,0,0,0,0
R213624042,0,0,0,0,0,0,1,1,0,0,0,0,0,0,1,0,0,0,1,0,0
R213630076,0,0,0,0,0,0,0,0,0,0,0,0,0,0,0,0,0,0,0,0,0
R213648236,0,0,0,0,0,0,0,0,0,0,0,0,0,0,0,0,0,0,0,0,0
R213655393,0,0,0,0,0,0,0,0,0,0,0,0,0,0,0,0,0,0,0,0,0
R213689935,0,0,0,0,0,0,0,0,0,0,0,0,0,0,0,0,0,0,0,0,0
R213695185,0,0,0,0,0,0,0,0,0,0,0,0,0,0,1,0,0,0,0,0,0
R213714773,0,0,0,0,0,0,0,0,0,0,0,0,0,0,0,0,0,0,0,0,0
R213717257,0,0,0,0,0,0,0,0,0,0,0,0,0,0,0,0,0,0,0,0,0
R213727738,0,0,0,0,0,0,0,0,0,0,0,0,0,0,0,0,0,0,0,0,0
R213758646,0,0,0,0,0,0,0,0,0,0,0,0,0,0,0,0,0,0,0,0,0
R213763562,0,0,0,0,0,0,1,1,0,0,0,0,0,0,0,0,0,0,0,0,0
R213765522,0,0,0,0,0,0,0,1,0,0,0,1,0,0,0,1,0,0,0,0,0
R213820040,0,0,0,0,0,0,1,1,0,0,0,0,0,0,0,0,0,0,0,0,0
R213825719,0,0,0,0,0,0,0,0,0,0,0,0,0,0,0,0,0,0,0,0,0
R213831909,0,0,0,0,0,0,1,1,0,0,0,1,0,0,0,0,0,0,0,0,0
R213832894,0,0,0,0,0,0,0,0,0,0,0,0,0,0,0,0,0,0,0,0,0
R213835519,0,0,0,0,0,0,0,0,0,0,0,1,0,0,0,0,0,0,0,0,0
R213841434,0,0,0,0,0,0,0,0,0,0,0,0,0,0,0,0,0,0,0,0,0
R213847088,0,0,0,0,0,0,0,0,0,0,0,0,0,0,0,0,0,0,0,0,0
R213848883,0,0,0,0,0,0,0,0,0,0,0,0,0,0,0,0,0,0,0,0,0
R213866906,0,0,0,0,0,0,0,0,0,0,0,0,0,0,0,0,0,0,0,0,0
R213905470,0,0,0,0,0,0,0,0,0,0,0,0,0,0,0,0,0,0,0,0,0
R213908484,0,0,0,0,0,0,0,0,0,0,0,0,0,0,0,0,0,0,0,0,0
R213920183,0,0,0,0,0,0,0,0,0,0,0,1,0,0,0,0,0,0,0,0,0
R213925768,0,0,0,0,0,0,0,0,0,0,0,0,0,0,0,0,0,0,0,0,0
R213955954,0,0,0,0,0,0,0,0,0,0,0,0,0,0,0,0,0,0,0,0,0
R213960933,0,0,0,0,0,0,0,0,0,0,0,0,0,0,0,0,0,0,0,0,0
R213972261,0,0,0,0,0,0,0,0,0,0,0,1,0,0,0,1,0,0,0,0,0
R213982539,0,0,0,0,0,0,0,0,0,0,0,1,0,0,0,0,0,0,0,0,0
R213998743,0,0,0,0,0,0,0,0,0,0,0,0,0,0,0,0,1,0,0,1,0
R214002403,0,0,0,0,0,0,1,1,0,0,0,1,0,0,0,0,0,0,0,0,0
R214022680,0,0,0,0,0,0,0,0,0,0,0,0,0,0,0,0,0,0,0,0,0
R214022801,0,0,0,0,0,0,0,0,0,0,0,0,0,0,0,0,0,0,0,0,0
R214086746,0,0,0,0,0,0,0,1,0,0,0,0,0,0,0,1,0,0,0,0,0
R214097567,0,0,0,0,0,0,0,0,0,0,0,0,0,0,0,0,0,0,0,0,0
R214100826,0,0,0,0,0,0,0,0,0,0,0,0,0,0,0,0,0,0,0,0,0
R214169069,0,0,0,0,0,0,0,0,0,0,0,1,0,0,0,0,0,0,0,0,0
R214171261,0,0,0,0,0,0,0,0,0,0,0,0,0,0,0,0,0,0,0,0,0
R214178779,0,0,0,0,0,0,0,0,0,0,0,0,0,0,0,0,0,0,0,0,0
R214191435,0,0,0,0,0,0,0,0,0,0,0,0,0,0,0,0,0,0,0,0,0
R214208042,0,0,0,0,0,0,0,0,0,0,0,0,0,0,0,0,0,0,0,0,0
R214235518,0,0,0,0,0,0,0,0,0,0,0,0,0,0,0,0,0,0,0,0,0
R214253276,0,0,0,0,0,0,0,0,0,0,0,0,0,0,0,0,0,0,0,0,0
R214277852,0,0,0,0,0,0,1,1,0,0,0,1,0,0,0,1,0,0,0,0,0
R214294287,0,0,0,0,0,0,0,0,0,0,0,0,0,0,0,0,0,0,0,0,0
R214304155,0,0,0,0,0,0,0,0,0,0,0,0,0,0,0,0,0,0,0,0,0
R214310987,0,0,0,0,0,0,0,0,0,0,0,0,1,0,0,1,0,0,0,0,0
R214314977,0,0,0,0,0,0,0,0,0,0,0,0,0,0,0,0,0,0,0,0,0
R214339592,0,0,0,0,0,0,0,0,0,0,0,0,0,0,0,0,0,0,0,0,0
R214340806,0,0,0,0,0,0,0,0,0,0,0,0,0,0,0,0,0,0,0,1,0
R214353858,0,0,0,0,0,0,0,0,0,0,0,0,0,0,0,0,0,0,0,0,0
R214374764,0,0,0,0,0,0,0,0,0,0,0,0,0,0,0,0,0,0,0,0,0
R214380188,0,0,0,0,0,0,0,0,0,0,0,1,0,0,0,0,0,0,0,0,0
R214391886,0,0,0,0,0,0,0,1,0,0,0,1,0,1,0,0,0,0,0,0,0
R214402939,0,0,0,0,0,0,0,0,0,0,0,0,0,0,0,0,0,0,0,0,0
R214404785,0,0,0,0,0,0,0,0,0,0,0,0,0,0,0,0,1,0,0,1,0
R214412940,0,0,0,0,0,0,0,0,0,0,0,0,0,0,0,0,0,0,0,0,0
R214414432,0,0,0,0,0,0,0,0,0,0,0,0,0,0,0,0,0,0,0,0,0
R214417920,0,0,0,0,0,0,0,0,0,0,0,0,0,0,0,0,0,0,0,0,0
R214428456,0,0,0,0,0,0,1,1,0,0,0,0,0,0,1,0,0,0,1,0,0
R214457803,0,0,0,0,0,0,0,0,0,0,0,0,0,0,0,0,0,0,0,0,0
R214464337,0,0,0,0,0,0,0,0,0,0,0,0,0,0,0,0,0,0,0,0,0
R214481644,0,0,0,0,0,0,0,0,0,0,0,0,0,0,1,0,0,0,0,0,0
R214482987,0,0,0,0,0,0,0,0,0,0,0,0,0,0,1,0,0,0,1,0,0
R214488225,0,0,0,0,0,0,0,0,0,0,0,0,0,0,0,0,0,0,0,0,0
R214492440,0,0,0,0,0,0,0,0,0,0,0,0,0,0,0,0,1,0,0,1,0
R214501796,0,0,0,0,0,0,0,0,0,0,0,0,0,0,0,0,0,0,0,0,0
R214505722,0,0,0,0,0,0,1,1,0,1,0,1,0,1,1,1,0,0,0,0,0
R214527567,0,0,0,0,0,0,0,0,0,0,0,0,0,0,0,0,0,0,0,0,0
R214552536,0,0,0,0,0,0,0,0,0,0,0,0,0,0,0,0,0,0,0,0,0
R214553885,0,0,0,0,0,0,0,0,0,0,0,0,0,0,0,0,0,0,0,0,0
R214567935,0,0,0,0,0,0,0,0,0,0,0,0,0,0,0,0,0,0,0,0,0
R214576447,0,0,0,0,0,0,0,0,0,0,0,0,0,0,0,0,0,0,0,0,0
R214592283,0,0,0,0,0,0,0,0,0,0,0,0,0,0,0,0,0,0,0,0,0
R214594324,0,0,0,0,0,0,0,0,0,0,0,0,0,0,0,0,0,0,0,0,0
R214609684,0,0,0,0,0,0,0,0,0,0,0,0,0,0,0,0,0,0,0,0,0
R214616203,0,0,0,0,0,0,0,0,0,0,0,0,0,0,1,0,0,0,1,0,0
R214624367,0,0,0,0,0,0,0,0,0,0,0,0,0,0,0,0,0,0,0,0,0
R214629472,0,0,0,0,0,0,0,0,0,0,0,1,0,0,0,0,0,0,0,0,0
R214637377,0,0,0,0,0,0,0,0,0,0,0,0,0,0,0,0,0,0,0,0,0
R214655239,0,0,0,0,0,0,0,0,0,0,0,0,0,0,0,0,0,0,0,0,0
R214656275,0,0,0,0,0,0,0,0,0,0,0,0,0,0,0,0,0,0,0,1,0
R214683916,0,0,0,0,0,0,0,0,0,0,0,0,0,0,0,0,0,0,0,0,0
R214717598,0,0,0,0,0,0,0,0,0,0,0,1,0,0,0,1,0,0,0,0,0
R214782499,0,0,0,0,0,0,0,0,0,0,0,0,0,0,0,0,0,0,0,0,0
R214814043,0,0,0,0,0,0,0,0,0,0,0,0,0,0,0,0,0,0,0,0,0
R214815227,0,0,0,0,0,0,0,0,0,0,0,0,0,0,1,1,0,0,0,0,0
R214831811,0,0,0,0,0,0,0,0,0,0,0,0,0,0,0,0,0,0,0,0,0
R214835283,0,0,0,0,0,0,1,1,0,0,0,0,0,0,0,0,0,0,0,0,0
R214863652,0,0,0,0,0,0,0,1,0,0,0,1,0,0,0,0,0,0,0,0,0
R214865435,0,0,0,0,0,0,0,0,0,0,0,0,0,0,0,0,0,0,0,0,0
R214925366,0,0,0,0,0,0,0,1,0,0,0,0,0,1,0,0,0,0,0,1,0
R214959526,0,0,0,0,0,0,0,1,0,0,0,1,0,1,0,0,0,0,0,0,0
R214996511,0,0,0,0,0,0,0,1,0,0,0,0,0,0,0,1,1,0,0,1,0
R215002125,0,0,0,0,0,0,0,0,0,0,0,0,0,0,0,0,0,0,0,0,0
R215008382,0,0,0,0,0,0,0,0,0,0,0,0,0,0,0,0,0,0,0,0,0
R215040435,0,0,0,0,0,0,0,0,0,0,0,0,0,0,0,0,0,0,0,0,0
R215043934,0,0,0,0,0,0,0,0,0,0,0,0,0,0,0,1,0,0,0,0,0
R215053356,0,0,0,0,0,0,0,0,0,0,0,0,0,0,0,0,0,0,0,0,0
R215061258,0,0,0,0,0,0,0,0,0,0,0,0,0,0,0,0,0,0,0,0,0
R215073486,0,0,0,0,0,0,0,0,0,0,0,0,0,0,0,0,0,0,0,0,0
R215074568,0,0,0,0,0,0,0,0,0,0,0,0,0,0,1,0,0,0,0,1,0
R215076772,0,0,0,0,0,0,0,0,0,0,0,0,0,0,0,0,1,0,0,1,0
R215078526,0,0,0,0,0,0,0,0,0,0,0,0,0,0,0,0,0,0,0,0,0
R215090513,0,0,0,0,0,0,0,0,0,0,0,0,0,0,0,0,1,0,0,1,0
R215154119,0,0,0,0,0,0,0,0,0,0,0,0,0,0,0,0,0,0,0,1,0
R215175617,0,0,0,0,0,0,1,1,0,0,0,1,0,0,1,0,1,0,1,1,0
R215184682,0,0,0,0,0,0,0,1,0,0,0,0,0,0,0,0,0,0,0,1,0
R215186954,0,0,0,0,0,0,0,0,0,0,0,0,0,0,0,0,0,0,0,0,0
R215194192,0,0,0,0,0,0,0,0,0,0,0,0,0,0,0,0,0,0,0,0,0
R215200364,0,0,0,0,0,0,0,0,0,0,0,0,0,0,0,0,0,0,0,0,0
R215202571,0,0,0,0,0,0,0,0,0,0,0,0,0,0,0,0,0,0,0,0,0
R215207407,0,0,0,0,0,0,0,0,0,0,0,0,0,0,0,0,0,0,0,0,0
R215212278,0,0,0,0,0,0,1,1,0,0,0,0,0,1,0,0,0,0,0,0,0
R215245885,0,0,0,0,0,0,0,0,0,0,0,0,0,0,1,0,0,0,0,0,0
R215268204,0,0,0,0,0,0,0,0,0,0,0,0,0,0,0,0,0,0,0,0,0
R215273520,0,0,0,0,0,0,0,0,0,0,0,0,0,0,0,0,0,0,0,0,0
R215309460,0,0,0,0,0,0,0,0,0,0,0,0,0,0,0,0,0,0,0,0,0
R215312227,0,0,0,0,0,0,0,0,0,0,0,0,0,0,0,0,0,0,0,1,0
R215317572,0,0,0,0,0,0,0,0,0,0,0,0,0,0,0,0,0,0,0,0,0
R215372495,0,0,0,0,0,0,0,0,0,0,0,1,0,0,0,0,0,0,0,0,0
R215395436,0,0,0,0,0,0,0,0,0,0,0,0,0,0,0,0,0,0,0,0,0
R215404345,0,0,0,0,0,0,0,0,0,0,0,0,0,0,0,0,0,0,0,0,0
R215429752,0,0,0,0,0,0,0,0,0,0,0,0,0,0,0,0,0,0,0,0,0
R215438427,0,0,0,0,0,0,0,0,0,0,0,1,0,0,0,1,0,0,0,0,0
R215491281,0,0,0,0,0,0,0,0,0,0,0,0,0,0,0,0,0,0,0,0,0
R215504309,0,0,0,0,0,0,0,0,0,0,0,0,0,0,0,0,0,0,0,0,0
R215512745,0,0,0,0,0,0,0,0,0,0,0,0,0,0,0,0,0,0,0,0,0
R215521910,0,0,0,0,0,0,0,0,0,0,0,0,0,0,0,0,0,0,0,0,0
R215527831,0,0,0,0,0,0,0,0,0,0,0,0,0,0,0,0,0,0,0,0,0
R215543537,0,0,0,0,0,0,0,0,0,0,0,0,0,0,0,0,0,0,0,0,0
R215545304,0,0,0,0,0,0,0,0,0,0,0,0,0,0,0,0,0,0,0,0,0
R215547545,0,0,0,0,0,0,0,0,0,0,0,0,0,0,0,0,0,0,0,0,0
R215591864,0,0,0,0,0,0,0,0,0,0,0,0,0,0,0,1,0,0,0,0,0
R215594643,0,0,0,0,0,0,0,0,0,0,0,0,0,0,0,0,0,0,0,0,0
R215633277,0,0,0,0,0,0,1,1,0,0,0,0,0,0,1,0,0,0,1,0,0
R215642664,0,0,0,0,0,0,0,0,0,0,0,0,0,0,0,0,0,0,0,0,0
R215646916,0,0,0,0,0,0,0,0,0,0,0,0,0,0,0,0,0,0,0,0,0
R215658780,0,0,0,0,0,0,0,0,0,0,0,0,0,0,0,0,0,0,0,0,0
R215659489,0,0,0,0,0,0,0,0,0,0,0,0,0,0,0,0,0,0,0,0,0
R215660727,0,0,0,0,0,0,0,0,0,0,0,0,0,0,0,0,0,0,0,0,0
R215666009,0,0,0,0,0,0,0,0,0,0,0,0,0,0,0,0,0,0,0,0,0
R215666671,0,0,0,0,0,0,0,0,0,0,0,0,0,0,0,0,0,0,0,0,0
R215676018,0,0,0,0,0,0,0,0,0,0,0,1,0,0,0,0,0,0,0,0,0
R215693155,0,0,0,0,0,0,0,0,0,0,0,0,0,0,1,0,0,0,1,0,0
R215696138,0,0,0,0,0,0,0,0,0,0,0,0,0,0,0,0,0,0,0,0,0
R215710062,0,0,0,0,0,0,0,0,0,0,0,0,0,0,0,0,0,0,0,0,0
R215715457,0,0,0,0,0,0,0,0,0,0,0,0,0,0,0,0,0,0,0,0,0
R215715642,0,0,0,0,0,0,0,1,0,0,0,1,0,0,0,1,0,0,0,0,0
R215721698,0,0,0,0,0,0,0,0,0,0,0,0,0,0,0,0,0,0,0,0,0
R215733811,0,0,0,0,0,0,0,0,0,0,0,0,0,0,0,0,0,0,0,0,0
R215774080,0,0,0,0,0,0,0,0,0,0,0,1,0,0,0,0,0,1,0,0,0
R215822429,0,0,0,0,0,0,0,0,0,0,0,0,0,0,0,0,0,0,0,0,0
R215837871,0,0,0,0,0,0,0,1,0,0,0,0,0,0,0,0,0,0,0,0,0
R215862734,0,0,0,0,0,0,0,0,0,0,0,1,0,0,0,0,0,0,0,0,0
R215892112,0,0,0,0,0,0,0,0,0,0,0,0,0,0,0,0,0,0,0,0,0
R215928153,0,0,0,0,0,0,1,1,0,0,0,1,0,0,0,0,0,0,0,0,0
R215940944,0,0,0,0,0,0,0,0,0,0,0,0,0,0,0,0,0,0,0,0,0
R215950972,0,0,0,0,0,0,1,1,0,0,0,0,0,0,0,0,1,0,0,1,0
R215960161,0,0,0,0,0,0,0,0,0,0,0,0,0,0,0,0,0,0,0,0,0
R215978597,0,0,0,0,0,0,0,0,0,0,0,0,0,0,0,0,0,0,0,0,0
R215990038,0,0,0,0,0,0,0,0,0,0,0,0,0,0,0,0,1,0,0,1,0
R216055300,0,0,0,0,0,0,0,0,0,0,0,0,0,0,0,0,0,0,0,0,0
R216061850,0,0,0,0,0,0,0,0,0,0,0,0,0,0,0,0,0,0,0,0,0
R216095582,0,0,0,0,0,0,0,0,0,0,0,0,0,0,1,0,0,0,0,0,0
R216098596,0,0,0,0,0,0,0,1,0,0,0,1,0,0,0,0,1,0,0,1,0
R216103773,0,0,0,0,0,0,0,0,0,0,0,0,0,0,1,0,0,0,1,0,0
R216143859,0,0,0,0,0,0,0,0,0,0,0,0,0,0,0,0,0,0,0,0,0
R216160732,0,0,0,0,0,0,0,0,0,0,0,0,0,0,0,0,0,0,0,0,0
R216164992,0,0,0,0,0,0,0,0,0,0,0,0,0,0,0,0,0,0,0,0,0
R216243286,0,0,0,0,0,0,1,1,0,1,0,1,0,1,0,1,0,0,0,1,0
R216243373,0,0,0,0,0,0,1,1,0,0,0,0,0,0,1,0,0,0,1,0,0
R216254041,0,0,0,0,0,0,1,1,0,0,0,0,0,0,0,0,0,0,0,0,0
R216255500,0,0,0,0,0,0,0,0,0,0,0,1,0,0,0,0,0,0,0,0,0
R216293768,0,0,0,0,0,0,0,0,0,0,0,0,0,0,0,0,0,0,0,0,0
R216312652,0,0,0,0,0,0,0,0,0,0,0,0,0,0,0,0,0,0,0,0,0
R216319076,0,0,0,0,0,0,1,1,0,0,0,0,0,0,1,0,1,0,0,1,0
R216354876,0,0,0,0,0,0,0,0,0,0,0,0,0,0,0,0,0,0,0,0,0
R216403321,0,0,0,0,0,0,0,0,0,0,0,0,0,0,0,0,0,0,0,0,0
R216411818,0,0,0,0,0,0,0,0,0,0,0,1,0,0,0,0,0,0,0,0,0
R216418409,0,0,0,0,0,0,0,0,0,0,0,0,0,0,0,0,0,0,0,0,0
R216418664,0,0,0,0,0,0,0,0,0,0,0,1,0,0,0,0,0,0,0,0,0
R216447956,0,0,0,0,0,0,0,0,0,0,0,0,0,0,0,0,0,0,0,0,0
R216451636,0,0,0,0,0,0,0,0,0,0,0,0,0,0,0,0,0,0,0,0,0
R216515923,0,0,0,0,0,0,0,0,0,0,0,0,0,0,1,0,0,0,1,1,0
R216538797,0,0,0,0,0,0,0,0,0,0,0,0,0,0,0,0,0,0,0,0,0
R216549637,0,0,0,0,0,0,1,1,0,0,0,0,0,0,1,0,0,0,0,0,0
R216563239,0,0,0,0,0,0,0,0,0,0,0,1,0,0,0,0,0,0,0,0,0
R216569373,0,0,0,0,0,0,0,0,0,0,0,0,0,0,0,0,0,0,0,1,0
R216601022,0,0,0,0,0,0,0,0,0,0,0,0,0,0,0,0,0,0,0,0,0
R216603200,0,0,0,0,0,0,0,0,0,0,0,0,0,0,0,0,0,0,0,0,0
R216662063,0,0,0,0,0,0,0,0,0,0,0,0,0,0,0,0,0,0,0,0,0
R216671770,0,0,0,0,0,0,0,0,0,0,0,0,0,0,0,0,0,0,0,0,0
R216672140,0,0,0,0,0,0,0,0,0,0,0,0,0,0,0,0,0,0,0,0,0
R216720454,0,0,0,0,0,0,0,0,0,0,0,0,0,0,0,0,0,0,0,0,0
R216728546,0,0,0,0,0,0,0,0,0,0,0,0,0,0,0,1,0,0,0,0,0
R216770700,0,0,0,0,0,0,0,0,0,0,0,0,0,0,0,0,0,0,0,0,0
R216773320,0,0,0,0,0,0,0,0,0,0,0,0,0,0,0,0,0,0,0,0,0
R216796923,0,0,0,0,0,0,0,0,0,0,0,0,0,0,0,0,0,0,0,0,0
R216806021,0,0,0,0,0,0,1,1,0,1,0,0,0,0,1,1,0,0,0,0,0
R216837008,0,0,0,0,0,0,0,0,0,0,0,0,0,0,0,0,0,0,0,0,0
R216837146,0,0,0,0,0,0,0,0,0,0,0,0,0,0,0,0,1,0,0,1,0
R216843295,0,0,0,0,0,0,0,0,0,0,0,1,0,0,0,0,0,0,0,0,0
R216860195,0,0,0,0,0,0,0,0,0,0,0,0,0,0,0,0,0,0,0,0,0
R216867937,0,0,0,0,0,0,0,0,0,0,0,0,0,0,0,0,0,0,0,0,0
R216876147,0,0,0,0,0,0,0,0,0,0,0,0,0,0,0,0,0,0,0,0,0
R216901932,0,0,0,0,0,0,0,0,0,0,0,0,0,0,0,0,0,0,0,0,0
R216965409,0,0,0,0,0,0,0,0,0,0,0,0,0,0,0,0,0,0,0,0,0
R216988562,0,0,0,0,0,0,1,1,0,1,0,0,0,0,0,1,0,0,0,0,0
R216996433,0,0,0,0,0,0,0,0,0,0,0,0,0,0,0,0,0,0,0,0,0
R217032531,0,0,0,0,0,0,0,0,0,0,0,0,0,0,0,0,0,0,0,0,0
R217056821,0,0,0,0,0,0,0,0,0,0,0,0,0,0,0,0,0,0,0,0,0
R217058288,0,0,0,0,0,0,0,0,0,0,0,0,0,0,0,0,0,0,0,0,0
R217063187,0,0,0,0,0,0,0,0,0,0,0,0,0,0,0,0,0,0,0,0,0
R217079294,0,0,0,0,0,0,0,0,0,0,0,0,0,0,0,0,0,0,0,0,0
R217111085,0,0,0,0,0,0,0,0,0,0,0,1,0,0,0,0,0,0,0,0,0
R217126235,0,0,0,0,0,0,1,1,0,1,0,0,0,0,0,1,0,0,0,1,0
R217148009,0,0,0,0,0,0,0,0,0,0,0,0,0,0,0,0,1,0,0,1,0
R217165800,0,0,0,0,0,0,1,1,0,0,0,0,0,0,0,0,0,0,0,0,0
R217175247,0,0,0,0,0,0,0,0,0,0,0,0,0,0,0,0,0,0,0,0,0
R217180104,0,0,0,0,0,0,0,0,0,0,0,0,0,0,0,0,0,0,0,0,0
R217226615,0,0,0,0,0,0,0,0,0,0,0,0,0,0,0,0,0,0,0,0,0
R217235417,0,0,0,0,0,0,0,0,0,0,0,0,0,0,0,0,0,0,0,0,0
R217274587,0,0,0,0,0,0,0,0,0,0,0,0,0,0,0,0,0,0,0,0,0
R217280449,0,0,0,0,0,0,0,0,0,0,0,0,0,0,0,0,0,0,0,0,0
R217290988,0,0,0,0,0,0,0,0,0,0,0,1,0,0,0,0,0,0,0,0,0
R217333361,0,0,0,0,0,0,0,0,0,0,0,0,0,0,0,0,0,0,0,0,0
R217364168,0,0,0,0,0,0,0,0,0,0,0,0,0,0,0,0,0,0,0,0,0
R217365859,0,0,0,0,0,0,0,0,0,0,0,0,0,0,1,0,0,0,1,0,0
R217377930,0,0,0,0,0,0,0,0,0,0,0,0,0,0,0,0,0,0,0,0,0
R217379164,0,0,0,0,0,0,1,1,0,1,0,1,0,0,1,1,0,0,0,1,0
R217382358,0,0,0,0,0,0,0,0,0,0,0,0,0,0,0,0,0,0,0,0,0
R217400631,0,0,0,0,0,0,0,0,0,0,0,0,0,0,0,0,0,0,0,0,0
R217412643,0,0,0,0,0,0,0,1,0,0,0,1,0,0,0,0,0,0,0,0,0
R217418076,0,0,0,0,0,0,0,0,0,0,0,0,0,0,0,0,0,0,0,0,0
R217463425,0,0,0,0,0,0,0,0,0,0,0,0,0,0,0,0,0,0,0,0,0
R217482098,0,0,0,0,0,0,0,0,0,0,0,0,0,0,0,0,0,0,0,0,0
R217512915,0,0,0,0,0,0,0,0,0,0,0,0,0,0,0,0,0,0,0,0,0
R217520176,0,0,0,0,0,0,1,1,0,0,0,0,0,0,1,0,0,0,0,0,0
R217521579,0,0,0,0,0,0,0,0,0,0,0,0,0,0,0,0,0,0,0,0,0
R217577620,0,0,0,0,0,0,1,1,0,0,0,1,0,0,0,0,0,0,0,1,0
R217599327,0,0,0,0,0,0,0,0,0,0,0,0,0,0,1,0,0,0,0,0,0
R217605142,0,0,0,0,0,0,0,0,0,0,0,0,0,0,0,0,0,0,0,0,0
R217614520,0,0,0,0,0,0,0,0,0,0,0,0,0,0,0,0,0,0,0,0,0
R217641321,0,0,0,0,0,0,0,0,0,0,0,0,0,0,0,0,0,0,0,0,0
R217673160,0,0,0,0,0,0,1,1,0,1,0,0,0,0,0,1,1,0,0,1,0
R217714633,0,0,0,0,0,0,0,0,0,0,0,0,0,0,0,0,0,0,0,0,0
R217717064,0,0,0,0,0,0,0,0,0,0,0,0,0,0,0,0,0,0,0,1,0
R217717606,0,0,0,0,0,0,0,0,0,0,0,0,0,0,0,1,0,0,0,0,0
R217726336,0,0,0,0,0,0,1,1,0,0,0,0,0,0,1,1,0,0,0,1,0
R217738542,0,0,0,0,0,0,0,0,0,0,0,0,0,0,0,0,0,0,0,0,0
R217802072,0,0,0,0,0,0,0,0,0,0,0,0,0,0,0,0,0,0,0,0,0
R217833615,0,0,0,0,0,0,0,0,0,0,0,0,0,0,0,0,0,0,0,0,0
R217848669,0,0,0,0,0,0,0,0,0,0,0,1,0,0,0,0,0,0,0,0,0
R217855863,0,0,0,0,0,0,0,1,0,0,0,1,0,1,1,1,0,0,0,0,0
R217879519,0,0,0,0,0,0,0,0,0,0,0,1,0,0,0,0,0,0,0,0,0
R217891083,0,0,0,0,0,0,0,0,0,0,0,0,0,0,0,0,0,0,0,0,0
R217911015,0,0,0,0,0,0,1,1,0,1,0,1,0,0,0,1,0,0,0,0,0
R217927393,0,0,0,0,0,0,0,0,0,0,0,0,0,0,0,0,0,0,0,0,0
R217943437,0,0,0,0,0,0,0,1,0,0,0,1,0,1,0,0,0,0,0,0,0
R217973400,0,0,0,0,0,0,0,0,0,0,0,0,0,0,0,0,0,0,0,0,0
R217990949,0,0,0,0,0,0,0,0,0,0,0,0,0,0,0,0,0,0,0,0,0
R218044816,0,0,0,0,0,0,0,0,0,0,0,0,0,0,0,0,0,0,0,0,0
R218063353,0,0,0,0,0,0,0,0,0,0,0,0,0,0,0,0,0,0,0,0,0
R218072029,0,0,0,0,0,0,0,0,0,0,0,0,0,0,0,0,0,0,0,0,0
R218078066,0,0,0,0,0,0,0,1,0,0,0,1,0,0,0,1,0,0,0,0,0
R218098472,0,0,0,0,0,0,0,0,0,0,0,0,0,0,0,0,0,0,0,0,0
R218100734,0,0,0,0,0,0,0,0,0,0,0,0,0,0,0,0,0,0,0,0,0
R218117345,0,0,0,0,0,0,1,1,0,0,0,0,0,0,0,0,0,0,0,0,0
R218129605,0,0,0,0,0,0,0,0,0,0,0,0,0,0,0,0,0,0,0,0,0
R218142084,0,0,0,0,0,0,0,0,0,0,0,0,0,0,0,0,0,0,0,1,0
R218171641,0,0,0,0,0,0,0,0,0,0,0,0,0,0,0,0,0,0,0,0,0
R218172163,0,0,0,0,0,0,1,1,0,0,0,0,0,0,0,0,0,0,0,1,0
R218212323,0,0,0,0,0,0,0,0,0,0,0,0,0,0,0,0,0,0,0,0,0
R218219683,0,0,0,0,0,0,1,1,0,0,0,1,0,0,0,1,0,0,0,0,0
R218237394,0,0,0,0,0,0,0,0,0,0,0,0,0,0,0,0,0,0,0,0,0
R218242732,0,0,0,0,0,0,0,0,0,0,0,0,0,0,0,0,0,0,0,0,0
R218285755,0,0,0,0,0,0,0,0,0,0,0,0,0,0,0,0,0,0,0,0,0
R218289086,0,0,0,0,0,0,0,0,0,0,0,0,0,0,0,0,0,0,0,0,0
R218292268,0,0,0,0,0,0,0,0,0,0,0,0,0,0,0,0,0,0,0,0,0
R218315851,0,0,0,0,0,0,0,1,0,0,0,1,0,0,0,0,0,0,0,0,0
R218338389,0,0,0,0,0,0,0,0,0,0,0,1,0,0,1,0,0,0,0,0,0
R218343264,0,0,0,0,0,0,1,1,0,0,0,0,0,0,1,1,0,0,0,0,0
R218356584,0,0,0,0,0,0,0,0,0,0,0,0,0,0,0,0,0,0,0,0,0
R218357752,0,0,0,0,0,0,0,0,0,0,0,0,0,0,0,0,0,0,0,0,0
R218363773,0,0,0,0,0,0,0,0,0,0,0,0,0,0,0,0,0,0,0,0,0
R218376172,0,0,0,0,0,0,0,0,0,0,0,0,0,0,0,0,0,0,0,0,0
R218387821,0,0,0,0,0,0,1,1,0,0,0,1,0,0,0,0,0,0,0,1,0
R218401506,0,0,0,0,0,0,0,0,0,0,0,0,0,0,0,0,0,0,0,0,0
R218402627,0,0,0,0,0,0,0,0,0,0,0,0,0,0,0,0,0,0,0,1,0
R218408795,0,0,0,0,0,0,0,0,0,0,0,0,0,0,0,0,0,0,0,0,0
R218450054,0,0,0,0,0,0,0,0,0,0,0,1,0,0,1,1,0,0,0,0,0
R218498668,0,0,0,0,0,0,0,0,0,0,0,0,0,0,0,0,0,0,0,0,0
R218543266,0,0,0,0,0,0,0,0,0,0,0,0,0,0,0,0,0,0,0,0,0
R218614928,0,0,0,0,0,0,0,0,0,0,0,0,0,0,0,0,0,0,0,0,0
R218634118,0,0,0,0,0,0,0,0,0,0,0,0,0,0,0,0,0,0,0,0,0
R218641044,0,0,0,0,0,0,0,0,0,0,0,0,0,0,0,0,0,0,0,0,0
R218647309,0,0,0,0,0,0,0,0,0,0,0,1,0,0,0,1,0,0,0,0,0
R218674691,0,0,0,0,0,0,1,1,0,1,0,1,0,1,0,1,0,0,0,0,0
R218682521,0,0,0,0,0,0,0,1,0,0,0,1,0,0,0,1,0,0,0,0,0
R218707739,0,0,0,0,0,0,0,0,0,0,0,0,0,0,0,0,0,0,0,0,0
R218783778,0,0,0,0,0,0,0,0,0,0,0,0,0,0,1,0,0,0,1,0,0
R218797965,0,0,0,0,0,0,0,0,0,0,0,1,0,0,0,0,0,0,0,0,0
R218805396,0,0,0,0,0,0,0,0,0,1,0,0,0,0,0,1,0,0,0,0,0
R218842834,0,0,0,0,0,0,0,0,0,0,0,1,0,0,0,0,0,0,0,0,0
R218856239,0,0,0,0,0,0,0,0,0,1,0,1,0,0,1,1,0,0,0,0,0
R218862475,0,0,0,0,0,0,0,0,0,0,0,0,0,0,0,0,0,0,0,0,0
R218866380,0,0,0,0,0,0,0,0,0,0,0,0,0,0,0,0,0,0,0,0,0
R218876555,0,0,0,0,0,0,0,0,0,0,0,0,0,0,0,0,0,0,0,1,0
R218883257,0,0,0,0,0,0,0,0,0,0,0,0,0,0,0,0,0,0,0,0,0
R218909726,0,0,0,0,0,0,0,0,0,0,0,0,0,0,0,0,0,0,0,0,0
R218918085,0,0,0,0,0,0,0,0,0,0,0,0,0,0,0,0,0,0,0,0,0
R218926845,0,0,0,0,0,0,0,0,0,0,0,0,0,0,0,0,0,0,0,0,0
R218940247,0,0,0,0,0,0,0,0,0,0,0,0,0,0,0,0,0,0,0,0,0
R218972180,0,0,0,0,0,0,0,0,0,0,0,0,0,0,0,0,0,0,0,0,0
R219047029,0,0,0,0,0,0,0,0,0,0,0,0,0,0,0,0,0,0,0,0,0
R219054223,0,0,0,0,0,0,0,0,0,0,0,1,0,0,0,1,0,0,0,0,0
R219065650,0,0,0,0,0,0,0,1,0,0,0,1,0,1,0,1,0,0,0,0,0
R219070565,0,0,0,0,0,0,0,0,0,0,0,0,0,0,0,0,0,0,0,1,0
R219070751,0,0,0,0,0,0,0,0,0,0,0,0,0,0,0,0,0,0,0,0,0
R219072954,0,0,0,0,0,0,0,0,0,0,0,0,0,0,0,0,0,0,0,0,0
R219081944,0,0,0,0,0,0,1,1,0,0,0,0,0,0,1,0,0,0,0,0,0
R219125798,0,0,0,0,0,0,0,0,0,0,0,0,0,0,0,0,1,0,0,1,0
R219139735,0,0,0,0,0,0,0,0,0,0,0,0,0,0,0,0,0,0,0,0,0
R219142164,0,0,0,0,0,0,0,0,0,0,0,1,0,0,0,0,0,0,0,0,0
R219186512,0,0,0,0,0,0,0,0,0,0,0,0,0,0,0,0,0,0,0,0,0
R219190880,0,0,0,0,0,0,0,0,0,0,0,0,0,0,0,0,0,0,0,0,0
R219229417,0,0,0,0,0,0,0,0,0,0,0,0,0,0,0,0,0,0,0,0,0
R219266779,0,0,0,0,0,0,0,0,0,0,0,0,0,0,0,0,0,0,0,0,0
R219278227,0,0,0,0,0,0,0,0,0,0,0,0,0,0,1,0,0,0,0,0,0
R219343862,0,0,0,0,0,0,0,0,0,0,0,0,0,0,0,0,0,0,0,0,0
R219360697,0,0,0,0,0,0,0,0,0,0,0,0,0,0,1,0,0,0,0,0,0
R219364416,0,0,0,0,0,0,0,0,0,0,0,0,0,0,0,0,0,0,0,0,0
R219371472,0,0,0,0,0,0,0,0,0,0,0,0,0,0,0,0,0,0,0,0,0
R219404504,0,0,0,0,0,0,0,0,0,0,0,0,0,0,0,0,0,0,0,0,0
R219405367,0,0,0,0,0,0,0,0,0,0,0,1,0,0,0,0,0,0,0,0,0
R219462667,0,0,0,0,0,0,0,0,0,0,0,0,0,0,0,0,0,0,0,0,0
R219484228,0,0,0,0,0,0,0,0,0,0,0,0,0,0,0,0,0,0,0,0,0
R219484727,0,0,0,0,0,0,0,0,0,0,0,0,0,0,0,0,0,0,0,0,0
R219504888,0,0,0,0,0,0,0,0,0,0,0,0,0,0,1,0,0,0,0,0,0
R219512751,0,0,0,0,0,0,0,0,0,0,0,0,0,0,0,0,0,0,0,0,0
R219512842,0,0,0,0,0,0,0,0,0,0,0,0,0,0,0,0,0,0,0,0,0
R219525952,0,0,0,0,0,0,0,0,0,0,0,0,0,0,0,0,0,0,0,0,0
R219528418,0,0,0,0,0,0,0,0,0,0,0,1,0,0,0,0,0,0,0,0,0
R219541647,0,0,0,0,0,0,0,0,0,0,0,0,0,0,0,1,0,0,0,0,0
R219571987,0,0,0,0,0,0,0,0,0,0,0,0,0,0,1,0,0,0,0,1,0
R219582454,0,0,0,0,0,0,0,0,0,0,0,1,0,0,0,0,0,0,0,0,0
R219614556,0,0,0,0,0,0,1,1,0,0,0,1,0,0,0,1,0,0,0,1,0
R219620027,0,0,0,0,0,0,0,0,0,0,0,1,0,0,0,0,0,0,0,0,0
R219649214,0,0,0,0,0,0,1,1,0,1,0,1,0,0,1,1,0,0,1,0,0
R219697820,0,0,0,0,0,0,0,0,0,0,0,0,0,0,0,0,0,0,0,0,0
R219713938,0,0,0,0,0,0,0,0,0,0,0,0,0,0,1,0,0,0,0,0,0
R219757820,0,0,0,0,0,0,0,0,0,0,0,0,0,0,0,0,0,0,0,0,0
R219767225,0,0,0,0,0,0,0,0,0,0,0,0,0,0,0,0,0,0,0,0,0
R219784543,0,0,0,0,0,0,0,0,0,0,0,1,0,0,0,0,0,0,0,0,0
R219784900,0,0,0,0,0,0,0,0,0,0,0,0,0,0,0,0,0,0,0,0,0
R219844755,0,0,0,0,0,0,1,1,0,0,0,0,0,0,0,0,0,0,0,0,0
R219892194,0,0,0,0,0,0,0,0,0,0,0,1,0,0,0,0,0,0,0,0,0
R219933639,0,0,0,0,0,0,0,0,0,0,0,0,0,0,0,0,0,0,0,0,0
R219946178,0,0,0,0,0,0,0,0,0,0,0,0,0,0,0,0,0,0,0,0,0
R219971298,0,0,0,0,0,0,0,0,0,0,0,0,0,0,0,0,0,0,0,0,0
R220008931,0,0,0,0,0,0,0,0,0,0,0,0,0,0,0,0,0,0,0,0,0
R220010918,0,0,0,0,0,0,0,0,0,0,0,0,0,0,0,0,0,0,0,0,0
R220012643,0,0,0,0,0,0,0,0,0,0,0,0,0,0,0,0,0,0,0,0,0
R220024889,0,0,0,0,0,0,0,0,0,0,0,0,0,0,0,0,0,0,0,0,0
R220095476,0,0,0,0,0,0,0,0,0,0,0,0,0,0,0,0,0,0,0,0,0
R220099123,0,0,0,0,0,0,0,0,0,0,0,0,0,0,0,0,0,0,0,0,0
R220116267,0,0,0,0,0,0,0,0,0,0,0,0,0,0,0,0,0,0,0,0,0
R220121996,0,0,0,0,0,0,0,0,0,0,0,1,0,0,0,1,0,0,0,0,0
R220137462,0,0,0,0,0,0,0,0,0,0,0,0,0,0,0,1,0,0,0,0,0
R220178000,0,0,0,0,0,0,0,0,0,0,0,0,0,0,0,0,0,0,0,0,0
R220182784,0,0,0,0,0,0,0,0,0,0,0,0,0,0,0,0,0,0,0,0,0
R220206468,0,0,0,0,0,0,0,0,0,0,0,0,0,0,0,0,0,0,0,0,0
R220211623,0,0,0,0,0,0,0,0,0,0,0,0,0,0,0,0,0,0,0,0,0
R220240747,0,0,0,0,0,0,0,1,0,0,0,1,0,0,1,0,0,0,0,0,0
R220241963,0,0,0,0,0,0,0,0,0,0,0,0,0,0,0,0,0,0,0,0,0
R220259686,0,0,0,0,0,0,1,1,0,0,0,1,0,0,0,0,0,0,0,0,0
R220285662,0,0,0,0,0,0,1,1,0,0,0,0,0,0,1,0,0,0,0,0,0
R220304225,0,0,0,0,0,0,0,0,0,0,0,0,0,0,0,0,0,0,0,0,0
R220311754,0,0,0,0,0,0,0,0,0,0,0,0,0,0,0,0,0,0,0,0,0
R220312608,0,0,0,0,0,0,0,0,0,0,0,0,0,0,0,0,0,0,0,0,0
R220317061,0,0,0,0,0,0,0,1,0,0,0,0,0,0,0,1,0,0,0,0,0
R220320363,0,0,0,0,0,0,0,0,0,0,0,0,0,0,1,1,0,0,0,0,0
R220324988,0,0,0,0,0,0,0,0,0,0,0,0,0,0,0,0,0,0,0,0,0
R220327809,0,0,0,0,0,0,0,0,0,0,0,0,0,0,0,1,0,0,0,0,0
R220336370,0,0,0,0,0,0,0,0,0,0,0,0,0,0,0,0,0,0,0,0,0
R220340605,0,0,0,0,0,0,1,1,0,0,0,1,0,0,0,0,0,0,0,0,0
R220357836,0,0,0,0,0,0,0,0,0,0,0,0,0,0,0,0,0,0,0,0,0
R220358915,0,0,0,0,0,0,1,1,0,0,0,0,0,0,1,0,0,0,0,0,0
R220364806,0,0,0,0,0,0,0,0,0,0,0,0,0,0,0,0,0,0,0,0,0
R220379702,0,0,0,0,0,0,0,0,0,0,0,0,0,0,0,0,1,0,0,1,0
R220404482,0,0,0,0,0,0,1,1,0,0,0,0,0,0,1,0,1,0,1,1,0
R220409412,0,0,0,0,0,0,0,0,0,0,0,0,0,0,0,0,0,0,0,0,0
R220421151,0,0,0,0,0,0,1,1,0,1,0,0,0,0,0,1,1,0,0,1,0
R220437066,0,0,0,0,0,0,0,0,0,0,0,0,0,0,0,0,0,0,0,0,0
R220449912,0,0,0,0,0,0,1,1,0,0,0,0,0,0,1,0,0,0,0,0,0
R220450015,0,0,0,0,0,0,0,0,0,0,0,1,0,0,0,0,0,0,0,0,0
R220472485,0,0,0,0,0,0,0,0,0,0,0,0,0,0,1,1,0,0,0,0,0
R220472646,0,0,0,0,0,0,1,1,0,0,0,0,0,0,1,0,0,0,1,0,0
R220475942,0,0,0,0,0,0,0,0,0,0,0,0,0,0,1,0,0,0,0,0,0
R220576822,0,0,0,0,0,0,0,0,0,0,0,1,0,0,0,0,0,0,0,0,0
R220604043,0,0,0,0,0,0,0,0,0,0,0,0,0,0,0,0,0,0,0,0,0
R220604389,0,0,0,0,0,0,0,0,0,0,0,0,0,0,0,0,0,0,0,0,0
R220613263,0,0,0,0,0,0,0,0,0,0,0,0,0,0,0,1,0,0,0,0,0
R220621924,0,0,0,0,0,0,0,0,0,0,0,0,0,0,0,0,0,0,0,1,0
R220622269,0,0,0,0,0,0,0,0,0,0,0,0,0,0,0,0,0,0,0,0,0
R220624790,0,0,0,0,0,0,0,0,0,0,0,0,0,0,0,0,0,0,0,0,0
R220649691,0,0,0,0,0,0,0,0,0,0,0,0,0,0,0,0,0,0,0,0,0
R220659984,0,0,0,0,0,0,1,1,0,0,0,0,0,0,1,0,1,0,0,1,0
R220670669,0,0,0,0,0,0,0,0,0,0,0,0,0,0,0,0,0,0,0,0,0
R220715407,0,0,0,0,0,0,0,0,0,0,0,0,0,0,0,0,0,0,0,0,0
R220727994,0,0,0,0,0,0,0,0,0,0,0,0,0,0,0,0,0,0,0,0,0
R220747543,0,0,0,0,0,0,0,0,0,0,0,0,0,0,0,0,0,0,0,0,0
R220759323,0,0,0,0,0,0,0,0,0,0,0,0,0,0,0,0,0,0,0,0,0
R220764664,0,0,0,0,0,0,1,1,0,0,0,1,0,0,0,0,0,0,0,0,0
R220770266,0,0,0,0,0,0,0,0,0,0,0,1,0,0,0,0,0,0,0,0,0
R220780102,0,0,0,0,0,0,0,0,0,0,0,0,0,0,0,0,0,0,0,0,0
R220781230,0,0,0,0,0,0,0,0,0,0,0,0,0,0,0,0,0,0,0,0,0
R220781268,0,0,0,0,0,0,0,1,0,0,0,1,0,0,0,0,0,0,0,0,0
R220782612,0,0,0,0,0,0,0,0,0,0,0,0,0,0,0,0,0,0,0,0,0
R220792297,0,0,0,0,0,0,0,0,0,0,0,1,0,0,0,0,0,0,0,0,0
R220796069,0,0,0,0,0,0,1,1,0,0,0,0,0,0,1,0,0,0,1,1,0
R220797589,0,0,0,0,0,0,0,0,0,0,0,1,0,0,0,0,0,0,0,0,0
R220798099,0,0,0,0,0,0,0,0,0,0,0,0,0,0,0,0,0,0,0,0,0
R220817672,0,0,0,0,0,0,0,0,0,0,0,1,0,0,0,0,0,0,0,0,0
R220822197,0,0,0,0,0,0,0,0,0,0,0,1,0,0,0,0,0,0,0,0,0
R220832756,0,0,0,0,0,0,0,0,0,0,0,0,0,0,0,0,0,0,0,0,0
R220841467,0,0,0,0,0,0,0,0,0,0,0,1,0,0,0,0,0,0,0,0,0
R220847898,0,0,0,0,0,0,0,0,0,0,0,0,0,0,0,0,0,0,0,0,0
R220857624,0,0,0,0,0,0,1,1,0,0,0,1,0,0,1,0,1,0,1,1,0
R220905122,0,0,0,0,0,0,0,0,0,0,0,0,0,0,0,0,0,0,0,0,0
R220909267,0,0,0,0,0,0,0,0,0,0,0,0,0,0,0,0,0,0,0,0,0
R220912211,0,0,0,0,0,0,0,0,0,0,0,0,0,0,0,0,0,0,0,0,0
R220925362,0,0,0,0,0,0,0,0,0,0,0,0,0,0,0,0,0,0,0,0,0
R220928069,0,0,0,0,0,0,1,1,0,0,0,1,0,1,1,0,0,0,1,0,0
R220944817,0,0,0,0,0,0,0,0,0,0,0,0,0,0,0,0,0,0,0,1,0
R220963026,0,0,0,0,0,0,0,0,0,0,0,0,0,0,0,0,0,0,0,0,0
R220977745,0,0,0,0,0,0,1,1,0,0,0,0,0,0,1,0,0,0,1,0,0
R220978374,0,0,0,0,0,0,0,0,0,0,0,0,0,0,0,0,0,0,0,0,0
R220998579,0,0,0,0,0,0,0,0,0,0,0,0,0,0,0,0,0,0,0,0,0
R221012367,0,0,0,0,0,0,0,0,0,0,0,0,0,0,0,0,0,0,0,0,0
R221019599,0,0,0,0,0,0,0,1,0,0,0,1,0,1,0,0,0,0,0,0,0
R221060910,0,0,0,0,0,0,0,1,0,0,0,1,0,1,1,0,0,0,0,0,0
R221067403,0,0,0,0,0,0,0,0,0,0,0,0,0,0,0,0,0,0,0,0,0
R221080376,0,0,0,0,0,0,0,0,0,0,0,0,0,0,1,0,0,0,0,0,0
R221097623,0,0,0,0,0,0,0,0,0,0,0,1,0,0,0,0,0,0,0,0,0
R221135605,0,0,0,0,0,0,0,0,0,0,0,0,0,0,0,0,0,0,0,0,0
R221137749,0,0,0,0,0,0,0,0,0,0,0,0,0,0,0,0,0,0,0,0,0
R221144262,0,0,0,0,0,0,0,0,0,0,0,0,0,0,0,0,0,0,0,0,0
R221154677,0,0,0,0,0,0,0,0,0,0,0,0,0,0,1,0,0,0,1,0,0
R221177538,0,0,0,0,0,0,0,0,0,0,0,1,0,0,0,0,0,0,0,0,0
R221191162,0,0,0,0,0,0,0,0,0,0,0,0,0,0,0,0,0,0,0,0,0
R221205337,0,0,0,0,0,0,0,0,0,0,0,0,0,0,0,0,0,0,0,0,0
R221230496,0,0,0,0,0,0,0,0,0,0,0,0,0,0,1,0,0,0,1,0,0
R221255716,0,0,0,0,0,0,0,0,0,0,0,0,0,0,0,0,0,0,0,0,0
R221315825,0,0,0,0,0,0,1,1,0,0,0,1,0,0,1,0,0,0,1,0,0
R221319349,0,0,0,0,0,0,0,0,0,0,0,0,0,0,0,0,0,0,0,0,0
R221387502,0,0,0,0,0,0,0,0,0,0,0,0,0,0,0,0,0,0,0,0,0
R221437847,0,0,0,0,0,0,0,0,0,0,0,0,0,0,0,0,0,0,0,0,0
R221443898,0,0,0,0,0,0,0,0,0,0,0,0,0,0,0,1,0,0,0,0,0
R221469624,0,0,0,0,0,0,0,0,0,0,0,1,0,0,0,0,0,0,0,0,0
R221480780,0,0,0,0,0,0,0,0,0,0,0,0,0,0,0,0,0,0,0,0,0
R221518444,0,0,0,0,0,0,0,0,0,0,0,0,0,0,0,0,0,0,0,0,0
R221527202,0,0,0,0,0,0,0,0,0,0,0,0,0,0,0,0,0,0,0,0,0
R221568395,0,0,0,0,0,0,0,0,0,0,0,0,0,0,0,0,0,0,0,0,0
R221569528,0,0,0,0,0,0,0,0,0,0,0,0,0,0,0,0,0,0,0,0,0
R221584876,0,0,0,0,0,0,0,0,0,0,0,0,0,0,0,0,0,0,0,0,0
R221592543,0,0,0,0,0,0,0,1,0,0,0,1,0,1,0,0,0,0,0,0,0
R221604723,0,0,0,0,0,0,0,0,0,0,0,0,0,0,0,0,0,0,0,1,0
R221607446,0,0,0,0,0,0,0,1,0,0,0,1,0,0,0,0,0,0,0,0,0
R221651010,0,0,0,0,0,0,1,1,0,0,0,1,0,0,1,1,0,0,0,0,0
R221669257,0,0,0,0,0,0,0,0,0,0,0,0,0,0,0,0,0,0,0,0,0
R221670900,0,0,0,0,0,0,0,0,0,0,0,0,0,0,0,0,0,0,0,0,0
R221673785,0,0,0,0,0,0,0,0,0,0,0,0,0,0,0,0,0,0,0,0,0
R221677741,0,0,0,0,0,0,0,0,0,0,0,0,0,0,0,0,0,0,0,0,0
R221702951,0,0,0,0,0,0,0,0,0,0,0,0,0,0,0,0,0,0,0,0,0
R221706045,0,0,0,0,0,0,1,1,0,0,0,1,0,1,0,0,0,0,0,0,0
R221714423,0,0,0,0,0,0,0,0,0,0,0,0,0,0,0,0,0,0,0,0,0
R221716405,0,0,0,0,0,0,0,0,0,0,0,0,0,0,0,0,0,0,0,0,0
R221734492,0,0,0,0,0,0,0,0,0,0,0,0,0,0,0,0,1,0,0,1,0
R221774470,0,0,0,0,0,0,0,0,0,0,0,0,0,0,0,0,0,0,0,0,0
R221795098,0,0,0,0,0,0,0,0,0,0,0,0,0,0,0,0,0,0,0,0,0
R221798532,0,0,0,0,0,0,0,0,0,0,0,1,0,0,0,1,0,0,0,0,0
R221802759,0,0,0,0,0,0,0,0,0,0,0,0,0,0,0,0,0,0,0,0,0
R221832139,0,0,0,0,0,0,0,0,0,0,0,0,0,0,0,0,0,0,0,0,0
R221839980,0,0,0,0,0,0,0,0,0,0,0,0,0,0,0,0,0,0,0,0,0
R221860838,0,0,0,0,0,0,0,0,0,0,0,1,0,0,0,0,0,0,0,0,0
R221866650,0,0,0,0,0,0,0,1,0,0,0,0,0,0,1,1,0,0,0,0,0
R221877574,0,0,0,0,0,0,0,0,0,0,0,0,0,0,0,0,0,0,0,0,0
R221907989,0,0,0,0,0,0,0,0,0,0,0,0,0,0,0,0,0,0,0,0,0
R221912078,0,0,0,0,0,0,0,0,0,0,0,0,0,0,0,0,0,0,0,0,0
R221921624,0,0,0,0,0,0,1,1,0,0,0,0,0,0,0,0,0,0,0,0,0
R221964368,0,0,0,0,0,0,0,0,0,0,0,0,0,0,0,0,0,0,0,0,0
R222012504,0,0,0,0,0,0,0,0,0,0,0,0,0,0,0,0,0,0,0,0,0
R222030306,0,0,0,0,0,0,0,0,0,0,0,1,0,0,0,0,0,0,0,0,0
R222031858,0,0,0,0,0,0,0,0,0,0,0,0,0,0,0,0,1,0,0,1,0
R222052529,0,0,0,0,0,0,1,1,0,0,0,0,0,0,0,0,0,0,0,0,0
R222080367,0,0,0,0,0,0,0,0,0,0,0,0,0,0,0,0,0,0,0,1,0
R222106051,0,0,0,0,0,0,0,0,0,0,0,0,0,0,0,0,0,0,0,0,0
R222109160,0,0,0,0,0,0,0,0,0,0,0,0,0,0,0,0,0,0,0,0,0
R222128367,0,0,0,0,0,0,0,0,0,0,0,0,0,0,0,0,0,0,0,0,0
R222135823,0,0,0,0,0,0,0,0,0,0,0,0,0,0,0,0,0,0,0,0,0
R222147708,0,0,0,0,0,0,0,0,0,0,0,0,0,0,0,0,0,0,0,0,0
R222149427,0,0,0,0,0,0,0,0,0,0,0,0,0,0,0,0,0,0,0,0,0
R222174087,0,0,0,0,0,0,0,1,0,1,0,1,0,1,0,1,0,0,0,0,0
R222188454,0,0,0,0,0,0,0,0,0,0,0,0,0,0,0,0,0,0,0,0,0
R222346225,0,0,0,0,0,0,0,0,0,0,0,0,0,0,1,0,0,0,1,0,0
R222397033,0,0,0,0,0,0,0,0,0,0,0,0,0,0,0,0,0,0,0,0,0
R222411684,0,0,0,0,0,0,0,0,0,0,0,0,0,0,0,0,0,0,0,0,0
R222459913,0,0,0,0,0,0,0,1,0,0,0,0,0,0,0,0,0,0,0,0,0
R222488774,0,0,0,0,0,0,0,1,0,0,0,0,0,0,0,0,0,0,0,1,0
R222518850,0,0,0,0,0,0,0,0,0,0,0,0,0,0,0,0,0,0,0,0,0
R222541684,0,0,0,0,0,0,1,1,0,0,0,0,0,0,0,0,0,0,0,0,0
R222555785,0,0,0,0,0,0,0,0,0,0,0,0,0,0,0,0,0,0,0,0,0
R222558560,0,0,0,0,0,0,0,0,0,0,0,0,0,0,0,0,0,0,0,0,0
R222604459,0,0,0,0,0,0,0,0,0,0,0,0,0,0,0,0,0,0,0,0,0
R222609582,0,0,0,0,0,0,0,0,0,0,0,0,0,0,0,0,0,0,0,1,0
R222636145,0,0,0,0,0,0,0,0,0,0,0,0,0,0,0,0,0,0,0,0,0
R222662360,0,0,0,0,0,0,0,0,0,0,0,0,0,0,0,0,0,0,0,0,0
R222678487,0,0,0,0,0,0,0,0,0,0,0,1,0,0,0,0,0,0,0,0,0
R222679060,0,0,0,0,0,0,1,1,0,0,0,1,0,0,0,0,0,0,0,0,0
R222691709,0,0,0,0,0,0,0,0,0,0,0,0,0,0,0,0,0,0,0,0,0
R222694644,0,0,0,0,0,0,1,1,0,0,0,1,0,1,1,0,0,0,0,1,0
R222718089,0,0,0,0,0,0,0,0,0,0,0,0,0,0,0,0,0,0,0,0,0
R222720152,0,0,0,0,0,0,0,0,0,0,0,0,0,0,0,0,0,0,0,1,0
R222735173,0,0,0,0,0,0,0,0,0,0,0,0,0,0,0,0,0,0,0,0,0
R222746890,0,0,0,0,0,0,0,0,0,0,0,0,0,0,0,0,0,0,0,0,0
R222769404,0,0,0,0,0,0,0,0,0,0,0,0,0,0,0,0,0,0,0,0,0
R222769715,0,0,0,0,0,0,1,1,0,1,0,0,0,0,0,1,0,0,0,0,0
R222775515,0,0,0,0,0,0,0,0,0,0,0,0,0,0,0,0,0,0,0,1,0
R222800220,0,0,0,0,0,0,0,0,0,0,0,0,0,0,1,0,0,0,0,0,0
R222805942,0,0,0,0,0,0,0,0,0,0,0,0,0,0,1,0,0,0,1,1,0
R222818079,0,0,0,0,0,0,0,0,0,0,0,0,0,0,0,0,0,0,0,0,0
R222821789,0,0,0,0,0,0,0,0,0,0,0,1,0,0,0,0,0,0,0,0,0
R222835758,0,0,0,0,0,0,1,1,0,0,0,1,0,0,0,0,0,0,0,0,0
R222843278,0,0,0,0,0,0,0,0,0,0,0,1,0,0,0,0,0,0,0,0,0
R222874124,0,0,0,0,0,0,0,0,0,0,0,0,0,0,0,0,0,0,0,0,0
R222948379,0,0,0,0,0,0,0,0,0,0,0,0,0,0,0,0,0,0,0,0,0
R222955509,0,0,0,0,0,0,0,0,0,0,0,0,0,0,0,0,0,0,0,0,0
R222960563,0,0,0,0,0,0,0,0,0,0,0,0,0,0,0,0,0,0,0,0,0
R222994810,0,0,0,0,0,0,0,1,0,0,0,0,0,0,0,0,0,0,0,0,0
R223003462,0,0,0,0,0,0,0,0,0,0,0,0,0,0,0,0,0,0,0,0,0
R223010942,0,0,0,0,0,0,0,0,0,0,0,0,0,0,0,0,0,0,0,0,0
R223021068,0,0,0,0,0,0,0,0,0,0,0,0,0,0,0,0,0,0,0,0,0
R223021392,0,0,0,0,0,0,0,0,0,0,0,1,0,0,0,0,0,0,0,0,0
R223066007,0,0,0,0,0,0,0,0,0,0,0,0,0,0,0,0,0,0,0,0,0
R223089454,0,0,0,0,0,0,0,0,0,0,0,0,0,0,0,0,0,0,0,0,0
R223098810,0,0,0,0,0,0,0,0,0,0,0,0,0,0,0,0,0,0,0,0,0
R223110174,0,0,0,0,0,0,0,0,0,0,0,0,0,0,0,1,0,0,0,0,0
R223123619,0,0,0,0,0,0,0,0,0,0,0,0,0,0,0,0,0,0,0,0,0
R223126976,0,0,0,0,0,0,0,0,0,1,0,1,0,0,0,1,0,0,0,0,0
R223151576,0,0,0,0,0,0,0,0,0,0,0,0,0,0,0,0,0,0,0,0,0
R223162921,0,0,0,0,0,0,0,0,0,0,0,0,0,0,0,0,0,0,0,0,0
R223183099,0,0,0,0,0,0,0,0,0,0,0,0,0,0,0,0,0,0,0,0,0
R223269229,0,0,0,0,0,0,0,0,0,0,0,0,0,0,0,0,0,0,0,0,0
R223270103,0,0,0,0,0,0,0,0,0,0,0,1,0,0,0,0,0,0,0,0,0
R223270991,0,0,0,0,0,0,0,0,0,0,0,0,0,0,0,0,0,0,0,0,0
R223271737,0,0,0,0,0,0,0,0,0,0,0,0,0,0,0,0,0,0,0,0,0
R223274743,0,0,0,0,0,0,0,0,0,0,0,0,0,0,0,0,0,0,0,0,0
R223276829,0,0,0,0,0,0,0,0,0,0,0,0,0,0,1,0,0,0,0,0,0
R223280807,0,0,0,0,0,0,0,0,0,0,0,0,0,0,0,0,0,0,0,0,0
R223294833,0,0,0,0,0,0,0,0,0,0,0,1,0,0,0,0,0,0,0,0,0
R223296603,0,0,0,0,0,0,0,0,0,0,0,0,0,0,0,0,0,0,0,0,0
R223346052,0,0,0,0,0,0,0,0,0,0,0,0,0,0,0,0,0,0,0,0,0
R223359239,0,0,0,0,0,0,0,0,0,0,0,0,0,0,0,0,0,0,0,0,0
R223380835,0,0,0,0,0,0,0,0,0,0,0,0,0,0,0,0,0,0,0,0,0
R223423944,0,0,0,0,0,0,0,0,0,0,0,0,0,0,0,0,0,0,0,0,0
R223425041,0,0,0,0,0,0,0,0,0,0,0,0,0,0,0,0,0,0,0,0,0
R223458456,0,0,0,0,0,0,0,1,0,0,0,1,0,0,0,0,0,0,0,0,0
R223463169,0,0,0,0,0,0,0,0,0,0,0,0,0,0,0,0,0,0,0,0,0
R223464231,0,0,0,0,0,0,0,0,0,0,0,0,0,0,1,0,0,0,1,0,0
R223468693,0,0,0,0,0,0,0,0,0,0,0,0,0,0,0,0,0,0,0,0,0
R223474344,0,0,0,0,0,0,0,0,0,0,0,1,0,0,0,0,0,0,0,0,0
R223474539,0,0,0,0,0,0,0,0,0,0,0,0,0,0,0,0,0,0,0,0,0
R223497832,0,0,0,0,0,0,0,0,0,0,0,0,0,0,1,0,0,0,0,0,0
R223524869,0,0,0,0,0,0,0,0,0,0,0,0,0,0,0,0,0,0,0,0,0
R223536155,0,0,0,0,0,0,0,0,0,0,0,0,0,0,0,0,0,0,0,0,0
R223544215,0,0,0,0,0,0,0,0,0,0,0,0,0,0,0,0,0,0,0,0,0
R223552027,0,0,0,0,0,0,0,0,0,0,0,0,0,0,0,0,0,0,0,0,0
R223556648,0,0,0,0,0,0,0,0,0,0,0,0,0,0,0,0,0,0,0,0,0
R223627751,0,0,0,0,0,0,0,0,0,0,0,0,0,0,0,0,0,0,0,0,0
R223630218,0,0,0,0,0,0,0,0,0,0,0,0,0,0,0,0,0,0,0,0,0
R223632219,0,0,0,0,0,0,0,0,0,0,0,0,0,0,0,0,0,0,0,0,0
R223657265,0,0,0,0,0,0,0,0,0,0,0,0,0,0,1,0,0,0,1,0,0
R223666625,0,0,0,0,0,0,0,0,0,0,0,0,0,0,0,0,0,0,0,0,0
R223677868,0,0,0,0,0,0,0,0,0,0,0,0,0,0,0,0,0,0,0,0,0
R223679140,0,0,0,0,0,0,0,0,0,0,0,1,0,0,0,1,0,0,0,0,0
R223680823,0,0,0,0,0,0,0,1,0,0,0,0,0,0,0,0,0,0,0,0,0
R223715295,0,0,0,0,0,0,0,0,0,0,0,0,0,0,0,0,0,0,0,0,0
R223715768,0,0,0,0,0,0,0,0,0,0,0,0,0,0,0,0,0,0,0,0,0
R223717144,0,0,0,0,0,0,0,0,0,0,0,0,0,0,0,0,0,0,0,0,0
R223761754,0,0,0,0,0,0,0,0,0,0,0,0,0,0,0,0,0,0,0,0,0
R223794964,0,0,0,0,0,0,0,0,0,0,0,0,0,0,0,0,0,0,0,0,0
R223808973,0,0,0,0,0,0,0,0,0,0,0,0,0,0,0,0,0,0,0,0,0
R223814449,0,0,0,0,0,0,0,1,0,0,0,1,0,0,0,1,0,0,0,0,0
R223821169,0,0,0,0,0,0,0,0,0,0,0,0,0,0,0,0,0,0,0,0,0
R223845884,0,0,0,0,0,0,0,0,0,0,0,0,0,0,1,0,0,0,1,0,0
R223846005,0,0,0,0,0,0,0,0,0,0,0,0,0,0,0,0,1,0,0,1,0
R223848204,0,0,0,0,0,0,0,0,0,0,0,0,0,0,0,1,0,0,0,0,0
R223848549,0,0,0,0,0,0,0,0,0,0,0,0,0,0,0,1,0,0,0,0,0
R223856462,0,0,0,0,0,0,0,1,0,0,0,0,0,0,0,1,0,0,0,0,0
R223873079,0,0,0,0,0,0,0,0,0,0,0,0,0,0,0,0,0,0,0,0,0
R223873167,0,0,0,0,0,0,0,0,0,0,0,0,0,0,0,0,0,0,0,0,0
R223879126,0,0,0,0,0,0,0,0,0,0,0,0,0,0,0,0,0,0,0,0,0
R223883614,0,0,0,0,0,0,0,0,0,0,0,0,0,0,0,0,0,0,0,0,0
R223883756,0,0,0,0,0,0,0,0,0,0,0,0,0,0,0,0,0,0,0,0,0
R223916428,0,0,0,0,0,0,0,0,0,0,0,0,0,0,0,0,0,0,0,0,0
R223956199,0,0,0,0,0,0,0,0,0,0,0,0,0,0,0,0,0,0,0,0,0
R223985706,0,0,0,0,0,0,0,0,0,0,0,0,0,0,0,0,0,0,0,0,0
R224069684,0,0,0,0,0,0,0,0,0,0,0,0,0,0,0,0,0,0,0,0,0
R224078663,0,0,0,0,0,0,0,0,0,0,0,0,0,0,0,0,0,0,0,0,0
R224098747,0,0,0,0,0,0,0,0,0,0,0,1,0,0,0,0,0,0,0,0,0
R224132302,0,0,0,0,0,0,1,1,0,0,0,0,0,0,0,0,0,0,0,0,0
R224162260,0,0,0,0,0,0,0,0,0,0,0,0,0,0,1,0,0,0,0,0,0
R224213271,0,0,0,0,0,0,0,0,0,0,0,0,0,0,0,0,0,0,0,0,0
R224224905,0,0,0,0,0,0,0,0,0,0,0,1,0,0,0,0,0,0,0,0,0
R224232427,0,0,0,0,0,0,0,0,0,0,0,1,0,0,1,0,0,0,1,0,0
R224242290,0,0,0,0,0,0,0,0,0,0,0,0,0,0,1,0,0,0,1,1,0
R224271124,0,0,0,0,0,0,0,0,0,0,0,0,0,0,1,1,0,0,1,0,0
R224279137,0,0,0,0,0,0,1,1,0,0,0,0,0,0,1,0,0,0,1,0,0
R224290190,0,0,0,0,0,0,0,0,0,0,0,0,0,0,0,0,0,0,0,0,0
R224329802,0,0,0,0,0,0,0,0,0,0,0,0,0,0,0,0,0,0,0,0,0
R224331346,0,0,0,0,0,0,0,0,0,0,0,0,0,0,0,0,0,0,0,0,0
R224344991,0,0,0,0,0,0,0,0,0,0,0,0,0,0,0,0,0,0,0,0,0
R224352450,0,0,0,0,0,0,0,0,0,0,0,0,0,0,0,0,0,0,0,0,0
R224368752,0,0,0,0,0,0,0,0,0,0,0,0,0,0,0,0,0,0,0,0,0
R224398632,0,0,0,0,0,0,0,0,0,0,0,0,0,0,0,0,0,0,0,0,0
R224431991,0,0,0,0,0,0,1,1,0,0,0,0,0,0,0,0,0,0,0,0,0
R224439686,0,0,0,0,0,0,0,1,0,0,0,0,0,0,0,0,0,0,0,0,0
R224461357,0,0,0,0,0,0,0,0,0,0,0,1,0,0,1,0,0,0,0,0,0
R224466288,0,0,0,0,0,0,0,0,0,0,0,0,0,0,0,0,0,0,0,0,0
R224476591,0,0,0,0,0,0,0,0,0,0,0,0,0,0,0,0,0,0,0,0,0
R224486669,0,0,0,0,0,0,0,0,0,0,0,0,0,0,0,0,0,0,0,0,0
R224532093,0,0,0,0,0,0,0,0,0,0,0,0,0,0,0,0,0,0,0,0,0
R224544379,0,0,0,0,0,0,0,0,0,0,0,0,0,0,0,0,0,0,0,0,0
R224551384,0,0,0,0,0,0,1,1,0,0,0,1,0,1,0,0,0,0,0,0,0
R224555485,0,0,0,0,0,0,0,0,0,0,0,0,0,0,0,0,0,0,0,0,0
R224582345,0,0,0,0,0,0,0,0,0,0,0,0,0,0,1,0,0,0,0,0,0
R224606493,0,0,0,0,0,0,1,1,0,1,0,1,0,0,0,1,0,0,0,0,0
R224635954,0,0,0,0,0,0,1,1,0,0,0,1,0,0,0,0,0,0,0,0,0
R224648627,0,0,0,0,0,0,0,0,0,0,0,0,0,0,0,0,0,0,0,0,0
R224684465,0,0,0,0,0,0,1,1,0,0,0,0,0,0,0,0,0,0,0,0,0
R224694404,0,0,0,0,0,0,0,0,0,0,0,0,0,0,0,0,0,0,0,0,0
R224697958,0,0,0,0,0,0,0,0,0,0,0,0,0,0,1,1,0,0,0,0,0
R224701622,0,0,0,0,0,0,0,0,0,0,0,0,0,0,0,0,0,0,0,0,0
R224722089,0,0,0,0,0,0,0,0,0,0,0,0,0,0,0,0,0,0,0,0,0
R224742472,0,0,0,0,0,0,0,1,0,0,0,0,0,0,0,1,0,0,0,0,0
R224792591,0,0,0,0,0,0,0,0,0,0,0,0,0,0,0,0,0,0,0,0,0
R224803525,0,0,0,0,0,0,0,1,0,0,0,1,0,0,0,0,0,0,0,1,0
R224832285,0,0,0,0,0,0,1,1,0,1,0,1,0,0,1,1,0,0,1,0,0
R224888829,0,0,0,0,0,0,0,0,0,0,0,0,0,0,0,0,0,0,0,0,0
R224891883,0,0,0,0,0,0,0,0,0,0,0,1,0,0,0,1,0,0,0,0,0
R224928880,0,0,0,0,0,0,0,0,0,0,0,0,0,0,0,0,0,0,0,0,0
R224929010,0,0,0,0,0,0,1,1,0,0,0,0,0,0,1,0,0,0,1,0,0
R224940613,0,0,0,0,0,0,0,0,0,0,0,0,0,0,0,0,0,0,0,0,0
R224941538,0,0,0,0,0,0,0,0,0,0,0,0,0,0,0,0,0,0,0,0,0
R224944083,0,0,0,0,0,0,0,0,0,0,0,0,0,0,0,0,0,0,0,0,0
R224947903,0,0,0,0,0,0,0,0,0,0,0,0,0,0,0,0,0,0,0,0,0
R224951612,0,0,0,0,0,0,0,0,0,0,0,0,0,0,0,0,0,0,0,0,0
R224965023,0,0,0,0,0,0,1,1,0,0,0,0,0,0,0,0,0,0,0,0,0
R224974722,0,0,0,0,0,0,0,0,0,0,0,0,0,0,0,0,0,0,0,0,0
R225004678,0,0,0,0,0,0,0,1,0,0,0,1,0,1,0,0,0,0,0,0,0
R225026451,0,0,0,0,0,0,0,0,0,0,0,0,0,0,0,0,0,0,0,0,0
R225051166,0,0,0,0,0,0,0,0,0,0,0,0,0,0,0,0,0,0,0,0,0
R225066070,0,0,0,0,0,0,0,0,0,0,0,0,0,0,0,0,0,0,0,0,0
R225094041,0,0,0,0,0,0,0,1,0,0,0,1,0,1,0,0,0,0,0,1,0
R225113958,0,0,0,0,0,0,0,0,0,0,0,0,0,0,0,0,0,0,0,0,0
R225124686,0,0,0,0,0,0,1,1,0,1,0,0,0,0,1,1,0,0,1,0,0
R225133244,0,0,0,0,0,0,0,0,0,0,0,0,0,0,0,0,0,0,0,0,0
R225134895,0,0,0,0,0,0,0,0,0,0,0,0,0,0,0,0,0,0,0,0,0
R225152488,0,0,0,0,0,0,0,0,0,0,0,0,0,0,0,0,0,0,0,0,0
R225182468,0,0,0,0,0,0,0,0,0,0,0,0,0,0,0,1,0,0,0,0,0
R225199884,0,0,0,0,0,0,0,0,0,0,0,1,0,0,1,0,0,0,1,0,0
R225237323,0,0,0,0,0,0,1,1,0,0,0,0,0,0,0,0,0,0,0,0,0
R225237416,0,0,0,0,0,0,0,0,0,0,0,0,0,0,0,0,0,0,0,0,0
R225260637,0,0,0,0,0,0,0,0,0,0,0,0,0,0,0,0,0,0,0,0,0
R225266736,0,0,0,0,0,0,0,0,0,0,0,0,0,0,1,0,0,0,0,0,0
R225280639,0,0,0,0,0,0,0,0,0,0,0,1,0,0,0,0,0,0,0,0,0
R225287791,0,0,0,0,0,0,0,0,0,0,0,0,0,0,0,0,0,0,0,0,0
R225290090,0,0,0,0,0,0,1,1,0,0,0,1,0,0,0,0,0,0,0,0,0
R225295277,0,0,0,0,0,0,0,0,0,0,0,0,0,0,0,0,0,0,0,0,0
R225356334,0,0,0,0,0,0,0,0,0,0,0,0,0,0,0,0,0,0,0,0,0
R225381196,0,0,0,0,0,0,0,0,0,0,0,0,0,0,0,1,0,0,0,0,0
R225392743,0,0,0,0,0,0,0,0,0,0,0,1,0,0,0,0,0,0,0,0,0
R225436679,0,0,0,0,0,0,0,0,0,0,0,0,0,0,0,0,0,0,0,0,0
R225450505,0,0,0,0,0,0,0,0,0,0,0,0,0,0,0,0,0,0,0,0,0
R225514786,0,0,0,0,0,0,0,0,0,0,0,0,0,0,0,1,0,0,0,0,0
R225525807,0,0,0,0,0,0,0,0,0,0,0,0,0,0,1,0,0,0,1,0,0
R225580102,0,0,0,0,0,0,0,0,0,0,0,0,0,0,0,0,0,0,0,0,0
R225587772,0,0,0,0,0,0,0,0,0,0,0,0,0,0,0,0,0,0,0,0,0
R225631920,0,0,0,0,0,0,1,1,0,0,0,1,0,1,1,0,0,0,1,0,0
R225632626,0,0,0,0,0,0,0,0,0,0,0,0,0,0,0,0,0,0,0,0,0
R225648839,0,0,0,0,0,0,0,0,0,0,0,0,0,0,0,0,0,0,0,0,0
R225649043,0,0,0,0,0,0,0,0,0,0,0,0,0,0,0,1,0,0,0,0,0
R225655387,0,0,0,0,0,0,0,0,0,0,0,0,0,0,0,0,0,0,0,0,0
R225673151,0,0,0,0,0,0,0,0,0,0,0,1,0,0,0,0,0,0,0,0,0
R225704476,0,0,0,0,0,0,0,0,0,0,0,0,0,0,0,0,0,0,0,0,0
R225706741,0,0,0,0,0,0,0,0,0,0,0,0,0,0,0,0,0,0,0,0,0
R225723416,0,0,0,0,0,0,0,0,0,0,0,0,0,0,0,0,0,0,0,1,0
R225810036,0,0,0,0,0,0,0,0,0,0,0,0,0,0,0,0,0,0,0,0,0
R225812743,0,0,0,0,0,0,0,0,0,0,0,0,0,0,0,0,0,0,0,0,0
R225815852,0,0,0,0,0,0,0,0,0,0,0,0,0,0,0,0,0,0,0,0,0
R225817118,0,0,0,0,0,0,0,0,0,0,0,0,0,0,0,0,0,0,0,0,0
R225845975,0,0,0,0,0,0,0,0,0,0,0,0,0,0,0,0,0,0,0,0,0
R225856734,0,0,0,0,0,0,0,0,0,0,0,0,0,0,0,0,0,0,0,0,0
R225865256,0,0,0,0,0,0,0,0,0,0,0,1,0,0,0,1,0,0,0,0,0
R225905149,0,0,0,0,0,0,0,0,0,0,0,0,0,0,0,1,0,0,0,0,0
R225911737,0,0,0,0,0,0,0,0,0,0,0,0,0,0,0,0,0,0,0,0,0
R226049786,0,0,0,0,0,0,0,0,0,0,0,0,0,0,0,0,0,0,0,0,0
R226061377,0,0,0,0,0,0,0,0,0,0,0,0,0,0,0,0,0,0,0,0,0
R226074409,0,0,0,0,0,0,0,0,0,1,0,0,0,0,0,1,0,0,0,0,0
R226106952,0,0,0,0,0,0,0,0,0,0,0,0,0,0,0,0,0,0,0,0,0
R226112144,0,0,0,0,0,0,0,0,0,0,0,0,0,0,0,0,0,0,0,0,0
R226127538,0,0,0,0,0,0,0,0,0,0,0,0,0,0,0,0,0,0,0,1,0
R226143784,0,0,0,0,0,0,0,0,0,0,0,0,0,0,0,0,0,0,0,0,0
R226158811,0,0,0,0,0,0,0,0,0,0,0,0,0,0,0,0,0,0,0,0,0
R226173028,0,0,0,0,0,0,0,0,0,0,0,0,0,0,0,0,0,0,0,0,0
R226178453,0,0,0,0,0,0,0,0,0,0,0,0,0,0,0,0,0,0,0,0,0
R226182306,0,0,0,0,0,0,1,1,0,0,0,1,0,0,0,0,0,0,0,0,0
R226195121,0,0,0,0,0,0,0,0,0,0,0,0,0,0,0,0,0,0,0,0,0
R226207377,0,0,0,0,0,0,0,0,0,0,0,1,0,0,0,0,0,0,0,0,0
R226226189,0,0,0,0,0,0,0,0,0,0,0,0,0,0,0,0,0,0,0,1,0
R226252183,0,0,0,0,0,0,1,1,0,0,0,0,0,0,1,0,0,0,0,0,0
R226261284,0,0,0,0,0,0,0,0,0,0,0,0,0,0,1,0,0,0,0,0,0
R226276211,0,0,0,0,0,0,1,1,0,1,0,1,0,0,0,1,0,0,0,1,0
R226314902,0,0,0,0,0,0,0,1,0,0,0,0,0,0,0,0,0,0,0,0,0
R226341208,0,0,0,0,0,0,0,0,0,0,0,1,0,0,0,0,0,0,0,0,0
R226356249,0,0,0,0,0,0,0,0,0,0,0,0,0,0,0,0,0,0,0,0,0
R226382441,0,0,0,0,0,0,0,0,0,0,0,0,0,0,0,0,0,0,0,0,0
R226412465,0,0,0,0,0,0,0,0,0,0,0,0,0,0,1,0,0,0,1,0,0
R226420779,0,0,0,0,0,0,0,0,0,0,0,1,0,0,0,0,0,0,0,0,0
R226430231,0,0,0,0,0,0,0,0,0,0,0,0,0,0,0,0,0,0,0,0,0
R226436229,0,0,0,0,0,0,0,0,0,0,0,0,0,0,0,0,0,0,0,0,0
R226450737,0,0,0,0,0,0,0,0,0,0,0,0,0,0,1,0,0,0,0,0,0
R226464091,0,0,0,0,0,0,1,1,0,1,0,1,0,1,1,1,0,0,1,0,0
R226468496,0,0,0,0,0,0,0,0,0,0,0,0,0,0,1,0,0,0,0,0,0
R226480390,0,0,0,0,0,0,1,1,0,1,0,0,0,0,0,1,0,0,0,0,0
R226492009,0,0,0,0,0,0,0,0,0,0,0,0,0,0,0,0,0,0,0,0,0
R226498895,0,0,0,0,0,0,0,0,0,0,0,0,0,0,0,0,0,0,0,0,0
R226538220,0,0,0,0,0,0,0,0,0,0,0,0,0,0,0,0,0,0,0,0,0
R226545801,0,0,0,0,0,0,0,0,0,0,0,0,0,0,0,0,0,0,0,0,0
R226550715,0,0,0,0,0,0,0,0,0,0,0,0,0,0,0,0,0,0,0,1,0
R226560942,0,0,0,0,0,0,0,0,0,0,0,0,0,0,0,0,0,0,0,0,0
R226562301,0,0,0,0,0,0,0,0,0,0,0,0,0,0,0,0,0,0,0,0,0
R226562617,0,0,0,0,0,0,0,0,0,0,0,1,0,0,0,0,0,0,0,0,0
R226566607,0,0,0,0,0,0,1,1,0,0,0,0,0,0,1,0,0,0,0,0,0
R226566692,0,0,0,0,0,0,0,0,0,0,0,0,0,0,0,0,0,0,0,0,0
R226588956,0,0,0,0,0,0,0,0,0,0,0,1,0,0,0,0,0,0,0,0,0
R226604645,0,0,0,0,0,0,0,0,0,0,0,0,0,0,0,0,0,0,0,0,0
R226606711,0,0,0,0,0,0,0,0,0,0,0,0,0,0,0,0,0,0,0,0,0
R226607391,0,0,0,0,0,0,1,1,0,0,0,0,0,0,1,0,0,0,0,0,0
R226628670,0,0,0,0,0,0,0,0,0,0,0,0,0,0,0,0,0,0,0,0,0
R226647949,0,0,0,0,0,0,0,0,0,0,0,0,0,0,0,0,0,0,0,0,0
R226686498,0,0,0,0,0,0,0,0,0,0,0,0,0,0,0,0,0,0,0,0,0
R226701344,0,0,0,0,0,0,0,0,0,0,0,0,0,0,0,0,0,0,0,0,0
R226704418,0,0,0,0,0,0,0,0,0,0,0,0,0,0,0,0,0,0,0,0,0
R226716629,0,0,0,0,0,0,0,0,0,0,0,0,0,0,0,1,0,0,0,0,0
R226726320,0,0,0,0,0,0,0,1,0,0,0,0,0,0,0,0,0,0,0,0,0
R226750758,0,0,0,0,0,0,0,0,0,0,0,1,0,0,0,0,0,0,0,0,0
R226752067,0,0,0,0,0,0,0,0,0,0,0,0,0,0,0,1,0,0,0,0,0
R226806733,0,0,0,0,0,0,0,0,0,0,0,0,0,0,1,0,0,0,0,0,0
R226837322,0,0,0,0,0,0,1,1,0,0,0,1,0,0,0,0,0,0,0,0,0
R226850169,0,0,0,0,0,0,0,0,0,0,0,0,0,0,0,0,0,0,0,0,0
R226850765,0,0,0,0,0,0,0,0,0,0,0,0,0,0,0,0,0,0,0,0,0
R226899811,0,0,0,0,0,0,0,0,0,0,0,0,0,0,0,0,0,0,0,0,0
R226919719,0,0,0,0,0,0,0,0,0,0,0,0,0,0,0,0,0,0,0,0,0
R226925371,0,0,0,0,0,0,0,0,0,0,0,1,0,0,0,1,0,0,0,0,0
R226925481,0,0,0,0,0,0,0,0,0,0,0,0,0,0,0,0,0,0,0,0,0
R226964557,0,0,0,0,0,0,0,0,0,0,0,0,0,0,0,0,0,0,0,0,0
R226966546,0,0,0,0,0,0,0,0,0,0,0,0,0,0,0,0,0,0,0,0,0
R227007143,0,0,0,0,0,0,0,0,0,0,0,0,0,0,0,0,0,0,0,0,0
R227029629,0,0,0,0,0,0,1,1,0,1,0,0,0,0,0,1,0,0,0,0,0
R227035252,0,0,0,0,0,0,0,0,0,0,0,0,0,0,0,0,0,0,0,0,0
R227075998,0,0,0,0,0,0,0,0,0,0,0,0,0,0,1,1,0,0,0,0,0
R227113932,0,0,0,0,0,0,0,0,0,0,0,0,0,0,0,0,0,0,0,0,0
R227145564,0,0,0,0,0,0,0,0,0,0,0,0,0,0,0,0,0,0,0,0,0
R227154608,0,0,0,0,0,0,0,0,0,0,0,0,0,0,1,0,0,0,1,0,0
R227156695,0,0,0,0,0,0,0,0,0,0,0,0,0,0,0,0,0,0,0,0,0
R227167291,0,0,0,0,0,0,0,0,0,0,0,0,0,0,0,0,0,0,0,0,0
R227212458,0,0,0,0,0,0,0,0,0,0,0,1,0,0,0,0,0,0,0,0,0
R227219115,0,0,0,0,0,0,0,0,0,0,0,0,0,0,0,0,0,0,0,0,0
R227304056,0,0,0,0,0,0,0,0,0,0,0,0,0,0,1,0,0,0,1,0,0
R227308669,0,0,0,0,0,0,0,0,0,0,0,0,0,0,1,0,0,0,1,0,0
R227322316,0,0,0,0,0,0,0,0,0,0,0,0,0,0,0,0,0,0,0,0,0
R227326564,0,0,0,0,0,0,0,0,0,0,0,0,0,0,0,0,0,0,0,0,0
R227388963,0,0,0,0,0,0,0,0,0,0,0,0,0,0,0,0,0,0,0,0,0
R227394680,0,0,0,0,0,0,0,0,0,0,0,0,0,0,0,0,0,0,0,0,0
R227396269,0,0,0,0,0,0,0,0,0,0,0,0,0,0,1,0,0,0,0,0,0
R227396596,0,0,0,0,0,0,1,1,0,0,0,1,0,0,0,1,0,0,0,1,0
R227397685,0,0,0,0,0,0,0,0,0,0,0,0,0,0,0,0,0,0,0,0,0
R227427167,0,0,0,0,0,0,0,0,0,0,0,0,0,0,0,0,0,0,0,0,0
R227451737,0,0,0,0,0,0,0,0,0,0,0,1,0,0,0,0,0,0,0,1,0
R227474841,0,0,0,0,0,0,0,0,0,0,0,0,0,0,0,0,0,0,0,0,0
R227553999,0,0,0,0,0,0,0,0,0,0,0,0,0,0,0,0,0,0,0,0,0
R227577519,0,0,0,0,0,0,0,1,0,0,0,0,0,0,0,0,0,0,0,0,0
R227578479,0,0,0,0,0,0,0,0,0,0,0,0,0,0,0,0,0,0,0,0,0
R227578864,0,0,0,0,0,0,0,0,0,0,0,1,0,0,1,0,0,0,0,0,0
R227585506,0,0,0,0,0,0,0,0,0,0,0,1,0,0,0,1,0,0,0,0,0
R227603658,0,0,0,0,0,0,0,0,0,0,0,0,0,0,0,0,0,0,0,0,0
R227610543,0,0,0,0,0,0,0,0,0,0,0,0,0,0,0,0,0,0,0,0,0
R227631933,0,0,0,0,0,0,0,0,0,0,0,0,0,0,0,0,0,0,0,0,0
R227662518,0,0,0,0,0,0,0,0,0,0,0,0,0,0,1,0,0,0,1,0,0
R227662640,0,0,0,0,0,0,1,1,0,0,0,0,0,0,1,0,0,0,0,0,0
R227739246,0,0,0,0,0,0,0,0,0,0,0,0,0,0,0,0,0,0,0,0,0
R227743878,0,0,0,0,0,0,0,0,0,0,0,0,0,0,0,0,0,0,0,0,0
R227772338,0,0,0,0,0,0,0,0,0,0,0,0,0,0,0,0,0,0,0,0,0
R227785752,0,0,0,0,0,0,0,0,0,0,0,0,0,0,0,0,0,0,0,0,0
R227805656,0,0,0,0,0,0,0,1,0,0,0,0,0,0,0,0,0,0,0,0,0
R227863782,0,0,0,0,0,0,0,0,0,0,0,0,0,0,0,0,0,0,0,0,0
R227920150,0,0,0,0,0,0,0,0,0,0,0,0,0,0,0,0,0,0,0,0,0
R227937018,0,0,0,0,0,0,0,0,0,0,0,1,0,0,0,0,0,0,0,0,0
R227948380,0,0,0,0,0,0,1,1,0,0,0,0,0,0,0,0,0,0,0,0,0
R227956009,0,0,0,0,0,0,0,0,0,0,0,0,0,0,0,0,0,0,0,0,0
R227969522,0,0,0,0,0,0,0,0,0,0,0,0,0,0,0,0,0,0,0,0,0
R228008610,0,0,0,0,0,0,0,0,0,0,0,0,0,0,0,0,0,0,0,0,0
R228010396,0,0,0,0,0,0,0,0,0,0,0,0,0,0,0,0,0,0,0,0,0
R228028504,0,0,0,0,0,0,0,0,0,0,0,0,0,0,0,0,0,0,0,0,0
R228052374,0,0,0,0,0,0,0,0,0,0,0,0,0,0,0,0,0,0,0,0,0
R228053299,0,0,0,0,0,0,0,0,0,0,0,0,0,0,0,0,0,0,0,0,0
R228060670,0,0,0,0,0,0,0,0,0,0,0,0,0,0,0,0,0,0,0,0,0
R228074505,0,0,0,0,0,0,0,0,0,0,0,0,0,0,0,0,0,0,0,0,0
R228110852,0,0,0,0,0,0,0,0,0,0,0,1,0,0,0,0,0,0,0,0,0
R228121216,0,0,0,0,0,0,0,0,0,0,0,0,0,0,0,0,0,0,0,0,0
R228135437,0,0,0,0,0,0,1,1,0,0,0,1,0,0,0,1,0,0,0,1,0
R228139064,0,0,0,0,0,0,0,0,0,0,0,0,0,0,0,0,0,0,0,0,0
R228177585,0,0,0,0,0,0,0,0,0,0,0,0,0,0,0,0,0,0,0,0,0
R228198890,0,0,0,0,0,0,0,0,0,0,0,0,0,0,0,0,0,0,0,0,0
R228200207,0,0,0,0,0,0,0,0,0,0,0,1,0,0,0,0,0,0,0,1,0
R228218219,0,0,0,0,0,0,0,0,0,0,0,0,0,0,0,0,0,0,0,0,0
R228234644,0,0,0,0,0,0,0,0,0,0,0,0,0,0,0,0,0,0,0,0,0
R228246722,0,0,0,0,0,0,1,1,0,1,0,0,0,0,1,1,0,0,0,0,0
R228286067,0,0,0,0,0,0,0,0,0,0,0,0,0,0,0,0,0,0,0,0,0
R228311270,0,0,0,0,0,0,0,0,0,0,0,0,0,0,0,0,0,0,0,0,0
R228333663,0,0,0,0,0,0,0,0,0,0,0,0,0,0,0,0,0,0,0,0,0
R228376217,0,0,0,0,0,0,0,0,0,0,0,0,0,0,0,0,0,0,0,0,0
R228398724,0,0,0,0,0,0,0,0,0,0,0,0,0,0,0,0,0,0,0,0,0
R228410534,0,0,0,0,0,0,0,0,0,0,0,1,0,0,0,0,0,0,0,0,0
R228417212,0,0,0,0,0,0,0,0,0,0,0,0,0,0,0,0,0,1,0,0,0
R228421175,0,0,0,0,0,0,0,0,0,0,0,1,0,0,0,0,0,0,0,0,0
R228421271,0,0,0,0,0,0,0,0,0,0,0,1,0,0,0,0,0,0,0,0,0
R228445369,0,0,0,0,0,0,0,0,0,0,0,0,0,0,0,0,0,0,0,0,0
R228472330,0,0,0,0,0,0,0,0,0,0,0,0,0,0,0,0,0,0,0,1,0
R228478334,0,0,0,0,0,0,0,0,0,0,0,0,0,0,0,0,0,0,0,0,0
R228492244,0,0,0,0,0,0,0,0,0,0,0,1,0,0,0,1,0,0,0,0,0
R228580228,0,0,0,0,0,0,0,0,0,0,0,0,0,0,0,0,0,0,0,1,0
R228643445,0,0,0,0,0,0,0,0,0,0,0,0,0,0,0,0,0,0,0,0,0
R228654475,0,0,0,0,0,0,0,1,0,0,0,0,0,0,0,0,0,0,0,0,0
R228656940,0,0,0,0,0,0,0,0,0,0,0,0,0,0,1,0,0,0,1,1,0
R228686573,0,0,0,0,0,0,0,0,0,0,0,0,0,0,1,0,0,0,1,0,0
R228703222,0,0,0,0,0,0,0,0,0,0,0,0,0,0,0,0,0,0,0,0,0
R228712743,0,0,0,0,0,0,0,0,0,0,0,0,0,0,0,0,0,0,0,0,0
R228725611,0,0,0,0,0,0,0,0,0,0,0,0,0,0,0,0,0,0,0,0,0
R228729364,0,0,0,0,0,0,0,0,0,0,0,1,0,0,0,0,0,0,0,0,0
R228734791,0,0,0,0,0,0,0,0,0,0,0,0,0,0,0,0,0,0,0,0,0
R228742695,0,0,0,0,0,0,0,0,0,0,0,0,0,0,0,0,0,0,0,1,0
R228760146,0,0,0,0,0,0,0,0,0,0,0,1,0,0,0,0,0,0,0,0,0
R228768684,0,0,0,0,0,0,0,0,0,0,0,0,0,0,0,0,0,0,0,0,0
R228774150,0,0,0,0,0,0,0,1,0,0,0,0,0,0,0,0,1,0,0,1,0
R228802303,0,0,0,0,0,0,0,0,0,0,0,0,0,0,0,0,0,0,0,0,0
R228838229,0,0,0,0,0,0,0,0,0,0,0,0,0,0,0,0,0,0,0,0,0
R228850567,0,0,0,0,0,0,0,0,0,0,0,0,0,0,0,0,0,0,0,0,0
R228857800,0,0,0,0,0,0,0,0,0,0,0,0,0,0,0,0,0,0,0,0,0
R228874274,0,0,0,0,0,0,0,0,0,0,0,0,0,0,0,0,0,0,0,0,0
R228875594,0,0,0,0,0,0,0,0,0,0,0,0,0,0,0,0,0,0,0,0,0
R228912322,0,0,0,0,0,0,0,0,0,0,0,1,0,0,0,0,0,0,0,0,0
R228942921,0,0,0,0,0,0,1,1,0,0,0,0,0,0,0,0,0,0,0,0,0
R228949276,0,0,0,0,0,0,0,0,0,0,0,0,0,0,0,0,0,0,0,0,0
R228971662,0,0,0,0,0,0,0,0,0,0,0,0,0,0,0,1,0,0,0,0,0
R228981463,0,0,0,0,0,0,0,0,0,0,0,1,0,0,1,0,0,0,0,0,0
R228994717,0,0,0,0,0,0,0,0,0,0,0,0,0,0,0,0,0,0,0,1,0
R229015812,0,0,0,0,0,0,0,1,0,0,0,1,0,1,0,0,1,0,0,1,0
R229018547,0,0,0,0,0,0,0,0,0,0,0,0,0,0,0,0,0,0,0,0,0
R229116157,0,0,0,0,0,0,0,0,0,0,0,1,0,0,0,0,0,0,0,0,0
R229127023,0,0,0,0,0,0,0,0,0,0,0,0,0,0,0,0,0,0,0,0,0
R229134648,0,0,0,0,0,0,0,0,0,0,0,0,0,0,0,0,0,0,0,0,0
R229152685,0,0,0,0,0,0,0,0,0,0,0,1,0,0,1,0,0,0,0,0,0
R229181294,0,0,0,0,0,0,0,0,0,0,0,0,0,0,0,0,0,0,0,0,0
R229199546,0,0,0,0,0,0,0,0,0,0,0,1,0,0,1,0,0,0,0,0,0
R229199907,0,0,0,0,0,0,1,1,0,0,0,1,0,0,1,0,0,0,0,0,0
R229212429,0,0,0,0,0,0,0,0,0,0,0,0,0,0,0,0,0,0,0,0,0
R229214325,0,0,0,0,0,0,0,0,0,0,0,0,0,0,0,0,0,0,0,0,0
R229215023,0,0,0,0,0,0,0,0,0,0,0,0,0,0,0,0,0,0,0,0,0
R229217198,0,0,0,0,0,0,0,0,0,0,0,0,0,0,0,0,0,0,0,0,0
R229245865,0,0,0,0,0,0,0,0,0,0,0,0,0,0,0,0,0,0,0,0,0
R229264722,0,0,0,0,0,0,0,0,0,0,0,0,0,0,1,0,0,0,0,0,0
R229284677,0,0,0,0,0,0,1,1,0,0,0,1,0,0,0,0,0,0,0,0,0
R229289118,0,0,0,0,0,0,0,0,0,0,0,0,0,0,0,0,0,0,0,1,0
R229290701,0,0,0,0,0,0,1,1,0,0,0,0,0,0,0,0,0,0,0,0,0
R229330172,0,0,0,0,0,0,0,0,0,0,0,0,0,0,0,0,0,0,0,0,0
R229347028,0,0,0,0,0,0,0,0,0,0,0,0,0,0,1,0,1,0,1,1,0
R229351154,0,0,0,0,0,0,0,0,0,0,0,0,0,0,0,0,0,0,0,0,0
R229358147,0,0,0,0,0,0,0,0,0,0,0,0,0,0,0,0,0,0,0,0,0
R229413592,0,0,0,0,0,0,0,0,0,0,0,0,0,0,1,0,0,0,1,0,0
R229494739,0,0,0,0,0,0,0,0,0,0,0,0,0,0,0,0,0,0,0,0,0
R229496370,0,0,0,0,0,0,0,0,0,0,0,0,0,0,0,0,0,0,0,1,0
R229497163,0,0,0,0,0,0,0,0,0,0,0,0,0,0,0,0,0,0,0,0,0
R229511191,0,0,0,0,0,0,0,0,0,0,0,0,0,0,0,0,0,0,0,0,0
R229522997,0,0,0,0,0,0,0,0,0,0,0,0,0,0,0,0,0,0,0,0,0
R229557656,0,0,0,0,0,0,0,0,0,0,0,0,0,0,0,0,0,0,0,0,0
R229560315,0,0,0,0,0,0,0,0,0,0,0,0,0,0,0,0,0,0,0,0,0
R229572590,0,0,0,0,0,0,0,0,0,0,0,0,0,0,0,0,0,0,0,0,0
R229574462,0,0,0,0,0,0,0,0,0,0,0,0,0,0,0,0,0,0,0,0,0
R229574467,0,0,0,0,0,0,0,0,0,0,0,0,0,0,0,0,0,0,0,0,0
R229584959,0,0,0,0,0,0,1,1,0,0,0,1,0,0,0,0,0,0,0,0,0
R229619577,0,0,0,0,0,0,0,0,0,0,0,0,0,0,1,0,0,0,0,0,0
R229628314,0,0,0,0,0,0,0,0,0,0,0,0,0,0,0,0,0,0,0,0,0
R229664534,0,0,0,0,0,0,0,0,0,0,0,0,0,0,0,0,0,0,0,0,0
R229689748,0,0,0,0,0,0,0,0,0,0,0,0,0,0,0,0,0,0,0,0,0
R229692077,0,0,0,0,0,0,0,0,0,0,0,1,0,0,0,0,0,0,0,0,0
R229696418,0,0,0,0,0,0,0,0,0,0,0,0,0,0,0,0,0,0,0,0,0
R229697599,0,0,0,0,0,0,0,0,0,0,0,0,0,0,1,0,1,0,0,1,0
R229747566,0,0,0,0,0,0,0,0,0,0,0,0,0,0,0,0,0,0,0,0,0
R229750000,0,0,0,0,0,0,0,0,0,0,0,0,0,0,0,0,0,0,0,0,0
R229753036,0,0,0,0,0,0,0,0,0,0,0,0,0,0,0,0,0,0,0,0,0
R229799156,0,0,0,0,0,0,0,0,0,0,0,0,0,0,0,0,0,0,0,0,0
R229834688,0,0,0,0,0,0,0,0,0,0,0,0,0,0,0,0,0,0,0,0,0
R229856442,0,0,0,0,0,0,0,0,0,0,0,1,0,0,0,0,0,0,0,0,0
R229866843,0,0,0,0,0,0,0,0,0,0,0,0,0,0,0,0,0,0,0,0,0
R229877173,0,0,0,0,0,0,0,0,0,0,0,0,0,0,0,0,0,0,0,0,0
R229885938,0,0,0,0,0,0,0,0,0,0,0,0,0,0,0,0,0,0,0,0,0
R229900324,0,0,0,0,0,0,0,0,0,0,0,1,0,0,0,0,0,0,0,1,0
R229907032,0,0,0,0,0,0,0,0,0,0,0,0,0,0,0,0,0,0,0,0,0
R229916983,0,0,0,0,0,0,0,0,0,0,0,0,0,0,0,0,0,0,0,0,0
R229935022,0,0,0,0,0,0,0,0,0,0,0,0,0,0,0,0,0,0,0,0,0
R229951012,0,0,0,0,0,0,0,0,0,0,0,0,0,0,0,0,0,0,0,0,0
R229956633,0,0,0,0,0,0,0,0,0,0,0,0,0,0,0,0,0,0,0,0,0
R229977106,0,0,0,0,0,0,1,1,0,0,0,1,0,0,1,1,0,0,1,0,0
R230001163,0,0,0,0,0,0,0,0,0,0,0,1,0,0,0,0,0,0,0,0,0
R230015289,0,0,0,0,0,0,1,1,0,0,0,0,0,0,1,1,0,0,0,0,0
R230016551,0,0,0,0,0,0,0,0,0,0,0,0,0,0,0,0,0,0,0,1,0
R230039347,0,0,0,0,0,0,1,1,0,0,0,1,0,0,0,1,0,0,0,0,0
R230039938,0,0,0,0,0,0,0,0,0,0,0,1,0,0,0,0,0,0,0,0,0
R230047818,0,0,0,0,0,0,0,0,0,0,0,0,0,0,0,0,0,0,0,0,0
R230050843,0,0,0,0,0,0,0,0,0,0,0,0,0,0,0,0,0,0,0,0,0
R230093547,0,0,0,0,0,0,0,1,0,1,0,0,0,0,0,1,0,0,0,0,0
R230108997,0,0,0,0,0,0,0,0,0,0,0,0,0,0,0,0,0,0,0,0,0
R230114904,0,0,0,0,0,0,0,0,0,0,0,0,0,0,0,0,0,0,0,0,0
R230117547,0,0,0,0,0,0,0,0,0,0,0,0,0,0,0,1,0,0,0,0,0
R230181203,0,0,0,0,0,0,0,0,0,0,0,0,0,0,0,0,0,0,0,0,0
R230189158,0,0,0,0,0,0,1,1,0,0,0,0,0,0,1,0,0,0,0,0,0
R230193332,0,0,0,0,0,0,0,0,0,0,0,0,0,0,0,0,0,0,0,0,0
R230199946,0,0,0,0,0,0,0,1,0,0,0,1,0,1,0,0,0,0,0,0,0
R230213373,0,0,0,0,0,0,0,0,0,1,0,0,0,0,0,1,0,0,0,0,0
R230214796,0,0,0,0,0,0,0,0,0,0,0,0,0,0,1,0,0,0,1,0,0
R230259091,0,0,0,0,0,0,0,0,0,0,0,0,0,0,0,0,0,0,0,1,0
R230293177,0,0,0,0,0,0,0,0,0,0,0,0,0,0,0,0,0,0,0,0,0
R230297166,0,0,0,0,0,0,0,0,0,0,0,0,0,0,0,0,0,0,0,0,0
R230310681,0,0,0,0,0,0,0,0,0,0,0,0,0,0,0,0,0,0,0,0,0
R230318252,0,0,0,0,0,0,0,0,0,0,0,0,0,0,0,0,0,0,0,0,0
R230332356,0,0,0,0,0,0,0,0,0,0,0,0,0,0,0,0,0,0,0,0,0
R230395279,0,0,0,0,0,0,0,0,0,0,0,0,0,0,0,1,0,0,0,0,0
R230406445,0,0,0,0,0,0,0,0,0,0,0,0,0,0,0,0,0,0,0,0,0
R230437145,0,0,0,0,0,0,0,0,0,0,0,0,0,0,0,0,0,0,0,0,0
R230451001,0,0,0,0,0,0,0,0,0,0,0,0,0,0,0,0,0,0,0,0,0
R230457942,0,0,0,0,0,0,0,0,0,0,0,0,0,0,0,0,0,0,0,0,0
R230465239,0,0,0,0,0,0,0,0,0,0,0,0,0,0,0,0,0,0,0,0,0
R230487272,0,0,0,0,0,0,0,0,0,0,0,0,0,0,0,0,0,0,0,0,0
R230490310,0,0,0,0,0,0,0,0,0,0,0,0,0,0,0,0,0,0,0,1,0
R230523384,0,0,0,0,0,0,0,0,0,0,0,0,0,0,0,0,0,0,0,0,0
R230531086,0,0,0,0,0,0,0,0,0,0,0,0,0,0,0,0,0,0,0,0,0
R230536916,0,0,0,0,0,0,0,0,0,0,0,1,0,0,0,1,0,0,0,0,0
R230561730,0,0,0,0,0,0,1,1,0,0,0,1,0,0,0,0,0,0,0,0,0
R230587752,0,0,0,0,0,0,0,0,0,0,0,0,0,0,0,0,0,0,0,1,0
R230589438,0,0,0,0,0,0,0,0,0,0,0,0,0,0,0,0,0,0,0,0,0
R230673444,0,0,0,0,0,0,0,0,0,0,0,0,0,0,0,0,0,0,0,0,0
R230676480,0,0,0,0,0,0,0,0,0,0,0,0,0,0,0,0,0,0,0,0,0
R230681942,0,0,0,0,0,0,1,1,0,0,0,0,0,0,0,0,0,0,0,0,0
R230711798,0,0,0,0,0,0,0,0,0,0,0,0,0,0,0,0,0,0,0,0,0
R230732225,0,0,0,0,0,0,0,0,0,0,0,0,0,0,1,0,0,0,1,0,0
R230732503,0,0,0,0,0,0,0,0,0,0,0,1,0,0,1,0,0,0,0,0,0
R230736954,0,0,0,0,0,0,0,0,0,0,0,0,0,0,0,0,0,0,0,0,0
R230744731,0,0,0,0,0,0,0,0,0,0,0,0,0,0,0,0,0,0,0,0,0
R230771967,0,0,0,0,0,0,0,0,0,0,0,0,0,0,0,0,0,0,0,0,0
R230773182,0,0,0,0,0,0,0,0,0,0,0,0,0,0,0,0,0,0,0,0,0
R230833972,0,0,0,0,0,0,0,0,0,0,0,0,0,0,0,0,0,0,0,0,0
R230846567,0,0,0,0,0,0,0,0,0,0,0,0,0,0,0,0,0,0,0,0,0
R230897291,0,0,0,0,0,0,0,0,0,0,0,0,0,0,0,0,0,0,0,0,0
R230916772,0,0,0,0,0,0,0,0,0,0,0,1,0,0,0,0,0,0,0,0,0
R230920978,0,0,0,0,0,0,0,0,0,0,0,0,0,0,0,0,0,0,0,0,0
R230927607,0,0,0,0,0,0,0,0,0,0,0,0,0,0,0,0,0,0,0,0,0
R230953621,0,0,0,0,0,0,0,0,0,0,0,0,0,0,0,0,0,0,0,0,0
R230956035,0,0,0,0,0,0,0,0,0,0,0,0,0,0,0,0,0,0,0,0,0
R230991997,0,0,0,0,0,0,0,0,0,0,0,0,0,0,0,0,0,0,0,0,0
R230997676,0,0,0,0,0,0,0,0,0,0,0,1,0,0,0,0,0,0,0,0,0
R231007459,0,0,0,0,0,0,0,0,0,0,0,0,0,0,0,0,0,0,0,0,0
R231026772,0,0,0,0,0,0,0,0,0,0,0,0,0,0,0,0,0,0,0,0,0
R231034767,0,0,0,0,0,0,0,0,0,0,0,0,0,0,0,0,0,0,0,0,0
R231048845,0,0,0,0,0,0,0,0,0,0,0,0,0,0,0,0,0,0,0,0,0
R231094640,0,0,0,0,0,0,0,0,0,0,0,0,0,0,0,0,0,0,0,0,0
R231135302,0,0,0,0,0,0,0,0,0,1,0,0,0,0,0,1,0,0,0,0,0
R231142823,0,0,0,0,0,0,0,0,0,0,0,1,0,0,0,1,0,0,0,1,0
R231144640,0,0,0,0,0,0,0,0,0,0,0,0,0,0,0,0,0,0,0,0,0
R231217307,0,0,0,0,0,0,0,0,0,0,0,1,0,0,0,0,0,0,0,0,0
R231218622,0,0,0,0,0,0,0,0,0,0,0,0,0,0,0,0,0,0,0,0,0
R231228066,0,0,0,0,0,0,0,0,0,0,0,0,0,0,0,0,0,0,0,0,0
R231234208,0,0,0,0,0,0,0,0,0,0,0,0,0,0,0,0,0,0,0,0,0
R231240373,0,0,0,0,0,0,0,0,0,0,0,0,0,0,0,0,0,0,0,0,0
R231245472,0,0,0,0,0,0,0,0,0,0,0,1,0,0,0,0,0,0,0,0,0
R231275675,0,0,0,0,0,0,0,0,0,0,0,0,0,0,0,0,0,0,0,0,0
R231283703,0,0,0,0,0,0,0,0,0,0,0,0,0,0,0,0,0,0,0,1,0
R231302946,0,0,0,0,0,0,0,0,0,0,0,0,0,0,0,0,0,0,0,0,0
R231327733,0,0,0,0,0,0,0,0,0,0,0,0,0,0,1,0,0,0,0,0,0
R231332660,0,0,0,0,0,0,1,1,0,0,0,0,0,0,0,0,0,0,0,1,0
R231374323,0,0,0,0,0,0,0,0,0,0,0,1,0,0,0,0,0,0,0,1,0
R231384226,0,0,0,0,0,0,0,0,0,0,0,0,0,0,0,0,0,0,0,1,0
R231392621,0,0,0,0,0,0,0,1,0,0,0,1,0,1,0,0,0,0,0,1,0
R231409833,0,0,0,0,0,0,0,0,0,0,0,0,0,0,1,0,1,0,1,1,0
R231430507,0,0,0,0,0,0,0,0,0,0,0,0,0,0,0,0,0,0,0,0,0
R231434869,0,0,0,0,0,0,0,0,0,0,0,0,0,0,0,0,0,0,0,0,0
R231493111,0,0,0,0,0,0,0,0,0,0,0,0,0,0,1,0,0,0,0,0,0
R231526814,0,0,0,0,0,0,0,0,0,0,0,1,0,0,0,0,0,0,0,0,0
R231541701,0,0,0,0,0,0,1,1,0,0,0,1,0,0,1,1,0,0,0,0,0
R231596681,0,0,0,0,0,0,0,0,0,0,0,0,0,0,0,0,0,0,0,0,0
R231610828,0,0,0,0,0,0,0,0,0,0,0,0,0,0,0,0,0,0,0,0,0
R231631019,0,0,0,0,0,0,0,0,0,0,0,0,0,0,0,0,0,0,0,0,0
R231641335,0,0,0,0,0,0,0,0,0,0,0,0,0,0,0,0,0,0,0,0,0
R231647217,0,0,0,0,0,0,0,0,0,0,0,0,0,0,0,0,0,0,0,1,0
R231657680,0,0,0,0,0,0,0,0,0,0,0,0,0,0,0,0,0,0,0,0,0
R231664850,0,0,0,0,0,0,0,0,0,0,0,1,0,0,0,0,0,0,0,0,0
R231681531,0,0,0,0,0,0,0,0,0,0,0,0,0,0,0,0,0,0,0,0,0
R231683368,0,0,0,0,0,0,0,0,0,0,0,0,0,0,0,0,0,0,0,0,0
R231749438,0,0,0,0,0,0,0,1,0,0,0,0,0,0,0,0,0,0,0,0,0
R231778321,0,0,0,0,0,0,0,0,0,0,0,0,0,0,0,0,0,0,0,0,0
R231791701,0,0,0,0,0,0,0,1,0,0,0,1,0,0,1,1,0,0,0,0,0
R231798479,0,0,0,0,0,0,0,0,0,0,0,0,0,0,0,0,0,0,0,0,0
R231798789,0,0,0,0,0,0,1,1,0,0,0,0,0,0,0,0,0,0,0,0,0
R231841436,0,0,0,0,0,0,0,0,0,0,0,1,0,0,0,0,0,0,0,0,0
R231850469,0,0,0,0,0,0,0,1,0,1,0,0,0,0,0,1,0,0,0,0,0
R231891885,0,0,0,0,0,0,0,0,0,0,0,0,0,0,0,0,0,0,0,0,0
R231897661,0,0,0,0,0,0,0,0,0,0,0,0,0,0,0,0,0,0,0,0,0
R231914966,0,0,0,0,0,0,0,0,0,0,0,0,0,0,0,0,0,0,0,0,0
R231919290,0,0,0,0,0,0,0,0,0,0,0,0,0,0,0,0,0,0,0,0,0
R231944709,0,0,0,0,0,0,0,0,0,0,0,0,0,0,0,0,0,0,0,0,0
R231946248,0,0,0,0,0,0,0,0,0,0,0,1,0,0,0,0,0,0,0,0,0
R231952605,0,0,0,0,0,0,0,0,0,0,0,0,0,0,0,0,0,0,0,0,0
R231952692,0,0,0,0,0,0,0,0,0,0,0,1,0,0,0,0,0,0,0,0,0
R231953097,0,0,0,0,0,0,0,0,0,0,0,0,0,0,0,0,0,0,0,0,0
R231957823,0,0,0,0,0,0,0,0,0,0,0,0,0,0,0,0,0,0,0,0,0
R231995233,0,0,0,0,0,0,0,0,0,0,0,0,0,0,0,0,0,0,0,0,0
R232024940,0,0,0,0,0,0,0,0,0,0,0,0,0,0,0,0,1,0,0,1,0
R232032711,0,0,0,0,0,0,0,0,0,0,0,0,0,0,0,0,0,0,0,0,0
R232036407,0,0,0,0,0,0,0,0,0,0,0,0,0,0,0,0,0,0,0,0,0
R232076166,0,0,0,0,0,0,0,0,0,0,0,0,0,0,1,0,0,0,1,0,0
R232085615,0,0,0,0,0,0,0,1,0,0,0,1,0,0,0,0,0,0,0,0,0
R232089655,0,0,0,0,0,0,0,0,0,0,0,0,0,0,0,0,0,0,0,0,0
R232102093,0,0,0,0,0,0,1,1,0,0,0,1,0,0,1,0,0,0,0,0,0
R232102466,0,0,0,0,0,0,0,0,0,0,0,0,0,0,0,0,0,0,0,0,0
R232102733,0,0,0,0,0,0,0,0,0,0,0,0,0,0,0,0,0,0,0,0,0
R232182187,0,0,0,0,0,0,0,0,0,0,0,0,0,0,0,0,0,0,0,0,0
R232231684,0,0,0,0,0,0,0,0,0,0,0,0,0,0,0,0,0,0,0,0,0
R232235771,0,0,0,0,0,0,0,0,0,0,0,0,0,0,0,0,0,0,0,0,0
R232271060,0,0,0,0,0,0,0,0,0,0,0,0,0,0,0,0,0,0,0,0,0
R232274433,0,0,0,0,0,0,0,0,0,0,0,0,0,0,0,0,0,0,0,0,0
R232277091,0,0,0,0,0,0,0,0,0,0,0,0,0,0,0,0,0,0,0,0,0
R232282045,0,0,0,0,0,0,0,0,0,0,0,0,0,0,0,0,0,0,0,0,0
R232287037,0,0,0,0,0,0,0,0,0,0,0,1,0,0,0,0,0,0,0,0,0
R232343418,0,0,0,0,0,0,0,0,0,0,0,0,0,0,0,0,0,0,0,0,0
R232347985,0,0,0,0,0,0,0,0,0,1,0,0,0,0,0,1,0,0,0,0,0
R232366366,0,0,0,0,0,0,0,0,0,1,0,0,0,0,0,1,0,0,0,0,0
R232378060,0,0,0,0,0,0,0,0,0,0,0,0,0,0,0,0,0,0,0,1,0
R232389020,0,0,0,0,0,0,0,0,0,0,0,0,0,0,0,0,0,0,0,0,0
R232410431,0,0,0,0,0,0,0,0,0,0,0,0,0,0,0,0,0,0,0,0,0
R232470634,0,0,0,0,0,0,0,0,0,0,0,0,0,0,0,0,0,0,0,0,0
R232485544,0,0,0,0,0,0,0,0,0,0,0,0,0,0,1,0,0,0,0,0,0
R232514666,0,0,0,0,0,0,0,0,0,0,0,0,0,0,0,0,0,0,0,0,0
R232548295,0,0,0,0,0,0,1,1,0,0,0,0,0,0,0,0,0,0,0,0,0
R232587606,0,0,0,0,0,0,0,0,0,1,0,0,0,0,0,1,0,0,0,0,0
R232615753,0,0,0,0,0,0,0,0,0,1,0,0,0,0,1,1,0,0,1,0,0
R232630468,0,0,0,0,0,0,0,0,0,0,0,0,0,0,0,0,0,0,0,0,0
R232633825,0,0,0,0,0,0,0,0,0,0,0,0,0,0,0,0,0,0,0,0,0
R232659130,0,0,0,0,0,0,0,0,0,0,0,0,0,0,1,0,0,0,1,0,0
R232675825,0,0,0,0,0,0,0,0,0,0,0,0,0,0,0,0,0,0,0,0,0
R232688721,0,0,0,0,0,0,0,0,0,0,0,0,0,0,0,0,0,0,0,0,0
R232694946,0,0,0,0,0,0,0,0,0,0,0,0,0,0,0,0,0,0,0,1,0
R232698038,0,0,0,0,0,0,0,0,0,0,0,0,0,0,1,1,0,0,1,0,0
R232707677,0,0,0,0,0,0,0,0,0,0,0,1,0,0,0,0,0,0,0,0,0
R232732619,0,0,0,0,0,0,0,0,0,0,0,0,0,0,1,0,0,0,0,0,0
R232742053,0,0,0,0,0,0,0,0,0,0,0,0,0,0,0,0,0,0,0,0,0
R232744250,0,0,0,0,0,0,0,0,0,0,0,0,0,0,0,0,0,0,0,0,0
R232765616,0,0,0,0,0,0,0,0,0,0,0,0,0,0,0,0,0,0,0,0,0
R232795039,0,0,0,0,0,0,0,0,0,0,0,1,0,0,1,0,0,0,0,0,0
R232800412,0,0,0,0,0,0,1,1,0,0,0,1,0,0,0,0,0,0,0,0,0
R232800426,0,0,0,0,0,0,0,1,0,1,0,1,0,0,1,1,0,0,0,0,0
R232814763,0,0,0,0,0,0,0,0,0,0,0,0,0,0,0,0,0,0,0,0,0
R232856336,0,0,0,0,0,0,0,0,0,0,0,0,0,0,0,0,0,0,0,0,0
R232857866,0,0,0,0,0,0,0,0,0,0,0,0,0,0,0,0,0,0,0,0,0
R232859795,0,0,0,0,0,0,0,0,0,0,0,0,0,0,0,0,0,0,0,0,0
R232866777,0,0,0,0,0,0,0,0,0,0,0,0,0,0,0,0,0,0,0,0,0
R232870613,0,0,0,0,0,0,0,1,0,0,0,1,0,0,0,0,0,0,0,0,0
R232910182,0,0,0,0,0,0,0,0,0,0,0,0,0,0,0,0,0,0,0,0,0
R232915643,0,0,0,0,0,0,0,0,0,0,0,0,0,0,0,0,0,0,0,0,0
R232926726,0,0,0,0,0,0,0,1,0,0,0,0,0,1,0,0,0,0,0,0,0
R232943854,0,0,0,0,0,0,0,0,0,0,0,0,0,0,0,0,0,0,0,0,0
R232967203,0,0,0,0,0,0,0,0,0,0,0,0,0,0,0,0,0,0,0,0,0
R233021259,0,0,0,0,0,0,0,0,0,0,0,0,0,0,1,0,0,0,1,0,0
R233026017,0,0,0,0,0,0,0,0,0,0,0,0,0,0,0,0,0,0,0,0,0
R233044119,0,0,0,0,0,0,0,0,0,0,0,0,0,0,1,0,0,0,1,0,0
R233051154,0,0,0,0,0,0,0,0,0,0,0,0,0,0,0,0,0,0,0,0,0
R233081038,0,0,0,0,0,0,1,1,0,0,0,0,0,0,1,0,0,0,0,0,0
R233108189,0,0,0,0,0,0,0,0,0,0,0,0,0,0,0,0,0,0,0,0,0
R233115775,0,0,0,0,0,0,0,0,0,0,0,0,0,0,0,0,0,0,0,0,0
R233125863,0,0,0,0,0,0,0,0,0,0,0,0,0,0,0,0,0,0,0,0,0
R233151749,0,0,0,0,0,0,0,1,0,0,0,1,0,0,0,0,0,0,0,0,0
R233158721,0,0,0,0,0,0,0,0,0,0,0,1,0,0,0,0,0,0,0,0,0
R233297098,0,0,0,0,0,0,0,0,0,0,0,0,0,0,0,0,0,0,0,0,0
R233311673,0,0,0,0,0,0,1,1,0,1,0,0,0,0,1,1,0,0,0,1,0
R233318980,0,0,0,0,0,0,0,0,0,0,0,1,0,0,0,0,0,0,0,0,0
R233340505,0,0,0,0,0,0,0,1,0,0,0,1,0,1,0,0,0,0,0,0,0
R233367429,0,0,0,0,0,0,0,0,0,0,0,0,0,0,0,0,0,0,0,0,0
R233383599,0,0,0,0,0,0,0,0,0,0,0,0,0,0,0,0,0,0,0,0,0
R233436803,0,0,0,0,0,0,0,0,0,0,0,0,0,0,0,0,0,0,0,0,0
R233453156,0,0,0,0,0,0,0,0,0,0,0,0,0,0,0,0,0,0,0,0,0
R233470370,0,0,0,0,0,0,0,0,0,0,0,0,0,0,0,0,0,0,0,1,0
R233474636,0,0,0,0,0,0,0,0,0,0,0,1,0,0,0,0,0,0,0,0,0
R233483522,0,0,0,0,0,0,1,1,0,0,0,1,0,0,0,1,0,0,0,0,0
R233486909,0,0,0,0,0,0,0,0,0,0,0,0,0,0,0,0,0,0,0,0,0
R233529018,0,0,0,0,0,0,0,1,0,0,0,1,0,0,0,0,0,0,0,0,0
R233543770,0,0,0,0,0,0,0,0,0,0,0,0,0,0,0,0,0,0,0,0,0
R233561434,0,0,0,0,0,0,0,0,0,0,0,0,0,0,0,0,0,0,0,0,0
R233577603,0,0,0,0,0,0,0,0,0,0,0,0,0,0,0,0,0,0,0,0,0
R233579841,0,0,0,0,0,0,0,0,0,0,0,0,0,0,0,0,0,0,0,0,0
R233584685,0,0,0,0,0,0,0,0,0,0,0,0,0,0,0,0,0,0,0,0,0
R233610369,0,0,0,0,0,0,0,0,0,0,0,0,0,0,0,0,0,0,0,0,0
R233638623,0,0,0,0,0,0,0,0,0,0,0,1,0,0,0,0,0,0,0,0,0
R233676400,0,0,0,0,0,0,0,0,0,0,0,0,0,0,0,0,0,0,0,0,0
R233708616,0,0,0,0,0,0,0,0,0,0,0,0,0,0,1,0,0,0,0,0,0
R233710854,0,0,0,0,0,0,0,0,0,0,0,0,0,0,0,0,0,0,0,0,0
R233722811,0,0,0,0,0,0,0,0,0,0,0,0,0,0,0,0,0,0,0,0,0
R233731594,0,0,0,0,0,0,0,0,0,0,0,0,0,0,0,0,0,0,0,0,0
R233737165,0,0,0,0,0,0,0,0,0,0,0,0,0,0,1,0,0,0,1,0,0
R233776022,0,0,0,0,0,0,0,0,0,0,0,0,0,0,0,0,0,0,0,0,0
R233788777,0,0,0,0,0,0,0,0,0,0,0,0,0,0,0,0,1,0,0,1,0
R233822169,0,0,0,0,0,0,0,0,0,0,0,0,0,0,0,0,0,0,0,0,0
R233834386,0,0,0,0,0,0,0,0,0,0,0,0,0,0,0,0,0,0,0,0,0
R233901359,0,0,0,0,0,0,0,1,0,0,0,1,0,0,0,1,0,0,0,0,0
R233908639,0,0,0,0,0,0,0,0,0,0,0,0,0,0,0,0,0,0,0,0,0
R233910068,0,0,0,0,0,0,0,0,0,0,0,0,0,0,0,0,0,0,0,0,0
R233958620,0,0,0,0,0,0,0,0,0,0,0,0,0,0,0,1,0,0,0,0,0
R233966002,0,0,0,0,0,0,0,0,0,0,0,0,0,0,0,0,0,0,0,0,0
R233982528,0,0,0,0,0,0,0,0,0,0,0,0,0,0,0,1,0,0,0,0,0
R233997580,0,0,0,0,0,0,0,0,0,0,0,0,0,0,0,0,0,0,0,0,0
R234009162,0,0,0,0,0,0,0,0,0,0,0,1,0,0,0,0,0,0,0,0,0
R234024942,0,0,0,0,0,0,1,1,0,0,0,1,0,0,1,1,0,0,0,0,0
R234031467,0,0,0,0,0,0,0,0,0,0,0,1,0,0,0,0,0,0,0,0,0
R234106993,0,0,0,0,0,0,0,0,0,0,0,0,0,0,0,1,0,0,0,1,0
R234112472,0,0,0,0,0,0,0,0,0,0,0,0,0,0,0,0,0,0,0,0,0
R234134170,0,0,0,0,0,0,1,1,0,1,0,0,0,0,1,1,0,0,0,0,0
R234189275,0,0,0,0,0,0,0,0,0,0,0,0,0,0,0,0,0,0,0,0,0
R234201958,0,0,0,0,0,0,1,1,0,0,0,1,0,0,0,0,1,0,0,1,0
R234223729,0,0,0,0,0,0,0,0,0,0,0,0,0,0,0,0,0,0,0,0,0
R234233644,0,0,0,0,0,0,0,0,0,0,0,0,0,0,0,0,0,0,0,0,0
R234247026,0,0,0,0,0,0,0,0,0,0,0,0,0,0,0,0,0,0,0,0,0
R234266472,0,0,0,0,0,0,0,0,0,0,0,0,0,0,0,0,0,0,0,0,0
R234324031,0,0,0,0,0,0,0,0,0,0,0,1,0,0,0,1,0,0,0,0,0
R234329244,0,0,0,0,0,0,0,0,0,0,0,1,0,0,0,0,0,0,0,0,0
R234334011,0,0,0,0,0,0,0,0,0,0,0,0,0,0,1,0,0,0,1,0,0
R234335758,0,0,0,0,0,0,0,0,0,0,0,0,0,0,0,0,0,0,0,0,0
R234345095,0,0,0,0,0,0,0,0,0,0,0,0,0,0,0,0,0,0,0,0,0
R234345532,0,0,0,0,0,0,0,0,0,0,0,0,0,0,0,0,0,0,0,0,0
R234350394,0,0,0,0,0,0,0,0,0,0,0,0,0,0,0,0,0,0,0,0,0
R234368079,0,0,0,0,0,0,0,0,0,0,0,0,0,0,0,0,0,0,0,0,0
R234391692,0,0,0,0,0,0,0,0,0,0,0,0,0,0,0,0,0,0,0,0,0
R234470277,0,0,0,0,0,0,0,0,0,0,0,0,0,0,0,0,0,0,0,0,0
R234530735,0,0,0,0,0,0,0,0,0,0,0,0,0,0,0,0,0,0,0,0,0
R234587837,0,0,0,0,0,0,0,0,0,0,0,1,0,0,0,0,0,0,0,0,0
R234589602,0,0,0,0,0,0,0,0,0,0,0,1,0,0,1,0,0,0,0,0,0
R234597118,0,0,0,0,0,0,0,0,0,0,0,0,0,0,0,1,0,0,0,0,0
R234607863,0,0,0,0,0,0,0,1,0,0,0,1,0,1,0,0,0,0,0,0,0
R234639691,0,0,0,0,0,0,0,0,0,0,0,0,0,0,0,0,0,0,0,0,0
R234653751,0,0,0,0,0,0,0,0,0,0,0,0,0,0,0,0,0,0,0,0,0
R234666317,0,0,0,0,0,0,0,0,0,0,0,0,0,0,0,0,0,0,0,0,0
R234670834,0,0,0,0,0,0,0,0,0,0,0,0,0,0,0,0,0,0,0,0,0
R234673442,0,0,0,0,0,0,0,0,0,0,0,0,0,0,0,0,0,0,0,0,0
R234676619,0,0,0,0,0,0,0,0,0,0,0,0,0,0,0,0,0,0,0,0,0
R234734564,0,0,0,0,0,0,0,0,0,0,0,0,0,0,0,0,0,0,0,0,0
R234803612,0,0,0,0,0,0,0,0,0,0,0,1,0,0,0,1,0,0,0,0,0
R234832248,0,0,0,0,0,0,0,0,0,1,0,0,0,0,0,1,0,0,0,1,0
R234833020,0,0,0,0,0,0,0,0,0,0,0,1,0,0,0,0,0,0,0,0,0
R234851571,0,0,0,0,0,0,0,0,0,0,0,1,0,0,0,0,0,0,0,0,0
R234855048,0,0,0,0,0,0,0,0,0,0,0,0,0,0,0,0,0,0,0,0,0
R234891409,0,0,0,0,0,0,0,0,0,0,0,0,0,0,0,0,0,0,0,0,0
R234892713,0,0,0,0,0,0,0,0,0,0,0,0,0,0,0,0,0,0,0,0,0
R234896367,0,0,0,0,0,0,0,0,0,0,0,0,0,0,1,0,0,0,1,0,0
R234900370,0,0,0,0,0,0,0,0,0,0,0,0,0,0,0,0,0,0,0,0,0
R234900788,0,0,0,0,0,0,0,0,0,0,0,0,0,0,0,0,0,0,0,0,0
R234903639,0,0,0,0,0,0,0,0,0,0,0,0,0,0,0,0,0,0,0,0,0
R234907868,0,0,0,0,0,0,0,0,0,0,0,0,0,0,0,0,0,0,0,0,0
R234913671,0,0,0,0,0,0,0,0,0,0,0,0,0,0,0,0,0,0,0,0,0
R234929811,0,0,0,0,0,0,1,1,0,0,0,1,0,0,0,0,0,0,0,0,0
R234932173,0,0,0,0,0,0,0,0,0,0,0,0,0,0,0,0,0,0,0,0,0
R234939798,0,0,0,0,0,0,0,0,0,0,0,0,0,0,0,0,0,0,0,0,0
R234953471,0,0,0,0,0,0,0,0,0,0,0,0,0,0,0,0,0,0,0,0,0
R234956843,0,0,0,0,0,0,0,0,0,0,0,0,0,0,0,0,0,0,0,0,0
R234968175,0,0,0,0,0,0,0,0,0,0,0,1,0,0,0,0,0,0,0,0,0
R234980498,0,0,0,0,0,0,0,0,0,0,0,0,0,0,0,0,0,0,0,0,0
R234983751,0,0,0,0,0,0,1,1,0,0,0,0,0,0,1,0,0,0,0,0,0
R234985964,0,0,0,0,0,0,0,0,0,0,0,0,0,0,0,0,0,0,0,0,0
R235028535,0,0,0,0,0,0,0,0,0,0,0,0,0,0,0,0,0,0,0,0,0
R235035753,0,0,0,0,0,0,0,0,0,0,0,0,0,0,0,0,0,0,0,0,0
R235035934,0,0,0,0,0,0,0,0,0,0,0,0,0,0,0,0,0,0,0,0,0
R235041836,0,0,0,0,0,0,0,0,0,0,0,1,0,0,0,0,0,0,0,0,0
R235064132,0,0,0,0,0,0,0,0,0,0,0,1,0,0,0,0,0,0,0,0,0
R235099769,0,0,0,0,0,0,0,0,0,0,0,0,0,0,0,0,0,0,0,0,0
R235129170,0,0,0,0,0,0,1,1,0,0,0,0,0,0,1,0,0,0,1,0,0
R235129804,0,0,0,0,0,0,0,1,0,0,0,1,0,0,1,1,0,0,1,0,0
R235143722,0,0,0,0,0,0,0,1,0,0,0,0,0,0,0,0,1,0,0,1,0
R235159851,0,0,0,0,0,0,0,0,0,0,0,0,0,0,0,0,0,0,0,1,0
R235174344,0,0,0,0,0,0,1,1,0,0,0,1,0,0,0,0,0,0,0,0,0
R235179689,0,0,0,0,0,0,0,0,0,0,0,0,0,0,0,0,0,0,0,0,0
R235193571,0,0,0,0,0,0,0,0,0,0,0,0,0,0,0,0,0,0,0,0,0
R235195394,0,0,0,0,0,0,0,1,0,0,0,1,0,0,0,0,0,0,0,0,0
R235213117,0,0,0,0,0,0,0,0,0,0,0,0,0,0,1,0,0,0,0,0,0
R235232104,0,0,0,0,0,0,0,0,0,0,0,0,0,0,0,0,0,0,0,0,0
R235233832,0,0,0,0,0,0,0,0,0,0,0,1,0,0,0,0,0,0,0,0,0
R235234433,0,0,0,0,0,0,0,0,0,0,0,0,0,0,0,0,0,0,0,0,0
R235297959,0,0,0,0,0,0,0,0,0,0,0,0,0,0,0,0,0,0,0,1,0
R235299868,0,0,0,0,0,0,1,1,0,0,0,0,0,0,1,0,0,0,1,1,0
R235321201,0,0,0,0,0,0,0,0,0,0,0,0,0,0,0,0,0,0,0,0,0
R235331642,0,0,0,0,0,0,0,1,0,0,0,1,0,0,0,0,0,0,0,0,0
R235358417,0,0,0,0,0,0,0,0,0,0,0,0,0,0,0,0,0,0,0,0,0
R235377970,0,0,0,0,0,0,0,0,0,0,0,0,0,0,0,0,0,0,0,0,0
R235399037,0,0,0,0,0,0,0,0,0,0,0,0,0,0,0,0,0,0,0,0,0
R235415024,0,0,0,0,0,0,0,0,0,0,0,0,0,0,1,0,0,0,1,0,0
R235441742,0,0,0,0,0,0,0,1,0,0,0,0,0,0,1,0,0,0,0,0,0
R235464562,0,0,0,0,0,0,0,0,0,0,0,1,0,0,0,0,0,0,0,0,0
R235482897,0,0,0,0,0,0,0,0,0,0,0,0,0,0,0,0,0,0,0,0,0
R235483235,0,0,0,0,0,0,0,0,0,0,0,0,0,0,0,0,0,0,0,0,0
R235486716,0,0,0,0,0,0,0,0,0,0,0,0,0,0,0,0,0,0,0,0,0
R235494681,0,0,0,0,0,0,0,0,0,0,0,0,0,0,0,0,0,0,0,0,0
R235543768,0,0,0,0,0,0,0,0,0,0,0,0,0,0,0,0,0,0,0,0,0
R235547446,0,0,0,0,0,0,0,0,0,0,0,0,0,0,1,0,0,0,0,0,0
R235552279,0,0,0,0,0,0,0,1,0,0,0,0,0,0,0,0,0,0,0,0,0
R235624321,0,0,0,0,0,0,0,0,0,0,0,0,0,0,0,0,0,0,0,0,0
R235633421,0,0,0,0,0,0,0,0,0,0,0,0,0,0,0,0,0,0,0,0,0
R235653720,0,0,0,0,0,0,0,0,0,0,0,0,0,0,0,0,0,0,0,0,0
R235680187,0,0,0,0,0,0,0,0,0,0,0,0,0,0,0,0,0,0,0,0,0
R235683648,0,0,0,0,0,0,0,0,0,1,0,0,0,0,1,1,0,0,1,0,0
R235698934,0,0,0,0,0,0,0,1,0,0,0,1,0,0,0,0,0,0,0,1,0
R235746153,0,0,0,0,0,0,0,0,0,0,0,1,0,0,0,0,0,0,0,0,0
R235774556,0,0,0,0,0,0,0,1,0,0,0,0,0,1,0,0,0,0,0,0,0
R235809442,0,0,0,0,0,0,0,0,0,0,0,0,0,0,0,0,0,0,0,0,0
R235880467,0,0,0,0,0,0,0,0,0,0,0,0,0,0,0,0,0,0,0,0,0
R235895784,0,0,0,0,0,0,0,0,0,0,0,0,0,0,0,0,0,0,0,0,0
R235900985,0,0,0,0,0,0,0,0,0,0,0,0,0,0,0,0,0,0,0,0,0
R235912867,0,0,0,0,0,0,0,0,0,0,0,1,0,0,0,0,0,0,0,0,0
R235921827,0,0,0,0,0,0,0,0,0,0,0,0,0,0,0,0,0,0,0,0,0
R235933656,0,0,0,0,0,0,0,0,0,0,0,0,0,0,0,0,0,0,0,0,0
R235937598,0,0,0,0,0,0,0,0,0,0,0,0,0,0,0,0,0,0,0,0,0
R235946255,0,0,0,0,0,0,0,0,0,0,0,0,0,0,0,0,0,0,0,0,0
R235965863,0,0,0,0,0,0,0,0,0,0,0,0,0,0,1,0,0,0,1,0,0
R235981890,0,0,0,0,0,0,0,0,0,0,0,0,0,0,0,0,0,0,0,0,0
R235981920,0,0,0,0,0,0,0,0,0,0,0,0,0,0,0,0,0,0,0,0,0
R236002778,0,0,0,0,0,0,0,1,0,0,0,1,0,0,0,0,1,0,0,1,0
R236008423,0,0,0,0,0,0,0,0,0,0,0,0,0,0,0,0,0,0,0,0,0
R236019851,0,0,0,0,0,0,0,0,0,0,0,0,0,0,0,0,0,0,0,0,0
R236020122,0,0,0,0,0,0,0,0,0,0,0,0,0,0,0,0,0,0,0,0,0
R236021530,0,0,0,0,0,0,0,0,0,0,0,0,0,0,0,0,0,0,0,0,0
R236027388,0,0,0,0,0,0,0,0,0,0,0,0,0,0,0,0,0,0,0,0,0
R236044467,0,0,0,0,0,0,0,0,0,0,0,0,0,0,0,0,0,0,0,0,0
R236056292,0,0,0,0,0,0,0,0,0,0,0,0,0,0,0,1,0,0,0,0,0
R236095096,0,0,0,0,0,0,0,0,0,0,0,0,0,0,1,0,0,0,1,0,0
R236141932,0,0,0,0,0,0,0,0,0,0,0,0,0,0,0,0,0,0,0,0,0
R236159337,0,0,0,0,0,0,0,0,0,0,0,0,0,0,0,0,0,0,0,0,0
R236162350,0,0,0,0,0,0,0,0,0,0,0,0,0,0,0,0,0,0,0,0,0
R236210740,0,0,0,0,0,0,0,0,0,0,0,0,0,0,0,0,0,0,0,0,0
R236219904,0,0,0,0,0,0,0,0,0,0,0,0,0,0,0,0,0,0,0,0,0
R236220731,0,0,0,0,0,0,0,0,0,0,0,0,0,0,0,0,0,0,0,0,0
R236242630,0,0,0,0,0,0,0,0,0,0,0,0,0,0,0,0,0,0,0,0,0
R236277695,0,0,0,0,0,0,0,0,0,0,0,0,0,0,0,0,0,0,0,0,0
R236281887,0,0,0,0,0,0,0,0,0,0,0,1,0,0,0,0,0,0,0,0,0
R236331569,0,0,0,0,0,0,0,0,0,0,0,0,0,0,0,0,0,0,0,0,0
R236337744,0,0,0,0,0,0,0,0,0,0,0,1,0,0,1,1,0,0,0,0,0
R236349314,0,0,0,0,0,0,0,0,0,0,0,1,0,0,1,0,0,0,1,0,0
R236357875,0,0,0,0,0,0,0,0,0,0,0,0,0,0,0,0,0,0,0,0,0
R236371761,0,0,0,0,0,0,0,0,0,0,0,0,0,0,0,0,0,0,0,0,0
R236378574,0,0,0,0,0,0,0,0,0,0,0,0,0,0,0,0,0,0,0,0,0
R236380983,0,0,0,0,0,0,1,1,0,0,0,0,0,0,1,0,0,0,0,0,0
R236386847,0,0,0,0,0,0,1,1,0,0,0,0,0,0,1,0,0,0,0,0,0
R236389788,0,0,0,0,0,0,0,0,0,0,0,0,0,0,0,0,0,0,0,0,0
R236416786,0,0,0,0,0,0,0,0,0,0,0,0,0,0,0,0,0,0,0,0,0
R236427304,0,0,0,0,0,0,0,0,0,0,0,0,0,0,0,0,0,0,0,0,0
R236450081,0,0,0,0,0,0,0,0,0,0,0,0,0,0,0,0,0,0,0,0,0
R236464344,0,0,0,0,0,0,0,0,0,0,0,1,0,0,0,1,0,0,0,0,0
R236465897,0,0,0,0,0,0,0,0,0,0,0,0,0,0,0,0,0,0,0,0,0
R236466747,0,0,0,0,0,0,0,0,0,0,0,0,0,0,0,0,0,0,0,0,0
R236466927,0,0,0,0,0,0,0,0,0,0,0,1,0,0,0,1,0,0,0,0,0
R236470767,0,0,0,0,0,0,0,0,0,0,0,0,0,0,0,0,0,0,0,0,0
R236488204,0,0,0,0,0,0,0,1,0,0,0,0,0,0,0,0,0,0,0,0,0
R236525549,0,0,0,0,0,0,0,0,0,0,0,0,0,0,0,0,0,0,0,0,0
R236529768,0,0,0,0,0,0,0,0,0,0,0,0,0,0,0,1,0,0,0,0,0
R236536123,0,0,0,0,0,0,0,0,0,0,0,1,0,0,0,0,0,0,0,0,0
R236540041,0,0,0,0,0,0,0,0,0,0,0,1,0,0,0,0,0,0,0,0,0
R236557973,0,0,0,0,0,0,1,1,0,0,0,0,0,0,1,0,0,0,1,0,0
R236566750,0,0,0,0,0,0,0,0,0,0,0,1,0,0,0,1,0,0,0,0,0
R236575693,0,0,0,0,0,0,0,0,0,0,0,0,0,0,0,0,0,0,0,0,0
R236575831,0,0,0,0,0,0,1,1,0,0,0,1,0,0,0,0,0,0,0,0,0
R236581317,0,0,0,0,0,0,0,0,0,0,0,0,0,0,0,0,0,0,0,0,0
R236581872,0,0,0,0,0,0,0,0,0,0,0,0,0,0,0,0,0,0,0,0,0
R236582516,0,0,0,0,0,0,0,0,0,0,0,1,0,0,0,0,0,0,0,0,0
R236622722,0,0,0,0,0,0,0,0,0,0,0,1,0,0,0,0,0,0,0,0,0
R236638604,0,0,0,0,0,0,0,0,0,0,0,1,0,0,0,0,0,0,0,0,0
R236647407,0,0,0,0,0,0,0,0,0,0,0,0,0,0,0,0,0,0,0,0,0
R236662423,0,0,0,0,0,0,0,0,0,0,0,1,0,0,0,0,0,0,0,0,0
R236667643,0,0,0,0,0,0,0,0,0,0,0,1,0,0,1,0,0,0,0,0,0
R236671500,0,0,0,0,0,0,0,0,0,0,0,0,0,0,0,0,0,0,0,0,0
R236679778,0,0,0,0,0,0,0,0,0,0,0,0,0,0,0,1,0,0,0,0,0
R236703459,0,0,0,0,0,0,0,0,0,0,0,0,0,0,0,0,0,0,0,0,0
R236722930,0,0,0,0,0,0,0,0,0,0,0,0,0,0,0,0,0,0,0,1,0
R236723865,0,0,0,0,0,0,0,0,0,0,0,0,0,0,0,0,0,0,0,0,0
R236726234,0,0,0,0,0,0,1,1,0,0,0,1,0,0,0,0,0,0,0,0,0
R236730699,0,0,0,0,0,0,0,0,0,0,0,0,0,0,0,0,0,0,0,0,0
R236811724,0,0,0,0,0,0,0,0,0,0,0,0,0,0,0,0,0,0,0,0,0
R236840300,0,0,0,0,0,0,0,0,0,0,0,0,0,0,0,0,0,0,0,0,0
R236870246,0,0,0,0,0,0,0,0,0,0,0,0,0,0,1,0,0,0,1,0,0
R236892396,0,0,0,0,0,0,0,0,0,0,0,0,0,0,1,0,0,0,1,0,0
R236893409,0,0,0,0,0,0,0,1,0,0,0,1,0,1,0,0,0,0,0,0,0
R236893992,0,0,0,0,0,0,0,1,0,0,0,0,0,0,1,0,0,0,0,0,0
R236896341,0,0,0,0,0,0,0,0,0,0,0,0,0,0,0,0,0,0,0,0,0
R236901406,0,0,0,0,0,0,0,0,0,0,0,0,0,0,0,0,0,0,0,0,0
R236934082,0,0,0,0,0,0,0,0,0,0,0,0,0,0,0,0,0,0,0,0,0
R236937424,0,0,0,0,0,0,1,1,0,1,0,0,0,0,0,1,0,0,0,1,0
R236938761,0,0,0,0,0,0,0,0,0,0,0,0,0,0,0,0,0,0,0,0,0
R236945804,0,0,0,0,0,0,0,0,0,0,0,0,0,0,0,0,0,0,0,0,0
R236972762,0,0,0,0,0,0,0,0,0,0,0,0,0,0,0,0,0,0,0,0,0
R237011321,0,0,0,0,0,0,0,0,0,0,0,0,0,0,0,0,0,0,0,0,0
R237018535,0,0,0,0,0,0,0,0,0,0,0,0,0,0,0,0,0,0,0,0,0
R237034956,0,0,0,0,0,0,0,0,0,0,0,0,0,0,0,0,0,0,0,1,0
R237038560,0,0,0,0,0,0,0,0,0,0,0,0,0,0,0,0,0,0,0,0,0
R237040699,0,0,0,0,0,0,0,0,0,0,0,0,0,0,0,0,0,0,0,0,0
R237054109,0,0,0,0,0,0,1,1,0,0,0,1,0,0,1,0,1,0,1,1,0
R237058411,0,0,0,0,0,0,0,0,0,0,0,0,0,0,0,0,0,0,0,0,0
R237058949,0,0,0,0,0,0,0,0,0,0,0,0,0,0,0,1,0,0,0,0,0
R237078566,0,0,0,0,0,0,0,0,0,0,0,0,0,0,0,0,0,0,0,0,0
R237090245,0,0,0,0,0,0,0,0,0,0,0,0,0,0,0,0,0,0,0,0,0
R237090437,0,0,0,0,0,0,0,0,0,0,0,0,0,0,1,0,0,0,1,0,0
R237109163,0,0,0,0,0,0,0,0,0,0,0,0,0,0,0,0,0,0,0,0,0
R237137972,0,0,0,0,0,0,0,0,0,0,0,0,0,0,0,0,0,0,0,0,0
R237139859,0,0,0,0,0,0,1,1,0,0,0,1,0,0,1,0,0,0,0,0,0
R237161901,0,0,0,0,0,0,0,0,0,0,0,0,0,0,0,0,0,0,0,0,0
R237181479,0,0,0,0,0,0,0,0,0,0,0,1,0,0,0,0,0,0,0,0,0
R237212819,0,0,0,0,0,0,1,1,0,0,0,0,0,0,0,0,0,0,0,0,0
R237232853,0,0,0,0,0,0,0,0,0,0,0,0,0,0,0,0,0,0,0,0,0
R237241257,0,0,0,0,0,0,0,0,0,0,0,0,0,0,0,0,0,0,0,0,0
R237270157,0,0,0,0,0,0,0,0,0,0,0,0,0,0,0,0,0,0,0,0,0
R237288609,0,0,0,0,0,0,0,0,0,0,0,0,0,0,0,0,0,0,0,0,0
R237316723,0,0,0,0,0,0,0,0,0,0,0,0,0,0,0,0,0,0,0,0,0
R237335440,0,0,0,0,0,0,0,0,0,0,0,0,0,0,1,0,0,0,1,0,0
R237407148,0,0,0,0,0,0,0,0,0,0,0,0,0,0,0,0,0,0,0,0,0
R237410909,0,0,0,0,0,0,0,0,0,0,0,0,0,0,0,0,0,0,0,0,0
R237439293,0,0,0,0,0,0,0,0,0,0,0,0,0,0,0,0,0,0,0,0,0
R237444810,0,0,0,0,0,0,0,0,0,0,0,1,0,0,0,0,0,0,0,0,0
R237458035,0,0,0,0,0,0,1,1,0,1,0,0,0,0,0,1,0,0,0,0,0
R237458874,0,0,0,0,0,0,0,0,0,0,0,1,0,0,1,1,0,0,0,0,0
R237477233,0,0,0,0,0,0,0,0,0,0,0,0,0,0,0,0,0,0,0,0,0
R237529612,0,0,0,0,0,0,0,0,0,0,0,0,0,0,0,0,0,0,0,0,0
R237532143,0,0,0,0,0,0,0,0,0,0,0,0,0,0,0,0,0,0,0,0,0
R237535932,0,0,0,0,0,0,0,0,0,0,0,0,0,0,0,0,0,0,0,0,0
R237564135,0,0,0,0,0,0,0,0,0,0,0,0,0,0,0,0,0,0,0,0,0
R237568046,0,0,0,0,0,0,0,0,0,0,0,0,0,0,0,0,0,0,0,0,0
R237591028,0,0,0,0,0,0,0,0,0,0,0,0,0,0,0,0,0,0,0,0,0
R237607078,0,0,0,0,0,0,0,0,0,0,0,0,0,0,0,0,0,0,0,0,0
R237616679,0,0,0,0,0,0,0,0,0,0,0,1,0,0,0,0,0,0,0,0,0
R237667068,0,0,0,0,0,0,0,0,0,0,0,1,0,0,0,0,0,0,0,0,0
R237672461,0,0,0,0,0,0,0,0,0,0,0,0,0,0,0,0,0,0,0,0,0
R237674973,0,0,0,0,0,0,0,0,0,0,0,0,0,0,0,0,0,0,0,0,0
R237757194,0,0,0,0,0,0,0,0,0,0,0,0,0,0,0,0,0,0,0,0,0
R237775181,0,0,0,0,0,0,0,0,0,0,0,0,0,0,0,0,0,0,0,0,0
R237791886,0,0,0,0,0,0,0,0,0,0,0,0,0,0,0,0,0,0,0,0,0
R237797140,0,0,0,0,0,0,0,0,0,0,0,0,0,0,0,0,0,0,0,0,0
R237824529,0,0,0,0,0,0,0,0,0,0,0,0,0,0,0,0,0,0,0,0,0
R237828590,0,0,0,0,0,0,0,0,0,0,0,0,0,0,1,1,0,0,0,0,0
R237834065,0,0,0,0,0,0,0,1,0,0,0,1,0,0,0,0,0,0,0,0,0
R237860565,0,0,0,0,0,0,0,0,0,0,0,0,0,0,0,0,0,0,0,0,0
R237916252,0,0,0,0,0,0,0,0,0,0,0,0,0,0,0,0,0,0,0,0,0
R237923735,0,0,0,0,0,0,0,0,0,0,0,0,0,0,0,0,0,0,0,0,0
R237945258,0,0,0,0,0,0,0,0,0,0,0,0,0,0,0,0,0,0,0,0,0
R237948921,0,0,0,0,0,0,0,0,0,0,0,0,0,0,0,0,0,0,0,0,0
R237950162,0,0,0,0,0,0,0,0,0,0,0,0,0,0,0,0,0,0,0,0,0
R237953785,0,0,0,0,0,0,0,0,0,0,0,0,0,0,0,0,0,0,0,0,0
R237956862,0,0,0,0,0,0,0,0,0,0,0,1,0,0,0,0,0,0,0,0,0
R237963095,0,0,0,0,0,0,0,0,0,0,0,0,0,0,0,0,0,0,0,0,0
R237966131,0,0,0,0,0,0,0,0,0,0,0,0,0,0,0,0,0,0,0,0,0
R238021748,0,0,0,0,0,0,0,0,0,0,0,0,0,0,0,1,0,0,0,0,0
R238086420,0,0,0,0,0,0,1,1,0,0,0,0,0,0,0,0,0,0,0,0,0
R238090691,0,0,0,0,0,0,0,0,0,0,0,0,0,0,0,0,0,0,0,0,0
R238138445,0,0,0,0,0,0,0,0,0,0,0,0,0,0,1,0,0,0,1,0,0
R238146620,0,0,0,0,0,0,0,0,0,0,0,1,0,0,0,0,0,0,0,0,0
R238169131,0,0,0,0,0,0,0,0,0,0,0,0,0,0,0,0,0,0,0,0,0
R238242828,0,0,0,0,0,0,0,1,0,0,0,1,0,1,0,0,0,0,0,1,0
R238273285,0,0,0,0,0,0,0,1,0,0,0,1,0,0,0,0,0,0,0,0,0
R238277457,0,0,0,0,0,0,0,0,0,0,0,0,0,0,0,0,0,0,0,0,0
R238302866,0,0,0,0,0,0,0,0,0,0,0,0,0,0,0,0,0,0,0,0,0
R238322271,0,0,0,0,0,0,0,0,0,0,0,0,0,0,0,0,0,0,0,1,0
R238350048,0,0,0,0,0,0,0,0,0,0,0,0,0,0,0,0,0,0,0,0,0
R238351243,0,0,0,0,0,0,0,0,0,0,0,0,0,0,0,0,0,0,0,0,0
R238354431,0,0,0,0,0,0,0,0,0,0,0,0,0,0,0,0,0,0,0,0,0
R238375523,0,0,0,0,0,0,0,1,0,1,0,0,0,0,0,1,0,0,0,0,0
R238389104,0,0,0,0,0,0,0,0,0,0,0,0,0,0,0,0,0,0,0,0,0
R238411676,0,0,0,0,0,0,0,0,0,0,0,0,0,0,0,0,0,0,0,0,0
R238446954,0,0,0,0,0,0,0,0,0,0,0,0,0,0,0,0,0,0,0,0,0
R238454257,0,0,0,0,0,0,0,0,0,0,0,0,0,0,0,0,0,0,0,0,0
R238477383,0,0,0,0,0,0,0,0,0,0,0,0,0,0,0,0,0,0,0,0,0
R238482291,0,0,0,0,0,0,0,0,0,0,0,0,0,0,0,0,0,0,0,0,0
R238499508,0,0,0,0,0,0,0,0,0,0,0,0,0,0,0,0,0,0,0,0,0
R238559434,0,0,0,0,0,0,0,0,0,0,0,0,0,0,0,0,0,0,0,0,0
R238611047,0,0,0,0,0,0,0,0,0,0,0,0,0,0,0,0,0,0,0,0,0
R238626509,0,0,0,0,0,0,0,0,0,0,0,1,0,0,0,0,0,0,0,0,0
R238638352,0,0,0,0,0,0,0,0,0,0,0,0,0,0,0,0,0,0,0,0,0
R238651539,0,0,0,0,0,0,0,0,0,0,0,0,0,0,0,0,0,0,0,0,0
R238678349,0,0,0,0,0,0,0,0,0,0,0,0,0,0,0,0,0,0,0,0,0
R238682038,0,0,0,0,0,0,1,1,0,0,0,0,0,0,0,0,0,0,0,0,0
R238689463,0,0,0,0,0,0,0,0,0,0,0,0,0,0,0,0,0,0,0,0,0
R238690958,0,0,0,0,0,0,0,0,0,0,0,0,0,0,0,1,0,0,0,0,0
R238692768,0,0,0,0,0,0,0,0,0,0,0,0,0,0,0,0,0,0,0,0,0
R238724659,0,0,0,0,0,0,0,0,0,0,0,0,0,0,0,0,0,0,0,0,0
R238743057,0,0,0,0,0,0,0,0,0,0,0,0,0,0,0,1,0,0,0,0,0
R238760447,0,0,0,0,0,0,0,0,0,0,0,0,0,0,1,0,0,0,1,0,0
R238831573,0,0,0,0,0,0,0,0,0,0,0,0,0,0,0,0,0,0,0,0,0
R238842924,0,0,0,0,0,0,0,0,0,0,0,1,0,0,0,1,0,0,0,0,0
R238882778,0,0,0,0,0,0,0,0,0,0,0,0,0,0,0,1,0,0,0,0,0
R238905074,0,0,0,0,0,0,0,0,0,0,0,0,0,0,0,0,0,0,0,0,0
R238907077,0,0,0,0,0,0,0,0,0,0,0,0,0,0,0,0,0,0,0,0,0
R238919141,0,0,0,0,0,0,0,0,0,0,0,0,0,0,0,0,0,0,0,0,0
R238924464,0,0,0,0,0,0,0,0,0,0,0,0,0,0,1,0,0,0,1,0,0
R238929808,0,0,0,0,0,0,0,0,0,0,0,0,0,0,0,1,0,0,0,0,0
R238995008,0,0,0,0,0,0,0,0,0,0,0,0,0,0,0,0,0,0,0,0,0
R239004362,0,0,0,0,0,0,0,0,0,0,0,0,0,0,0,0,0,0,0,0,0
R239045885,0,0,0,0,0,0,0,0,0,0,0,0,0,0,0,0,0,0,0,0,0
R239093406,0,0,0,0,0,0,0,0,0,0,0,0,0,0,0,0,0,0,0,0,0
R239126612,0,0,0,0,0,0,0,0,0,0,0,0,0,0,0,0,0,0,0,0,0
R239138061,0,0,0,0,0,0,0,0,0,0,0,0,0,0,0,0,0,0,0,0,0
R239158233,0,0,0,0,0,0,0,0,0,0,0,0,0,0,0,0,0,0,0,0,0
R239246972,0,0,0,0,0,0,1,1,0,0,0,0,0,0,0,0,0,0,0,0,0
R239284585,0,0,0,0,0,0,0,0,0,0,0,0,0,0,0,0,0,0,0,0,0
R239383812,0,0,0,0,0,0,0,0,0,0,0,0,0,0,0,0,0,0,0,0,0
R239391177,0,0,0,0,0,0,0,0,0,0,0,0,0,0,0,0,0,0,0,0,0
R239395852,0,0,0,0,0,0,0,0,0,0,0,0,0,0,1,0,0,0,0,0,0
R239402179,0,0,0,0,0,0,0,0,0,0,0,0,0,0,0,0,0,0,0,0,0
R239431831,0,0,0,0,0,0,0,1,0,0,0,1,0,0,1,0,0,0,0,0,0
R239431937,0,0,0,0,0,0,0,0,0,0,0,0,0,0,0,0,1,0,0,1,0
R239433903,0,0,0,0,0,0,0,0,0,0,0,0,0,0,1,0,0,0,0,0,0
R239434707,0,0,0,0,0,0,0,0,0,0,0,0,0,0,0,0,0,0,0,0,0
R239441204,0,0,0,0,0,0,0,0,0,0,0,0,0,0,0,0,0,0,0,0,0
R239471902,0,0,0,0,0,0,0,0,0,1,0,0,0,0,1,1,0,0,0,0,0
R239480754,0,0,0,0,0,0,0,0,0,0,0,0,0,0,1,1,0,0,1,0,0
R239519666,0,0,0,0,0,0,0,0,0,0,0,0,0,0,0,0,0,0,0,0,0
R239551382,0,0,0,0,0,0,0,0,0,0,0,1,0,0,0,0,0,0,0,0,0
R239569639,0,0,0,0,0,0,0,0,0,0,0,0,0,0,0,0,0,0,0,0,0
R239616927,0,0,0,0,0,0,0,0,0,0,0,0,0,0,0,0,0,0,0,0,0
R239618983,0,0,0,0,0,0,0,0,0,0,0,0,0,0,0,0,0,0,0,0,0
R239624138,0,0,0,0,0,0,0,0,0,0,0,0,0,0,0,0,0,0,0,0,0
R239645156,0,0,0,0,0,0,0,0,0,0,0,0,0,0,0,0,0,0,0,0,0
R239646497,0,0,0,0,0,0,0,0,0,0,0,1,0,0,1,0,0,0,0,0,0
R239677984,0,0,0,0,0,0,0,0,0,0,0,1,0,0,0,1,0,0,0,0,0
R239684268,0,0,0,0,0,0,0,0,0,0,0,0,0,0,0,0,0,0,0,0,0
R239709534,0,0,0,0,0,0,0,0,0,0,0,0,0,0,0,0,0,0,0,0,0
R239713261,0,0,0,0,0,0,0,1,0,0,0,1,0,1,0,0,0,0,0,0,0
R239721937,0,0,0,0,0,0,0,0,0,0,0,0,0,0,0,0,0,0,0,0,0
R239734122,0,0,0,0,0,0,0,0,0,0,0,0,0,0,0,0,0,0,0,0,0
R239740714,0,0,0,0,0,0,0,0,0,0,0,0,0,0,0,0,0,0,0,0,0
R239748557,0,0,0,0,0,0,0,0,0,0,0,0,0,0,0,0,0,0,0,0,0
R239755347,0,0,0,0,0,0,0,0,0,0,0,1,0,0,0,0,0,0,0,0,0
R239770069,0,0,0,0,0,0,0,0,0,0,0,0,0,0,0,0,0,0,0,0,0
R239772150,0,0,0,0,0,0,0,0,0,0,0,0,0,0,0,0,0,0,0,0,0
R239820225,0,0,0,0,0,0,0,0,0,0,0,0,0,0,0,0,0,0,0,0,0
R239833245,0,0,0,0,0,0,1,1,0,0,0,1,0,0,0,0,0,0,0,0,0
R239839156,0,0,0,0,0,0,0,0,0,0,0,0,0,0,1,0,0,0,1,0,0
R239844158,0,0,0,0,0,0,0,0,0,0,0,0,0,0,0,0,0,0,0,0,0
R239873890,0,0,0,0,0,0,1,1,0,0,0,0,0,0,1,0,0,0,1,0,0
R239884040,0,0,0,0,0,0,0,0,0,0,0,0,0,0,0,0,0,0,0,0,0
R239886394,0,0,0,0,0,0,0,0,0,0,0,0,0,0,0,0,0,0,0,0,0
R239894636,0,0,0,0,0,0,0,0,0,0,0,0,0,0,0,0,0,0,0,0,0
R239930374,0,0,0,0,0,0,0,0,0,0,0,0,0,0,0,0,0,0,0,0,0
R239943671,0,0,0,0,0,0,1,1,0,0,0,0,0,0,1,0,0,0,1,0,0
R239947696,0,0,0,0,0,0,0,0,0,0,0,0,0,0,0,0,0,0,0,0,0
R239968243,0,0,0,0,0,0,0,0,0,0,0,0,0,0,1,0,0,0,1,0,0
R239994279,0,0,0,0,0,0,0,1,0,0,0,1,0,0,0,0,0,0,0,0,0
R240010775,0,0,0,0,0,0,0,0,0,0,0,0,0,0,0,0,0,0,0,0,0
R240010890,0,0,0,0,0,0,1,1,0,0,0,0,0,0,0,0,0,0,0,0,0
R240089909,0,0,0,0,0,0,0,0,0,0,0,0,0,0,0,1,0,0,0,0,0
R240102541,0,0,0,0,0,0,0,0,0,0,0,0,0,0,0,0,0,0,0,0,0
R240122026,0,0,0,0,0,0,0,0,0,0,0,0,0,0,0,0,0,0,0,0,0
R240130668,0,0,0,0,0,0,0,0,0,0,0,0,0,0,0,0,1,0,0,1,0
R240164486,0,0,0,0,0,0,1,1,0,0,0,0,0,0,1,0,0,0,0,0,0
R240177478,0,0,0,0,0,0,0,0,0,0,0,0,0,0,0,0,0,0,0,0,0
R240177809,0,0,0,0,0,0,0,0,0,0,0,0,0,0,0,0,0,0,0,0,0
R240198151,0,0,0,0,0,0,0,0,0,0,0,0,0,0,0,0,0,0,0,0,0
R240203972,0,0,0,0,0,0,0,0,0,0,0,1,0,0,0,0,0,0,0,0,0
R240230837,0,0,0,0,0,0,0,0,0,0,0,0,0,0,0,0,0,0,0,0,0
R240231496,0,0,0,0,0,0,0,0,0,0,0,0,0,0,0,0,0,0,0,0,0
R240243608,0,0,0,0,0,0,0,0,0,0,0,0,0,0,0,0,0,0,0,0,0
R240286409,0,0,0,0,0,0,0,0,0,0,0,0,0,0,0,0,0,0,0,0,0
R240287840,0,0,0,0,0,0,0,1,0,0,0,1,0,0,1,1,0,1,0,0,0
R240293693,0,0,0,0,0,0,0,0,0,0,0,0,0,0,0,0,0,0,0,0,0
R240303886,0,0,0,0,0,0,0,1,0,0,0,1,0,1,0,0,0,0,0,0,0
R240337235,0,0,0,0,0,0,0,0,0,0,0,0,0,0,0,1,0,0,0,0,0
R240363125,0,0,0,0,0,0,0,0,0,0,0,0,0,0,0,0,0,0,0,0,0
R240380646,0,0,0,0,0,0,1,1,0,0,0,0,0,0,0,0,0,0,0,0,0
R240386696,0,0,0,0,0,0,0,0,0,0,0,0,0,0,0,0,0,0,0,0,0
R240397774,0,0,0,0,0,0,0,0,0,0,0,0,0,0,0,1,0,0,0,0,0
R240412173,0,0,0,0,0,0,0,0,0,0,0,0,0,0,0,0,0,0,0,0,0
R240421163,0,0,0,0,0,0,0,0,0,0,0,0,0,0,0,0,0,0,0,0,0
R240425093,0,0,0,0,0,0,0,0,0,0,0,0,0,0,0,0,0,0,0,0,0
R240438439,0,0,0,0,0,0,0,0,0,0,0,0,0,0,0,0,0,0,0,0,0
R240448094,0,0,0,0,0,0,0,0,0,0,0,0,0,0,0,0,0,0,0,0,0
R240454411,0,0,0,0,0,0,0,0,0,0,0,0,0,0,0,0,1,0,0,1,0
R240484236,0,0,0,0,0,0,0,0,0,0,0,0,0,0,0,0,0,0,0,0,0
R240515058,0,0,0,0,0,0,0,0,0,0,0,0,0,0,0,0,0,0,0,0,0
R240607579,0,0,0,0,0,0,0,0,0,0,0,0,0,0,0,0,0,0,0,0,0
R240645328,0,0,0,0,0,0,1,1,0,0,0,0,0,0,1,0,0,0,0,0,0
R240681600,0,0,0,0,0,0,0,0,0,0,0,0,0,0,1,0,0,0,1,0,0
R240684551,0,0,0,0,0,0,1,1,0,0,0,0,0,0,0,1,1,0,0,1,0
R240684978,0,0,0,0,0,0,0,0,0,0,0,1,0,0,0,0,0,0,0,0,0
R240693003,0,0,0,0,0,0,0,0,0,0,0,0,0,0,0,0,0,0,0,0,0
R240693162,0,0,0,0,0,0,0,0,0,0,0,0,0,0,0,0,0,0,0,0,0
R240693479,0,0,0,0,0,0,0,0,0,0,0,0,0,0,0,0,0,0,0,0,0
R240705776,0,0,0,0,0,0,0,0,0,0,0,0,0,0,0,0,0,0,0,0,0
R240710366,0,0,0,0,0,0,0,0,0,0,0,0,0,0,1,0,0,0,0,0,0
R240790954,0,0,0,0,0,0,0,0,0,0,0,0,0,0,0,0,0,0,0,0,0
R240797583,0,0,0,0,0,0,0,0,0,0,0,0,0,0,1,0,0,0,0,0,0
R240807418,0,0,0,0,0,0,0,0,0,0,0,0,0,0,0,0,0,0,0,0,0
R240819117,0,0,0,0,0,0,0,0,0,0,0,0,0,0,0,0,0,0,0,0,0
R240852087,0,0,0,0,0,0,0,0,0,0,0,0,0,0,0,0,0,0,0,0,0
R240852731,0,0,0,0,0,0,0,0,0,0,0,0,0,0,0,0,0,0,0,0,0
R240855144,0,0,0,0,0,0,0,0,0,0,0,0,0,0,0,0,0,0,0,0,0
R240856065,0,0,0,0,0,0,0,0,0,0,0,0,0,0,0,0,0,0,0,0,0
R240859097,0,0,0,0,0,0,0,0,0,0,0,0,0,0,1,0,0,0,0,0,0
R240906668,0,0,0,0,0,0,0,0,0,0,0,0,0,0,0,0,0,0,0,0,0
R240917420,0,0,0,0,0,0,0,0,0,0,0,0,0,0,0,0,0,0,0,0,0
R240928307,0,0,0,0,0,0,0,0,0,0,0,0,0,0,1,0,0,0,1,0,0
R240997155,0,0,0,0,0,0,0,0,0,0,0,1,0,0,0,1,0,0,0,0,0
R241013334,0,0,0,0,0,0,0,0,0,0,0,0,0,0,0,0,0,0,0,0,0
R241040240,0,0,0,0,0,0,0,0,0,0,0,0,0,0,0,0,0,0,0,0,0
R241040359,0,0,0,0,0,0,0,0,0,0,0,0,0,0,0,0,0,0,0,0,0
R241062671,0,0,0,0,0,0,0,0,0,0,0,0,0,0,0,0,0,0,0,0,0
R241107139,0,0,0,0,0,0,0,0,0,0,0,0,0,0,0,0,0,0,0,0,0
R241111694,0,0,0,0,0,0,0,0,0,0,0,1,0,0,1,0,0,0,1,0,0
R241121601,0,0,0,0,0,0,0,0,0,0,0,1,0,0,0,0,0,0,0,0,0
R241147955,0,0,0,0,0,0,1,1,0,0,0,1,0,0,1,0,0,0,0,0,0
R241156880,0,0,0,0,0,0,0,0,0,0,0,0,0,0,0,0,0,0,0,0,0
R241210503,0,0,0,0,0,0,0,0,0,0,0,0,0,0,1,0,0,0,1,0,0
R241215643,0,0,0,0,0,0,0,0,0,0,0,0,0,0,0,0,0,0,0,0,0
R241228933,0,0,0,0,0,0,0,0,0,0,0,0,0,0,1,0,0,0,1,0,0
R241312663,0,0,0,0,0,0,1,1,0,0,0,0,0,1,0,0,0,0,0,0,0
R241336392,0,0,0,0,0,0,0,0,0,0,0,0,0,0,0,0,0,0,0,0,0
R241344470,0,0,0,0,0,0,0,0,0,0,0,0,0,0,0,0,0,0,0,0,0
R241364719,0,0,0,0,0,0,0,0,0,0,0,0,0,0,0,0,0,0,0,0,0
R241368770,0,0,0,0,0,0,0,0,0,0,0,0,0,0,0,0,1,0,0,1,0
R241383957,0,0,0,0,0,0,0,0,0,0,0,0,0,0,1,0,0,0,0,0,0
R241415870,0,0,0,0,0,0,1,1,0,0,0,1,0,0,0,0,0,0,0,0,0
R241428575,0,0,0,0,0,0,0,0,0,0,0,0,0,0,0,0,0,0,0,0,0
R241443291,0,0,0,0,0,0,1,1,0,0,0,0,0,0,0,0,0,0,0,0,0
R241445996,0,0,0,0,0,0,0,0,0,0,0,0,0,0,0,0,0,0,0,0,0
R241521912,0,0,0,0,0,0,0,0,0,0,0,0,0,0,0,0,0,0,0,0,0
R241552120,0,0,0,0,0,0,0,0,0,0,0,0,0,0,1,0,0,0,1,0,0
R241570662,0,0,0,0,0,0,0,0,0,0,0,0,0,0,0,0,0,0,0,0,0
R241580468,0,0,0,0,0,0,0,0,0,0,0,0,0,0,0,0,0,0,0,1,0
R241595515,0,0,0,0,0,0,0,0,0,0,0,0,0,0,0,0,0,0,0,0,0
R241598926,0,0,0,0,0,0,0,0,0,0,0,0,0,0,0,1,0,0,0,0,0
R241609138,0,0,0,0,0,0,0,0,0,0,0,0,0,0,0,0,0,0,0,0,0
R241629241,0,0,0,0,0,0,0,0,0,0,0,0,0,0,1,1,0,0,1,0,0
R241638248,0,0,0,0,0,0,0,0,0,0,0,0,0,0,0,0,1,0,0,1,0
R241640955,0,0,0,0,0,0,0,0,0,0,0,0,0,0,0,0,0,0,0,0,0
R241648576,0,0,0,0,0,0,0,0,0,0,0,0,0,0,0,0,0,0,0,0,0
R241656076,0,0,0,0,0,0,0,0,0,0,0,0,0,0,0,0,0,0,0,0,0
R241659750,0,0,0,0,0,0,0,0,0,0,0,0,0,0,0,0,0,0,0,0,0
R241673265,0,0,0,0,0,0,0,1,0,0,0,0,0,0,0,0,0,0,0,0,0
R241719259,0,0,0,0,0,0,0,0,0,0,0,0,0,0,0,0,0,0,0,0,0
R241743103,0,0,0,0,0,0,0,0,0,0,0,1,0,0,0,0,0,0,0,0,0
R241748688,0,0,0,0,0,0,0,0,0,0,0,0,0,0,0,0,0,0,0,0,0
R241749586,0,0,0,0,0,0,0,0,0,0,0,0,0,0,0,0,0,0,0,0,0
R241776140,0,0,0,0,0,0,0,0,0,0,0,0,0,0,0,0,0,0,0,0,0
R241792737,0,0,0,0,0,0,1,1,0,1,0,1,0,0,1,1,0,0,1,0,0
R241797797,0,0,0,0,0,0,0,0,0,0,0,0,0,0,0,0,0,0,0,0,0
R241808857,0,0,0,0,0,0,0,0,0,0,0,0,0,0,0,0,0,0,0,0,0
R241814647,0,0,0,0,0,0,0,0,0,0,0,0,0,0,0,0,0,0,0,0,0
R241845322,0,0,0,0,0,0,0,0,0,0,0,0,0,0,0,0,0,0,0,0,0
R241855191,0,0,0,0,0,0,0,0,0,0,0,1,0,0,0,0,0,0,0,0,0
R241888633,0,0,0,0,0,0,0,0,0,1,0,1,0,0,0,1,0,0,0,0,0
R241889348,0,0,0,0,0,0,0,0,0,0,0,0,0,0,0,0,0,0,0,0,0
R241907941,0,0,0,0,0,0,0,0,0,0,0,0,0,0,0,0,0,0,0,0,0
R241938628,0,0,0,0,0,0,0,0,0,0,0,0,0,0,0,0,0,0,0,0,0
R241949647,0,0,0,0,0,0,0,0,0,0,0,0,0,0,0,0,0,0,0,0,0
R241960677,0,0,0,0,0,0,0,0,0,0,0,0,0,0,0,0,0,0,0,0,0
R241963368,0,0,0,0,0,0,0,1,0,0,0,1,0,0,0,0,0,0,0,0,0
R242025628,0,0,0,0,0,0,0,0,0,0,0,0,0,0,0,0,0,0,0,0,0
R242035355,0,0,0,0,0,0,1,1,0,0,0,0,0,0,0,0,0,0,0,0,0
R242068312,0,0,0,0,0,0,0,0,0,0,0,0,0,0,0,1,0,0,0,0,0
R242158252,0,0,0,0,0,0,0,0,0,0,0,0,0,0,0,0,0,0,0,0,0
R242173667,0,0,0,0,0,0,0,0,0,0,0,0,0,0,0,0,0,0,0,0,0
R242175103,0,0,0,0,0,0,0,0,0,0,0,0,0,0,0,0,0,0,0,0,0
R242176870,0,0,0,0,0,0,0,0,0,0,0,0,0,0,0,0,0,0,0,1,0
R242198046,0,0,0,0,0,0,0,0,0,0,0,1,0,0,0,0,0,0,0,0,0
R242207889,0,0,0,0,0,0,0,0,0,0,0,0,0,0,0,0,0,0,0,1,0
R242224949,0,0,0,0,0,0,0,0,0,1,0,1,0,0,0,1,0,0,0,0,0
R242239118,0,0,0,0,0,0,1,1,0,0,0,0,0,0,0,0,0,0,0,0,0
R242242628,0,0,0,0,0,0,0,0,0,0,0,0,0,0,0,0,0,0,0,0,0
R242274183,0,0,0,0,0,0,1,1,0,0,0,1,0,0,1,1,0,0,1,0,0
R242275770,0,0,0,0,0,0,0,0,0,0,0,0,0,0,0,0,0,0,0,0,0
R242318502,0,0,0,0,0,0,0,0,0,0,0,0,0,0,0,0,0,0,0,0,0
R242397791,0,0,0,0,0,0,0,0,0,0,0,0,0,0,0,0,0,0,0,0,0
R242397845,0,0,0,0,0,0,0,0,0,1,0,0,0,0,0,1,0,0,0,0,0
R242440175,0,0,0,0,0,0,0,0,0,0,0,0,0,0,0,0,0,0,0,0,0
R242447583,0,0,0,0,0,0,0,0,0,0,0,0,0,0,0,0,0,0,0,0,0
R242450069,0,0,0,0,0,0,0,0,0,0,0,1,0,0,1,0,0,0,0,0,0
R242456480,0,0,0,0,0,0,0,1,0,0,0,0,0,0,0,1,0,0,0,0,0
R242470487,0,0,0,0,0,0,0,0,0,0,0,0,0,0,1,0,0,0,1,0,0
R242525393,0,0,0,0,0,0,0,0,0,0,0,0,0,0,0,0,0,0,0,0,0
R242534631,0,0,0,0,0,0,0,1,0,0,0,1,0,0,0,0,0,0,0,0,0
R242546742,0,0,0,0,0,0,0,0,0,0,0,0,0,0,0,0,0,0,0,0,0
R242589175,0,0,0,0,0,0,0,0,0,0,0,0,0,0,0,0,0,0,0,0,0
R242659001,0,0,0,0,0,0,0,0,0,0,0,0,0,0,0,0,0,0,0,0,0
R242669241,0,0,0,0,0,0,0,0,0,0,0,1,0,0,0,0,0,0,0,0,0
R242683992,0,0,0,0,0,0,0,0,0,0,0,0,0,0,0,0,0,0,0,0,0
R242688964,0,0,0,0,0,0,0,0,0,0,0,0,0,0,0,0,0,0,0,0,0
R242700903,0,0,0,0,0,0,0,0,0,0,0,0,0,0,0,0,0,0,0,0,0
R242706950,0,0,0,0,0,0,0,0,0,0,0,0,0,0,0,0,0,0,0,1,0
R242767031,0,0,0,0,0,0,0,0,0,0,0,0,0,0,0,0,0,0,0,0,0
R242767842,0,0,0,0,0,0,1,1,0,1,0,0,0,0,1,1,0,0,0,0,0
R242793769,0,0,0,0,0,0,0,0,0,0,0,0,0,0,0,0,0,0,0,0,0
R242819828,0,0,0,0,0,0,0,0,0,0,0,0,0,0,0,0,0,0,0,0,0
R242831818,0,0,0,0,0,0,1,1,0,0,0,1,0,0,0,0,0,0,0,0,0
R242833939,0,0,0,0,0,0,0,0,0,0,0,0,0,0,0,0,0,0,0,0,0
R242839234,0,0,0,0,0,0,0,0,0,0,0,0,0,0,0,0,0,0,0,0,0
R242856981,0,0,0,0,0,0,0,0,0,0,0,0,0,0,0,0,0,0,0,0,0
R242884722,0,0,0,0,0,0,0,0,0,0,0,0,0,0,1,0,0,0,1,0,0
R242892228,0,0,0,0,0,0,0,0,0,0,0,0,0,0,0,0,0,0,0,0,0
R242904909,0,0,0,0,0,0,0,0,0,0,0,0,0,0,0,0,0,0,0,0,0
R242931977,0,0,0,0,0,0,0,0,0,0,0,0,0,0,0,0,0,0,0,0,0
R242952558,0,0,0,0,0,0,0,0,0,0,0,0,0,0,0,0,0,0,0,0,0
R242965554,0,0,0,0,0,0,0,0,0,0,0,0,0,0,0,0,0,0,0,1,0
R242966873,0,0,0,0,0,0,1,1,0,0,0,0,0,0,1,0,0,0,0,0,0
R242967836,0,0,0,0,0,0,0,0,0,0,0,1,0,0,1,1,0,0,0,0,0
R242972931,0,0,0,0,0,0,0,0,0,0,0,0,0,0,0,0,0,0,0,0,0
R242973635,0,0,0,0,0,0,0,0,0,0,0,0,0,0,0,1,0,0,0,0,0
R242976769,0,0,0,0,0,0,0,0,0,0,0,0,0,0,0,0,0,0,0,0,0
R243001099,0,0,0,0,0,0,0,0,0,0,0,0,0,0,0,0,0,0,0,0,0
R243002581,0,0,0,0,0,0,0,0,0,0,0,0,0,0,0,0,0,0,0,0,0
R243008224,0,0,0,0,0,0,1,1,0,0,0,0,0,0,0,0,0,0,0,0,0
R243047638,0,0,0,0,0,0,0,0,0,0,0,0,0,0,0,0,0,0,0,0,0
R243078229,0,0,0,0,0,0,0,0,0,0,0,0,0,0,0,0,0,0,0,0,0
R243123526,0,0,0,0,0,0,1,1,0,0,0,1,0,0,0,0,0,0,0,0,0
R243123768,0,0,0,0,0,0,0,0,0,0,0,1,0,0,0,0,0,0,0,0,0
R243160251,0,0,0,0,0,0,0,0,0,0,0,0,0,0,0,0,0,0,0,0,0
R243174518,0,0,0,0,0,0,0,0,0,0,0,0,0,0,0,0,0,0,0,0,0
R243197927,0,0,0,0,0,0,1,1,0,0,0,1,0,0,1,1,0,0,0,0,0
R243246063,0,0,0,0,0,0,0,1,0,0,0,1,0,1,0,0,1,0,0,1,0
R243261041,0,0,0,0,0,0,0,0,0,0,0,0,0,0,0,0,0,0,0,0,0
R243281899,0,0,0,0,0,0,0,0,0,0,0,0,0,0,0,0,0,0,0,0,0
R243284019,0,0,0,0,0,0,0,0,0,0,0,0,0,0,0,0,0,0,0,0,0
R243299410,0,0,0,0,0,0,0,0,0,0,0,0,0,0,0,0,0,0,0,0,0
R243323477,0,0,0,0,0,0,0,0,0,0,0,0,0,0,0,0,0,0,0,0,0
R243333878,0,0,0,0,0,0,0,0,0,0,0,0,0,0,0,0,0,0,0,0,0
R243344145,0,0,0,0,0,0,0,0,0,0,0,0,0,0,0,0,0,0,0,0,0
R243351963,0,0,0,0,0,0,0,0,0,0,0,1,0,0,0,0,0,0,0,0,0
R243371989,0,0,0,0,0,0,0,0,0,0,0,0,0,0,0,0,0,0,0,0,0
R243384292,0,0,0,0,0,0,0,0,0,0,0,0,0,0,0,0,0,0,0,0,0
R243409286,0,0,0,0,0,0,0,0,0,0,0,0,0,0,0,0,0,0,0,0,0
R243443369,0,0,0,0,0,0,0,0,0,0,0,0,0,0,0,0,0,0,0,0,0
R243456418,0,0,0,0,0,0,0,0,0,0,0,0,0,0,1,0,0,0,1,0,0
R243476089,0,0,0,0,0,0,0,0,0,0,0,0,0,0,0,0,0,0,0,0,0
R243478150,0,0,0,0,0,0,0,0,0,0,0,0,0,0,0,0,0,0,0,0,0
R243504389,0,0,0,0,0,0,0,0,0,0,0,0,0,0,0,0,0,0,0,0,0
R243509686,0,0,0,0,0,0,0,0,0,0,0,0,0,0,1,0,0,0,1,0,0
R243509911,0,0,0,0,0,0,0,0,0,0,0,0,0,0,0,0,0,0,0,0,0
R243513971,0,0,0,0,0,0,0,0,0,0,0,0,0,0,0,0,0,0,0,0,0
R243519470,0,0,0,0,0,0,0,0,0,0,0,1,0,0,0,0,1,0,0,1,0
R243525535,0,0,0,0,0,0,1,1,0,0,0,1,0,0,1,0,1,0,0,1,0
R243538577,0,0,0,0,0,0,0,0,0,0,0,0,0,0,0,0,0,0,0,0,0
R243544907,0,0,0,0,0,0,0,0,0,0,0,0,0,0,0,0,0,0,0,1,0
R243582621,0,0,0,0,0,0,0,0,0,0,0,0,0,0,0,0,0,0,0,0,0
R243591716,0,0,0,0,0,0,0,0,0,0,0,0,0,0,0,0,0,0,0,0,0
R243610599,0,0,0,0,0,0,0,0,0,0,0,0,0,0,0,1,0,0,0,0,0
R243648203,0,0,0,0,0,0,0,0,0,0,0,0,0,0,1,1,0,0,0,1,0
R243659067,0,0,0,0,0,0,0,0,0,0,0,0,0,0,0,1,0,0,0,0,0
R243667449,0,0,0,0,0,0,0,0,0,1,0,0,0,0,0,1,0,0,0,0,0
R243672215,0,0,0,0,0,0,0,0,0,0,0,0,0,0,0,0,0,0,0,0,0
R243680139,0,0,0,0,0,0,1,1,0,0,0,0,0,0,0,0,0,0,0,0,0
R243727814,0,0,0,0,0,0,1,1,0,0,0,1,0,0,1,0,0,0,0,0,0
R243789191,0,0,0,0,0,0,0,0,0,0,0,0,0,0,0,0,0,0,0,0,0
R243841865,0,0,0,0,0,0,0,0,0,0,0,0,0,0,0,1,0,0,0,0,0
R243842059,0,0,0,0,0,0,0,0,0,1,0,0,0,0,0,1,0,0,0,1,0
R243864261,0,0,0,0,0,0,0,0,0,0,0,0,0,0,0,0,0,0,0,0,0
R243881758,0,0,0,0,0,0,0,0,0,0,0,0,0,0,0,0,0,0,0,0,0
R243885791,0,0,0,0,0,0,0,0,0,0,0,0,0,0,0,0,0,0,0,0,0
R243907415,0,0,0,0,0,0,0,0,0,0,0,0,0,0,0,0,0,0,0,0,0
R243911172,0,0,0,0,0,0,1,1,0,0,0,0,0,0,1,0,0,0,1,0,0
R243914663,0,0,0,0,0,0,0,0,0,0,0,0,0,0,0,0,0,0,0,0,0
R243936179,0,0,0,0,0,0,0,0,0,0,0,0,0,0,0,0,0,0,0,0,0
R243954459,0,0,0,0,0,0,0,0,0,0,0,0,0,0,0,0,0,0,0,0,0
R243976804,0,0,0,0,0,0,0,0,0,0,0,0,0,0,0,1,0,0,0,0,0
R244000014,0,0,0,0,0,0,0,0,0,0,0,0,0,0,0,0,0,0,0,0,0
R244003177,0,0,0,0,0,0,0,1,0,0,0,0,0,0,1,0,0,0,1,1,0
R244004059,0,0,0,0,0,0,0,0,0,0,0,0,0,0,0,0,0,0,0,0,0
R244024618,0,0,0,0,0,0,0,0,0,0,0,0,0,0,0,0,0,0,0,0,0
R244032825,0,0,0,0,0,0,0,0,0,0,0,0,0,0,0,0,0,0,0,0,0
R244033643,0,0,0,0,0,0,0,0,0,0,0,0,0,0,0,0,0,0,0,0,0
R244037857,0,0,0,0,0,0,0,0,0,0,0,0,0,0,0,0,0,0,0,0,0
R244065384,0,0,0,0,0,0,1,1,0,0,0,0,0,0,0,0,0,0,0,0,0
R244069379,0,0,0,0,0,0,0,0,0,0,0,0,0,0,0,0,0,0,0,0,0
R244073228,0,0,0,0,0,0,0,0,0,0,0,0,0,0,0,1,0,0,0,0,0
R244102456,0,0,0,0,0,0,0,0,0,0,0,0,0,0,0,0,0,0,0,1,0
R244124153,0,0,0,0,0,0,0,0,0,0,0,0,0,0,0,0,0,0,0,0,0
R244130698,0,0,0,0,0,0,0,0,0,0,0,0,0,0,0,0,0,0,0,0,0
R244143784,0,0,0,0,0,0,0,0,0,0,0,0,0,0,0,0,0,0,0,0,0
R244146273,0,0,0,0,0,0,0,0,0,0,0,0,0,0,0,0,0,0,0,0,0
R244188689,0,0,0,0,0,0,0,0,0,0,0,0,0,0,1,0,0,0,1,0,0
R244289088,0,0,0,0,0,0,0,0,0,0,0,0,0,0,0,0,0,0,0,0,0
R244298122,0,0,0,0,0,0,0,0,0,0,0,0,0,0,0,0,0,0,0,0,0
R244318531,0,0,0,0,0,0,0,0,0,0,0,0,0,0,1,0,0,0,1,0,0
R244325419,0,0,0,0,0,0,0,0,0,0,0,0,0,0,0,0,0,0,0,0,0
R244349320,0,0,0,0,0,0,0,0,0,0,0,0,0,0,0,0,0,0,0,0,0
R244369023,0,0,0,0,0,0,0,0,0,0,0,0,0,0,0,0,0,0,0,0,0
R244384578,0,0,0,0,0,0,0,0,0,1,0,0,0,0,0,1,0,0,0,0,0
R244429767,0,0,0,0,0,0,0,0,0,0,0,0,0,0,0,0,0,0,0,0,0
R244471657,0,0,0,0,0,0,0,0,0,0,0,1,0,0,0,1,0,0,0,0,0
R244484279,0,0,0,0,0,0,0,0,0,0,0,0,0,0,0,0,0,0,0,0,0
R244488426,0,0,0,0,0,0,1,1,0,0,0,0,0,0,1,0,1,0,0,1,0
R244489151,0,0,0,0,0,0,0,0,0,0,0,0,0,0,0,0,0,0,0,0,0
R244523797,0,0,0,0,0,0,0,0,0,0,0,0,0,0,0,0,0,1,0,0,0
R244536241,0,0,0,0,0,0,0,0,0,0,0,0,0,0,0,0,0,0,0,1,0
R244551250,0,0,0,0,0,0,0,1,0,0,0,0,0,1,0,0,0,0,0,0,0
R244556434,0,0,0,0,0,0,0,0,0,0,0,1,0,0,0,1,0,0,0,0,0
R244567674,0,0,0,0,0,0,0,0,0,0,0,0,0,0,1,0,0,0,0,0,0
R244580422,0,0,0,0,0,0,0,0,0,0,0,0,0,0,0,0,0,0,0,0,0
R244588673,0,0,0,0,0,0,0,0,0,0,0,0,0,0,0,0,0,0,0,0,0
R244634102,0,0,0,0,0,0,0,0,0,0,0,0,0,0,0,0,0,0,0,0,0
R244640524,0,0,0,0,0,0,0,0,0,0,0,0,0,0,1,0,0,0,1,0,0
R244692953,0,0,0,0,0,0,0,0,0,0,0,0,0,0,0,0,0,0,0,0,0
R244699668,0,0,0,0,0,0,0,0,0,0,0,0,0,0,0,0,0,0,0,0,0
R244721786,0,0,0,0,0,0,0,0,0,0,0,0,0,0,0,0,0,0,0,0,0
R244732283,0,0,0,0,0,0,0,0,0,0,0,0,0,0,0,0,0,0,0,0,0
R244757199,0,0,0,0,0,0,0,0,0,0,0,0,0,0,0,0,0,0,0,0,0
R244777820,0,0,0,0,0,0,0,0,0,0,0,0,0,0,0,0,0,0,0,0,0
R244799797,0,0,0,0,0,0,0,0,0,0,0,0,0,0,0,0,0,0,0,0,0
R244802988,0,0,0,0,0,0,0,0,0,0,0,0,0,0,0,0,0,0,0,0,0
R244825608,0,0,0,0,0,0,0,0,0,0,0,0,0,0,0,0,0,0,0,0,0
R244827313,0,0,0,0,0,0,0,0,0,0,0,0,0,0,0,0,0,0,0,0,0
R244832282,0,0,0,0,0,0,0,0,0,0,0,0,0,0,0,0,0,0,0,0,0
R244833742,0,0,0,0,0,0,0,1,0,0,0,0,0,0,1,0,0,0,0,0,0
R244838679,0,0,0,0,0,0,0,0,0,0,0,0,0,0,0,0,0,0,0,0,0
R244839889,0,0,0,0,0,0,0,0,0,0,0,0,0,0,0,0,0,0,0,0,0
R244842294,0,0,0,0,0,0,0,0,0,0,0,0,0,0,0,0,0,0,0,0,0
R244899344,0,0,0,0,0,0,0,0,0,0,0,0,0,0,0,0,0,0,0,0,0
R244960122,0,0,0,0,0,0,0,0,0,0,0,0,0,0,0,0,0,0,0,0,0
R244962691,0,0,0,0,0,0,0,0,0,0,0,0,0,0,0,0,0,0,0,0,0
R244965488,0,0,0,0,0,0,0,0,0,0,0,0,0,0,0,0,0,0,0,0,0
R244993769,0,0,0,0,0,0,0,0,0,0,0,0,0,0,0,0,0,0,0,0,0
R245019037,0,0,0,0,0,0,0,0,0,0,0,0,0,0,0,0,1,0,0,1,0
R245025180,0,0,0,0,0,0,0,0,0,0,0,0,0,0,0,0,0,0,0,0,0
R245057449,0,0,0,0,0,0,0,0,0,0,0,0,0,0,0,0,0,0,0,0,0
R245075710,0,0,0,0,0,0,0,0,0,0,0,0,0,0,0,0,0,0,0,0,0
R245076159,0,0,0,0,0,0,1,1,0,0,0,0,0,0,1,0,0,0,1,0,0
R245084203,0,0,0,0,0,0,1,1,0,1,0,1,0,0,0,1,0,0,0,0,0
R245095206,0,0,0,0,0,0,0,0,0,0,0,0,0,0,0,1,0,0,0,0,0
R245117747,0,0,0,0,0,0,0,1,0,0,0,0,0,1,0,0,0,0,0,0,0
R245123359,0,0,0,0,0,0,0,0,0,0,0,0,0,0,0,0,0,0,0,0,0
R245123539,0,0,0,0,0,0,0,0,0,0,0,0,0,0,0,0,0,0,0,0,0
R245131418,0,0,0,0,0,0,0,0,0,0,0,0,0,0,0,0,0,0,0,0,0
R245177281,0,0,0,0,0,0,0,0,0,0,0,0,0,0,0,0,0,0,0,0,0
R245218408,0,0,0,0,0,0,0,0,0,0,0,0,0,0,0,0,0,0,0,0,0
R245241934,0,0,0,0,0,0,0,0,0,0,0,0,0,0,0,0,0,0,0,0,0
R245250096,0,0,0,0,0,0,0,0,0,0,0,1,0,0,0,0,0,0,0,0,0
R245254278,0,0,0,0,0,0,0,0,0,0,0,0,0,0,0,0,0,0,0,0,0
R245259684,0,0,0,0,0,0,1,1,0,0,0,0,0,0,0,0,0,0,0,0,0
R245329529,0,0,0,0,0,0,0,0,0,0,0,0,0,0,0,0,0,0,0,0,0
R245330044,0,0,0,0,0,0,0,0,0,0,0,0,0,0,1,1,0,0,0,1,0
R245333563,0,0,0,0,0,0,0,0,0,0,0,0,0,0,0,0,0,0,0,0,0
R245333698,0,0,0,0,0,0,0,0,0,0,0,0,0,0,0,0,0,0,0,0,0
R245359452,0,0,0,0,0,0,0,0,0,0,0,1,0,0,0,1,0,0,0,0,0
R245381578,0,0,0,0,0,0,1,1,0,0,0,0,0,0,0,1,0,0,0,1,0
R245382366,0,0,0,0,0,0,0,0,0,0,0,0,0,0,1,0,0,0,1,0,0
R245396727,0,0,0,0,0,0,0,0,0,0,0,1,0,0,0,0,0,0,0,0,0
R245401957,0,0,0,0,0,0,0,0,0,0,0,0,0,0,0,0,0,0,0,0,0
R245418581,0,0,0,0,0,0,0,0,0,0,0,0,0,0,0,0,0,0,0,0,0
R245428929,0,0,0,0,0,0,0,0,0,0,0,0,0,0,0,0,0,0,0,0,0
R245493316,0,0,0,0,0,0,0,0,0,0,0,0,0,0,0,0,0,0,0,0,0
R245498617,0,0,0,0,0,0,1,1,0,0,0,1,0,0,1,0,0,0,0,0,0
R245499705,0,0,0,0,0,0,0,0,0,0,0,0,0,0,1,0,0,0,1,0,0
R245538878,0,0,0,0,0,0,0,1,0,0,0,1,0,0,1,0,0,0,0,0,0
R245556105,0,0,0,0,0,0,0,0,0,0,0,0,0,0,0,0,0,0,0,0,0
R245568520,0,0,0,0,0,0,0,0,0,0,0,0,0,0,0,0,0,0,0,0,0
R245581656,0,0,0,0,0,0,0,0,0,0,0,0,0,0,0,0,0,0,0,0,0
R245582125,0,0,0,0,0,0,0,0,0,0,0,0,0,0,0,0,0,0,0,0,0
R245583523,0,0,0,0,0,0,0,1,0,0,0,0,0,0,0,1,0,0,0,0,0
R245592059,0,0,0,0,0,0,0,0,0,0,0,1,0,0,0,0,0,0,0,1,0
R245622992,0,0,0,0,0,0,0,0,0,0,0,0,0,0,0,0,0,0,0,0,0
R245630173,0,0,0,0,0,0,0,0,0,0,0,0,0,0,0,0,0,0,0,0,0
R245632406,0,0,0,0,0,0,0,0,0,0,0,0,0,0,0,0,0,0,0,0,0
R245638472,0,0,0,0,0,0,0,0,0,0,0,0,0,0,0,0,0,0,0,0,0
R245661513,0,0,0,0,0,0,0,0,0,0,0,0,0,0,0,0,0,0,0,0,0
R245671950,0,0,0,0,0,0,0,0,0,0,0,0,0,0,0,0,0,0,0,1,0
R245705829,0,0,0,0,0,0,0,0,0,0,0,0,0,0,0,0,0,0,0,0,0
R245721231,0,0,0,0,0,0,1,1,0,0,0,0,0,0,0,0,0,0,0,0,0
R245783944,0,0,0,0,0,0,0,0,0,0,0,0,0,0,0,0,0,0,0,0,0
R245784662,0,0,0,0,0,0,0,0,0,0,0,0,0,0,1,0,0,0,1,0,0
R245817964,0,0,0,0,0,0,0,0,0,0,0,0,0,0,0,0,0,0,0,0,0
R245829813,0,0,0,0,0,0,0,0,0,0,0,0,0,0,0,0,0,0,0,0,0
R245831036,0,0,0,0,0,0,0,0,0,0,0,0,0,0,0,0,0,0,0,0,0
R245844986,0,0,0,0,0,0,0,0,0,0,0,0,0,0,0,0,0,0,0,0,0
R245871584,0,0,0,0,0,0,0,0,0,0,0,0,0,0,0,0,0,0,0,0,0
R245874540,0,0,0,0,0,0,0,0,0,0,0,0,0,0,0,0,0,0,0,0,0
R245876717,0,0,0,0,0,0,0,0,0,0,0,0,0,0,0,0,0,0,0,0,0
R245886337,0,0,0,0,0,0,0,0,0,0,0,0,0,0,0,0,0,0,0,0,0
R245902944,0,0,0,0,0,0,1,1,0,0,0,1,0,0,1,0,0,0,0,0,0
R245922566,0,0,0,0,0,0,1,1,0,0,0,1,0,0,1,0,1,0,0,1,0
R245940349,0,0,0,0,0,0,0,0,0,0,0,0,0,0,0,0,0,0,0,0,0
R245957190,0,0,0,0,0,0,0,0,0,0,0,0,0,0,0,0,0,0,0,0,0
R245986514,0,0,0,0,0,0,0,0,0,0,0,0,0,0,0,0,0,0,0,0,0
R246025315,0,0,0,0,0,0,0,0,0,0,0,1,0,0,0,0,0,0,0,0,0
R246029863,0,0,0,0,0,0,0,0,0,0,0,0,0,0,0,0,0,0,0,0,0
R246045651,0,0,0,0,0,0,0,0,0,0,0,0,0,0,0,0,0,0,0,0,0
R246066394,0,0,0,0,0,0,0,0,0,0,0,0,0,0,0,0,0,0,0,0,0
R246068143,0,0,0,0,0,0,1,1,0,0,0,0,0,0,1,0,0,0,0,0,0
R246068793,0,0,0,0,0,0,0,0,0,0,0,0,0,0,0,0,0,0,0,0,0
R246114173,0,0,0,0,0,0,0,0,0,0,0,0,0,0,0,0,0,0,0,0,0
R246124934,0,0,0,0,0,0,0,0,0,0,0,1,0,0,0,0,0,0,0,0,0
R246132158,0,0,0,0,0,0,0,0,0,0,0,0,0,0,0,1,0,0,0,0,0
R246137981,0,0,0,0,0,0,0,0,0,0,0,0,0,0,0,0,0,0,0,1,0
R246156446,0,0,0,0,0,0,0,0,0,0,0,0,0,0,0,0,0,0,0,0,0
R246158154,0,0,0,0,0,0,0,0,0,0,0,0,0,0,0,0,0,0,0,0,0
R246164199,0,0,0,0,0,0,0,0,0,0,0,1,0,0,0,0,0,0,0,0,0
R246201162,0,0,0,0,0,0,0,0,0,0,0,0,0,0,0,0,0,0,0,0,0
R246242692,0,0,0,0,0,0,0,0,0,0,0,0,0,0,0,0,0,0,0,0,0
R246261392,0,0,0,0,0,0,0,0,0,0,0,0,0,0,0,0,1,0,0,1,0
R246261777,0,0,0,0,0,0,0,0,0,0,0,0,0,0,0,0,0,0,0,0,0
R246270064,0,0,0,0,0,0,0,0,0,0,0,1,0,0,0,0,0,0,0,1,0
R246272092,0,0,0,0,0,0,0,0,0,0,0,0,0,0,0,0,0,0,0,0,0
R246334570,0,0,0,0,0,0,0,0,0,0,0,0,0,0,0,0,0,0,0,0,0
R246360141,0,0,0,0,0,0,0,0,0,0,0,0,0,0,0,0,0,0,0,0,0
R246368797,0,0,0,0,0,0,0,0,0,0,0,0,0,0,0,0,0,0,0,0,0
R246428816,0,0,0,0,0,0,0,0,0,0,0,0,0,0,0,0,0,0,0,0,0
R246448099,0,0,0,0,0,0,0,0,0,0,0,0,0,0,0,0,0,0,0,0,0
R246465093,0,0,0,0,0,0,1,1,0,0,0,1,0,0,1,0,0,0,0,0,0
R246489921,0,0,0,0,0,0,0,0,0,1,0,0,0,0,1,1,0,0,0,0,0
R246494970,0,0,0,0,0,0,0,0,0,0,0,0,0,0,0,0,0,0,0,0,0
R246509627,0,0,0,0,0,0,0,1,0,0,0,0,0,0,1,0,0,0,1,1,0
R246520592,0,0,0,0,0,0,0,0,0,0,0,0,0,0,0,0,0,0,0,0,0
R246522815,0,0,0,0,0,0,0,0,0,0,0,0,0,0,0,0,0,0,0,0,0
R246532601,0,0,0,0,0,0,0,0,0,0,0,0,0,0,0,0,0,0,0,0,0
R246537920,0,0,0,0,0,0,0,0,0,0,0,0,0,0,0,0,0,0,0,0,0
R246538905,0,0,0,0,0,0,0,0,0,0,0,1,0,0,0,0,1,0,0,1,0
R246587913,0,0,0,0,0,0,0,0,0,0,0,0,0,0,0,0,0,0,0,0,0
R246595960,0,0,0,0,0,0,0,1,0,0,0,1,0,0,0,0,0,0,0,0,0
R246614467,0,0,0,0,0,0,0,0,0,0,0,0,0,0,0,0,0,0,0,0,0
R246630471,0,0,0,0,0,0,0,0,0,0,0,0,0,0,0,0,0,0,0,0,0
R246654162,0,0,0,0,0,0,0,0,0,0,0,0,0,0,0,0,0,0,0,0,0
R246672138,0,0,0,0,0,0,0,0,0,0,0,0,0,0,0,0,0,0,0,0,0
R246685828,0,0,0,0,0,0,0,0,0,0,0,0,0,0,0,0,0,0,0,0,0
R246699272,0,0,0,0,0,0,0,0,0,0,0,0,0,0,0,0,0,0,0,0,0
R246718691,0,0,0,0,0,0,0,0,0,0,0,0,0,0,0,0,0,0,0,1,0
R246730830,0,0,0,0,0,0,0,0,0,0,0,0,0,0,0,0,0,0,0,1,0
R246767370,0,0,0,0,0,0,0,0,0,0,0,0,0,0,0,0,0,0,0,0,0
R246780133,0,0,0,0,0,0,0,0,0,0,0,0,0,0,0,0,0,0,0,0,0
R246802540,0,0,0,0,0,0,0,0,0,0,0,0,0,0,0,0,0,0,0,0,0
R246821151,0,0,0,0,0,0,0,0,0,0,0,0,0,0,0,0,0,0,0,0,0
R246877762,0,0,0,0,0,0,0,0,0,0,0,0,0,0,0,0,0,0,0,0,0
R246889184,0,0,0,0,0,0,0,0,0,0,0,0,0,0,0,0,0,0,0,0,0
R246905473,0,0,0,0,0,0,0,0,0,0,0,0,0,0,0,0,0,0,0,0,0
R246973795,0,0,0,0,0,0,0,0,0,0,0,0,0,0,0,0,0,0,0,0,0
R246999894,0,0,0,0,0,0,0,0,0,0,0,0,0,0,0,0,0,0,0,0,0
R247003570,0,0,0,0,0,0,1,1,0,0,0,1,0,0,1,0,0,0,0,0,0
R247049733,0,0,0,0,0,0,0,0,0,0,0,0,0,0,0,0,0,0,0,0,0
R247087785,0,0,0,0,0,0,0,0,0,0,0,0,0,0,1,0,1,0,0,1,0
R247128943,0,0,0,0,0,0,0,0,0,0,0,0,0,0,0,0,0,0,0,0,0
R247170480,0,0,0,0,0,0,0,0,0,0,0,1,0,0,0,0,0,0,0,0,0
R247184153,0,0,0,0,0,0,0,0,0,0,0,1,0,0,0,0,0,0,0,0,0
R247199413,0,0,0,0,0,0,1,1,0,0,0,1,0,0,0,1,1,0,0,1,0
R247218936,0,0,0,0,0,0,0,0,0,0,0,0,0,0,0,0,0,0,0,0,0
R247223051,0,0,0,0,0,0,0,0,0,0,0,1,0,0,0,0,1,0,0,1,0
R247234874,0,0,0,0,0,0,0,0,0,0,0,0,0,0,0,0,0,0,0,0,0
R247271682,0,0,0,0,0,0,0,0,0,0,0,0,0,0,0,0,0,0,0,0,0
R247273247,0,0,0,0,0,0,1,1,0,0,0,0,0,0,0,0,0,0,0,0,0
R247281527,0,0,0,0,0,0,0,0,0,0,0,0,0,0,0,0,0,0,0,1,0
R247298736,0,0,0,0,0,0,0,0,0,0,0,0,0,0,0,0,0,0,0,0,0
R247312382,0,0,0,0,0,0,0,0,0,0,0,0,0,0,0,0,0,0,0,0,0
R247323220,0,0,0,0,0,0,0,0,0,0,0,0,0,0,0,0,0,0,0,0,0
R247350037,0,0,0,0,0,0,0,0,0,0,0,0,0,0,0,0,0,0,0,0,0
R247355723,0,0,0,0,0,0,0,0,0,0,0,0,0,0,0,0,0,0,0,0,0
R247364923,0,0,0,0,0,0,1,1,0,0,0,0,0,0,0,0,0,0,0,0,0
R247394529,0,0,0,0,0,0,0,0,0,0,0,0,0,0,0,0,0,0,0,0,0
R247400245,0,0,0,0,0,0,0,0,0,0,0,0,0,0,0,0,1,0,0,1,0
R247403211,0,0,0,0,0,0,1,1,0,0,0,0,0,0,1,0,0,0,0,0,0
R247406398,0,0,0,0,0,0,0,0,0,0,0,0,0,0,0,0,0,0,0,0,0
R247409634,0,0,0,0,0,0,0,0,0,0,0,0,0,0,0,0,0,0,0,0,0
R247411907,0,0,0,0,0,0,0,0,0,0,0,0,0,0,0,0,0,0,0,0,0
R247426944,0,0,0,0,0,0,0,0,0,0,0,0,0,0,0,0,0,0,0,0,0
R247429195,0,0,0,0,0,0,0,0,0,0,0,0,0,0,0,0,0,0,0,0,0
R247445191,0,0,0,0,0,0,0,0,0,0,0,0,0,0,0,0,0,0,0,0,0
R247455651,0,0,0,0,0,0,0,0,0,0,0,0,0,0,0,0,0,0,0,0,0
R247458321,0,0,0,0,0,0,0,0,0,0,0,0,0,0,0,0,0,0,0,1,0
R247459531,0,0,0,0,0,0,0,0,0,0,0,0,0,0,0,0,0,0,0,0,0
R247504391,0,0,0,0,0,0,0,0,0,0,0,0,0,0,0,0,0,0,0,0,0
R247528171,0,0,0,0,0,0,0,0,0,0,0,0,0,0,0,0,0,0,0,0,0
R247587647,0,0,0,0,0,0,0,0,0,0,0,0,0,0,1,0,0,0,1,0,0
R247593312,0,0,0,0,0,0,0,0,0,0,0,1,0,0,1,0,0,0,0,0,0
R247595737,0,0,0,0,0,0,1,1,0,0,0,0,0,0,0,0,0,0,0,0,0
R247597739,0,0,0,0,0,0,0,0,0,0,0,1,0,0,0,0,0,0,0,0,0
R247614647,0,0,0,0,0,0,0,0,0,0,0,0,0,0,0,0,0,0,0,0,0
R247619434,0,0,0,0,0,0,0,0,0,0,0,0,0,0,0,0,0,0,0,0,0
R247643347,0,0,0,0,0,0,1,1,0,0,0,1,0,0,1,0,0,0,0,0,0
R247689186,0,0,0,0,0,0,0,0,0,0,0,0,0,0,1,0,0,0,0,0,0
R247691318,0,0,0,0,0,0,1,1,0,1,0,0,0,0,1,1,0,0,0,1,0
R247706321,0,0,0,0,0,0,0,0,0,0,0,0,0,0,0,0,0,0,0,0,0
R247716111,0,0,0,0,0,0,0,0,0,0,0,0,0,0,0,0,0,0,0,0,0
R247721281,0,0,0,0,0,0,0,0,0,0,0,0,0,0,1,0,0,0,1,0,0
R247732474,0,0,0,0,0,0,0,0,0,0,0,1,0,0,0,0,0,0,0,1,0
R247738123,0,0,0,0,0,0,1,1,0,0,0,0,0,0,1,0,0,0,1,0,0
R247744876,0,0,0,0,0,0,0,0,0,0,0,0,0,0,0,0,0,0,0,0,0
R247746317,0,0,0,0,0,0,0,0,0,0,0,1,0,0,0,0,0,0,0,0,0
R247753573,0,0,0,0,0,0,0,1,0,0,0,0,0,0,0,1,0,0,0,1,0
R247773068,0,0,0,0,0,0,0,0,0,0,0,0,0,0,0,0,0,0,0,0,0
R247778802,0,0,0,0,0,0,0,0,0,0,0,0,0,0,0,0,0,0,0,0,0
R247804570,0,0,0,0,0,0,0,0,0,0,0,0,0,0,0,0,0,0,0,0,0
R247812222,0,0,0,0,0,0,0,0,0,0,0,0,0,0,0,0,0,0,0,0,0
R247851460,0,0,0,0,0,0,0,0,0,0,0,0,0,0,0,0,0,0,0,0,0
R247856923,0,0,0,0,0,0,0,0,0,0,0,0,0,0,0,0,0,0,0,0,0
R247919346,0,0,0,0,0,0,0,0,0,0,0,0,0,0,0,0,0,0,0,0,0
R247928535,0,0,0,0,0,0,0,0,0,0,0,0,0,0,0,0,0,0,0,0,0
R247939123,0,0,0,0,0,0,0,0,0,0,0,0,0,0,1,0,0,0,0,0,0
R247943635,0,0,0,0,0,0,0,1,0,0,0,0,0,1,0,1,0,0,0,0,0
R247983732,0,0,0,0,0,0,0,0,0,0,0,0,0,0,0,0,0,0,0,0,0
R248017898,0,0,0,0,0,0,1,1,0,0,0,1,0,0,0,0,0,0,0,0,0
R248068320,0,0,0,0,0,0,0,0,0,0,0,0,0,0,0,0,0,0,0,0,0
R248110467,0,0,0,0,0,0,0,0,0,0,0,0,0,0,0,0,0,0,0,0,0
R248122803,0,0,0,0,0,0,0,0,0,0,0,0,0,0,0,0,0,0,0,0,0
R248133697,0,0,0,0,0,0,0,0,0,0,0,1,0,0,0,0,0,0,0,0,0
R248137312,0,0,0,0,0,0,1,1,0,0,0,1,0,0,1,0,0,0,0,0,0
R248141854,0,0,0,0,0,0,0,0,0,0,0,0,0,0,0,0,0,0,0,0,0
R248168156,0,0,0,0,0,0,0,0,0,0,0,0,0,0,0,0,0,0,0,0,0
R248173624,0,0,0,0,0,0,0,0,0,0,0,0,0,0,0,0,0,0,0,0,0
R248191562,0,0,0,0,0,0,0,0,0,0,0,0,0,0,0,0,0,0,0,0,0
R248240640,0,0,0,0,0,0,0,0,0,0,0,1,0,0,0,0,0,0,0,0,0
R248243429,0,0,0,0,0,0,0,0,0,0,0,0,0,0,1,0,0,0,0,0,0
R248243503,0,0,0,0,0,0,0,0,0,0,0,0,0,0,0,0,0,0,0,0,0
R248263715,0,0,0,0,0,0,1,1,0,0,0,0,0,0,1,0,0,0,1,0,0
R248281008,0,0,0,0,0,0,0,0,0,0,0,0,0,0,0,0,0,0,0,1,0
R248285741,0,0,0,0,0,0,0,0,0,0,0,0,0,0,0,0,1,0,0,1,0
R248308335,0,0,0,0,0,0,0,0,0,0,0,0,0,0,0,0,0,0,0,1,0
R248315782,0,0,0,0,0,0,0,0,0,0,0,1,0,0,0,0,0,0,0,0,0
R248318365,0,0,0,0,0,0,0,0,0,0,0,0,0,0,0,0,0,0,0,0,0
R248340786,0,0,0,0,0,0,0,0,0,0,0,1,0,0,0,0,0,0,0,0,0
R248355785,0,0,0,0,0,0,0,0,0,0,0,0,0,0,0,0,0,0,0,0,0
R248377700,0,0,0,0,0,0,0,0,0,0,0,0,0,0,0,0,0,0,0,0,0
R248391456,0,0,0,0,0,0,0,0,0,0,0,0,0,0,0,1,0,0,0,0,0
R248401493,0,0,0,0,0,0,0,0,0,0,0,0,0,0,0,0,0,0,0,0,0
R248422049,0,0,0,0,0,0,0,0,0,0,0,0,0,0,0,1,1,0,0,1,0
R248423699,0,0,0,0,0,0,0,0,0,0,0,0,0,0,0,0,0,0,0,0,0
R248441063,0,0,0,0,0,0,0,0,0,0,0,0,0,0,1,0,0,0,1,0,0
R248481705,0,0,0,0,0,0,0,0,0,0,0,0,0,0,0,0,0,0,0,0,0
R248481765,0,0,0,0,0,0,0,0,0,0,0,0,0,0,0,0,0,0,0,0,0
R248488358,0,0,0,0,0,0,0,0,0,0,0,0,0,0,0,0,0,0,0,0,0
R248519431,0,0,0,0,0,0,0,0,0,0,0,0,0,0,0,0,0,0,0,0,0
R248521500,0,0,0,0,0,0,0,0,0,0,0,0,0,0,0,0,0,0,0,0,0
R248526363,0,0,0,0,0,0,0,0,0,0,0,1,0,0,1,0,0,0,0,0,0
R248540542,0,0,0,0,0,0,0,0,0,0,0,1,0,0,0,0,0,0,0,0,0
R248552085,0,0,0,0,0,0,0,0,0,0,0,0,0,0,0,1,0,0,0,0,0
R248563094,0,0,0,0,0,0,0,0,0,0,0,0,0,0,0,0,0,0,0,0,0
R248579212,0,0,0,0,0,0,0,0,0,0,0,0,0,0,0,0,0,0,0,0,0
R248585880,0,0,0,0,0,0,0,0,0,0,0,0,0,0,0,0,0,0,0,0,0
R248599423,0,0,0,0,0,0,0,0,0,0,0,1,0,0,0,0,0,0,0,0,0
R248611691,0,0,0,0,0,0,1,1,0,0,0,0,0,0,1,0,0,0,1,0,0
R248630116,0,0,0,0,0,0,0,0,0,0,0,0,0,0,0,0,0,0,0,0,0
R248635298,0,0,0,0,0,0,0,0,0,0,0,0,0,0,0,0,0,0,0,0,0
R248666806,0,0,0,0,0,0,0,0,0,0,0,0,0,0,1,0,0,0,1,0,0
R248682959,0,0,0,0,0,0,0,0,0,0,0,0,0,0,1,0,0,0,0,0,0
R248739451,0,0,0,0,0,0,0,0,0,0,0,0,0,0,0,0,0,0,0,0,0
R248807520,0,0,0,0,0,0,0,0,0,0,0,0,0,0,0,0,0,0,0,0,0
R248812207,0,0,0,0,0,0,0,0,0,0,0,0,0,0,0,0,0,0,0,0,0
R248814829,0,0,0,0,0,0,1,1,0,1,0,0,0,1,0,1,0,0,0,0,0
R248862478,0,0,0,0,0,0,0,0,0,0,0,0,0,0,0,0,0,0,0,0,0
R248870831,0,0,0,0,0,0,0,0,0,0,0,0,0,0,0,0,0,0,0,0,0
R249005617,0,0,0,0,0,0,0,0,0,0,0,0,0,0,0,0,0,0,0,0,0
R249083146,0,0,0,0,0,0,0,0,0,0,0,0,0,0,0,0,0,0,0,0,0
R249084249,0,0,0,0,0,0,1,1,0,0,0,0,0,0,1,0,0,0,0,0,0
R249116932,0,0,0,0,0,0,0,0,0,0,0,0,0,0,0,0,0,0,0,0,0
R249138597,0,0,0,0,0,0,1,1,0,0,0,0,0,1,0,0,0,0,0,0,0
R249149856,0,0,0,0,0,0,1,1,0,0,0,0,0,0,0,0,0,0,0,0,0
R249159375,0,0,0,0,0,0,0,0,0,0,0,0,0,0,0,0,0,0,0,0,0
R249193473,0,0,0,0,0,0,0,0,0,0,0,0,0,0,0,0,0,0,0,0,0
R249204886,0,0,0,0,0,0,1,1,0,0,0,0,0,0,0,0,0,0,0,0,0
R249217269,0,0,0,0,0,0,0,0,0,0,0,0,0,0,0,0,0,0,0,0,0
R249238983,0,0,0,0,0,0,0,0,0,0,0,0,0,0,0,0,0,0,0,0,0
R249259938,0,0,0,0,0,0,0,0,0,0,0,0,0,0,0,0,0,0,0,0,0
R249280692,0,0,0,0,0,0,0,1,0,0,0,1,0,0,0,0,0,0,0,0,0
R249349324,0,0,0,0,0,0,0,0,0,0,0,0,0,0,0,0,0,0,0,0,0
R249387585,0,0,0,0,0,0,0,0,0,0,0,0,0,0,0,0,0,0,0,0,0
R249395041,0,0,0,0,0,0,0,0,0,0,0,0,0,0,0,0,0,0,0,0,0
R249405078,0,0,0,0,0,0,0,0,0,0,0,1,0,0,0,0,0,0,0,0,0
R249408167,0,0,0,0,0,0,0,0,0,0,0,0,0,0,0,0,0,0,0,0,0
R249438769,0,0,0,0,0,0,1,1,0,0,0,0,0,0,0,0,0,0,0,0,0
R249448940,0,0,0,0,0,0,0,0,0,0,0,0,0,0,0,0,0,0,0,0,0
R249455198,0,0,0,0,0,0,0,1,0,0,0,1,0,1,0,1,0,0,0,0,0
R249473890,0,0,0,0,0,0,0,0,0,0,0,0,0,0,0,0,0,0,0,0,0
R249494126,0,0,0,0,0,0,0,0,0,0,0,0,0,0,1,0,0,0,0,0,0
R249517036,0,0,0,0,0,0,0,0,0,0,0,0,0,0,0,0,0,0,0,0,0
R249543264,0,0,0,0,0,0,0,0,0,0,0,0,0,0,0,0,0,0,0,0,0
R249582141,0,0,0,0,0,0,0,0,0,0,0,0,0,0,0,0,0,0,0,0,0
R249607937,0,0,0,0,0,0,0,0,0,0,0,0,0,0,0,0,0,0,0,0,0
R249612344,0,0,0,0,0,0,0,1,0,0,0,1,0,0,0,0,0,0,0,0,0
R249635488,0,0,0,0,0,0,0,0,0,0,0,0,0,0,0,0,0,0,0,0,0
R249689615,0,0,0,0,0,0,0,0,0,0,0,0,0,0,1,0,0,0,0,0,0
R249732764,0,0,0,0,0,0,0,0,0,0,0,0,0,0,0,0,0,0,0,0,0
R249744429,0,0,0,0,0,0,0,0,0,0,0,0,0,0,0,0,0,0,0,0,0
R249744663,0,0,0,0,0,0,0,0,0,0,0,0,0,0,0,0,0,0,0,0,0
R249763577,0,0,0,0,0,0,0,0,0,0,0,0,0,0,0,0,0,0,0,0,0
R249771988,0,0,0,0,0,0,0,0,0,0,0,0,0,0,0,1,0,0,0,1,0
R249779838,0,0,0,0,0,0,0,0,0,0,0,0,0,0,0,0,0,0,0,0,0
R249796325,0,0,0,0,0,0,0,0,0,0,0,0,0,0,0,0,1,0,0,1,0
R249813869,0,0,0,0,0,0,0,0,0,0,0,0,0,0,0,0,0,0,0,0,0
R249827755,0,0,0,0,0,0,0,0,0,0,0,0,0,0,0,0,0,0,0,0,0
R249842614,0,0,0,0,0,0,0,0,0,0,0,0,0,0,0,0,0,0,0,0,0
R249860870,0,0,0,0,0,0,0,0,0,0,0,0,0,0,0,1,0,0,0,0,0
R249878727,0,0,0,0,0,0,1,1,0,1,0,0,0,0,1,1,0,0,0,0,0
R249886339,0,0,0,0,0,0,1,1,0,1,0,1,0,0,0,1,0,0,0,1,0
R249912812,0,0,0,0,0,0,0,0,0,0,0,0,0,0,0,0,0,0,0,0,0
R249937600,0,0,0,0,0,0,0,0,0,0,0,0,0,0,0,0,0,0,0,0,0
R249943270,0,0,0,0,0,0,0,0,0,0,0,0,0,0,0,0,0,0,0,0,0
R249961498,0,0,0,0,0,0,0,0,0,0,0,1,0,0,0,0,0,0,0,0,0
R249975049,0,0,0,0,0,0,0,0,0,0,0,1,0,0,0,0,0,0,0,0,0
R249986485,0,0,0,0,0,0,0,1,0,0,0,0,0,0,0,0,0,0,0,0,0
R249994722,0,0,0,0,0,0,0,0,0,0,0,0,0,0,0,0,0,0,0,1,0
R250004650,0,0,0,0,0,0,0,0,0,0,0,0,0,0,0,0,0,0,0,0,0
R250006456,0,0,0,0,0,0,0,0,0,0,0,0,0,0,1,0,0,0,1,0,0
R250055273,0,0,0,0,0,0,0,0,0,0,0,0,0,0,0,1,0,0,0,1,0
R250064438,0,0,0,0,0,0,1,1,0,0,0,0,0,0,0,0,0,0,0,0,0
R250068193,0,0,0,0,0,0,0,0,0,0,0,0,0,0,0,0,0,0,0,0,0
R250126547,0,0,0,0,0,0,0,0,0,0,0,0,0,0,0,0,0,0,0,0,0
R250128172,0,0,0,0,0,0,0,0,0,0,0,0,0,0,0,0,0,0,0,0,0
R250149690,0,0,0,0,0,0,0,1,0,0,0,0,0,0,0,0,1,0,0,1,0
R250150265,0,0,0,0,0,0,0,0,0,0,0,0,0,0,0,0,0,0,0,0,0
R250168467,0,0,0,0,0,0,0,0,0,0,0,0,0,0,0,0,0,0,0,0,0
R250173816,0,0,0,0,0,0,0,0,0,0,0,0,0,0,0,0,0,0,0,0,0
R250188019,0,0,0,0,0,0,0,0,0,0,0,0,0,0,0,0,0,0,0,0,0
R250189430,0,0,0,0,0,0,1,1,0,0,0,1,0,0,1,1,1,0,0,1,0
R250192752,0,0,0,0,0,0,0,0,0,0,0,0,0,0,0,0,0,0,0,0,0
R250215144,0,0,0,0,0,0,1,1,0,0,0,1,0,0,0,0,0,0,0,0,0
R250215757,0,0,0,0,0,0,0,0,0,0,0,0,0,0,0,0,0,0,0,0,0
R250249218,0,0,0,0,0,0,0,0,0,0,0,0,0,0,0,0,0,0,0,0,0
R250268795,0,0,0,0,0,0,0,1,0,0,0,0,0,0,1,1,1,0,1,1,0
R250270485,0,0,0,0,0,0,0,0,0,0,0,0,0,0,1,0,0,0,0,0,0
R250293478,0,0,0,0,0,0,0,0,0,0,0,1,0,0,0,0,0,0,0,0,0
R250295782,0,0,0,0,0,0,0,0,0,0,0,0,0,0,0,0,0,0,0,0,0
R250307608,0,0,0,0,0,0,0,0,0,0,0,0,0,0,0,0,0,0,0,0,0
R250326780,0,0,0,0,0,0,0,1,0,0,0,0,0,0,0,0,0,0,0,0,0
R250359995,0,0,0,0,0,0,0,0,0,1,0,0,0,0,0,1,0,0,0,0,0
R250365176,0,0,0,0,0,0,0,0,0,0,0,0,0,0,0,0,0,0,0,0,0
R250401163,0,0,0,0,0,0,0,0,0,0,0,0,0,0,0,0,0,0,0,0,0
R250402774,0,0,0,0,0,0,0,0,0,0,0,0,0,0,0,0,0,0,0,0,0
R250434813,0,0,0,0,0,0,0,0,0,0,0,0,0,0,1,0,0,0,0,0,0
R250455199,0,0,0,0,0,0,0,0,0,0,0,0,0,0,0,1,0,0,0,0,0
R250474120,0,0,0,0,0,0,0,0,0,0,0,0,0,0,1,0,0,0,0,1,0
R250503082,0,0,0,0,0,0,0,0,0,0,0,1,0,0,0,0,0,0,0,0,0
R250524391,0,0,0,0,0,0,0,0,0,0,0,0,0,0,0,0,0,0,0,0,0
R250530752,0,0,0,0,0,0,0,0,0,0,0,0,0,0,1,0,0,0,0,0,0
R250536246,0,0,0,0,0,0,0,0,0,0,0,0,0,0,0,0,0,0,0,0,0
R250543838,0,0,0,0,0,0,0,0,0,0,0,0,0,0,0,1,0,0,0,0,0
R250567001,0,0,0,0,0,0,0,1,0,0,0,0,0,0,1,0,0,0,1,1,0
R250572943,0,0,0,0,0,0,0,0,0,0,0,0,0,0,0,0,0,0,0,0,0
R250576083,0,0,0,0,0,0,0,0,0,0,0,0,0,0,0,0,0,0,0,0,0
R250607981,0,0,0,0,0,0,0,0,0,0,0,0,0,0,0,0,0,0,0,0,0
R250609634,0,0,0,0,0,0,1,1,0,0,0,0,0,1,0,0,0,0,0,0,0
R250627990,0,0,0,0,0,0,0,0,0,0,0,0,0,0,0,0,0,0,0,0,0
R250628295,0,0,0,0,0,0,0,0,0,0,0,0,0,0,0,0,0,0,0,0,0
R250648121,0,0,0,0,0,0,1,1,0,0,0,1,0,0,1,1,0,0,0,0,0
R250648207,0,0,0,0,0,0,0,0,0,0,0,0,0,0,0,0,0,0,0,0,0
R250657739,0,0,0,0,0,0,0,0,0,0,0,0,0,0,0,0,0,0,0,0,0
R250736399,0,0,0,0,0,0,0,0,0,0,0,0,0,0,0,0,0,0,0,0,0
R250737177,0,0,0,0,0,0,0,0,0,0,0,1,0,0,0,0,0,0,0,0,0
R250769870,0,0,0,0,0,0,0,0,0,0,0,1,0,0,0,0,0,0,0,0,0
R250774122,0,0,0,0,0,0,1,1,0,1,0,1,0,0,1,1,0,0,1,0,0
R250777482,0,0,0,0,0,0,0,0,0,0,0,0,0,0,1,1,0,0,0,0,0
R250813318,0,0,0,0,0,0,0,0,0,0,0,0,0,0,0,0,0,0,0,0,0
R250832348,0,0,0,0,0,0,0,0,0,0,0,1,0,0,0,0,0,0,0,0,0
R250839234,0,0,0,0,0,0,0,0,0,0,0,0,0,0,0,0,1,0,0,1,0
R250839900,0,0,0,0,0,0,0,0,0,0,0,0,0,0,1,0,0,0,0,0,0
R250850860,0,0,0,0,0,0,0,0,0,0,0,0,0,0,0,0,0,0,0,0,0
R250855284,0,0,0,0,0,0,0,0,0,0,0,0,0,0,0,0,0,0,0,0,0
R250855560,0,0,0,0,0,0,0,0,0,0,0,0,0,0,1,0,0,0,1,0,0
R250887452,0,0,0,0,0,0,0,0,0,0,0,0,0,0,0,0,0,0,0,0,0
R250897217,0,0,0,0,0,0,0,0,0,0,0,0,0,0,0,0,0,0,0,0,0
R250969904,0,0,0,0,0,0,1,1,0,0,0,1,0,0,0,0,0,0,0,0,0
R250983008,0,0,0,0,0,0,0,0,0,0,0,1,0,0,0,0,0,0,0,0,0
R251010204,0,0,0,0,0,0,0,1,0,0,0,0,0,0,0,1,0,0,0,0,0
R251028610,0,0,0,0,0,0,0,0,0,0,0,0,0,0,0,0,0,0,0,0,0
R251031884,0,0,0,0,0,0,0,0,0,0,0,0,0,0,0,0,0,0,0,0,0
R251041604,0,0,0,0,0,0,0,0,0,0,0,0,0,0,0,0,0,0,0,0,0
R251056422,0,0,0,0,0,0,0,0,0,0,0,0,0,0,0,0,0,0,0,0,0
R251068589,0,0,0,0,0,0,0,0,0,0,0,1,0,0,0,0,0,0,0,0,0
R251081110,0,0,0,0,0,0,0,0,0,0,0,1,0,0,0,0,0,0,0,0,0
R251096331,0,0,0,0,0,0,0,0,0,0,0,0,0,0,0,0,0,0,0,0,0
R251109242,0,0,0,0,0,0,0,0,0,0,0,0,0,0,0,0,0,0,0,0,0
R251122609,0,0,0,0,0,0,0,0,0,0,0,0,0,0,0,0,0,0,0,0,0
R251128819,0,0,0,0,0,0,1,1,0,1,0,0,0,0,1,1,0,0,1,1,0
R251137450,0,0,0,0,0,0,0,0,0,0,0,0,0,0,0,0,0,0,0,0,0
R251151234,0,0,0,0,0,0,1,1,0,0,0,1,0,0,0,1,0,0,0,0,0
R251171394,0,0,0,0,0,0,0,0,0,0,0,0,0,0,0,0,0,0,0,0,0
R251173746,0,0,0,0,0,0,0,0,0,0,0,0,0,0,1,0,0,0,0,0,0
R251202274,0,0,0,0,0,0,1,1,0,1,0,0,0,0,1,1,0,0,0,0,0
R251216745,0,0,0,0,0,0,0,0,0,0,0,0,0,0,0,0,0,0,0,0,0
R251225417,0,0,0,0,0,0,0,0,0,0,0,1,0,0,0,0,0,0,0,0,0
R251231402,0,0,0,0,0,0,0,0,0,0,0,0,0,0,0,0,0,0,0,0,0
R251235692,0,0,0,0,0,0,0,0,0,0,0,0,0,0,0,0,0,0,0,0,0
R251247109,0,0,0,0,0,0,0,0,0,0,0,0,0,0,0,0,0,0,0,0,0
R251247670,0,0,0,0,0,0,0,0,0,0,0,0,0,0,0,0,0,0,0,0,0
R251251439,0,0,0,0,0,0,1,1,0,0,0,0,0,0,0,0,0,0,0,0,0
R251262224,0,0,0,0,0,0,0,0,0,0,0,0,0,0,0,0,0,0,0,0,0
R251269642,0,0,0,0,0,0,0,0,0,0,0,0,0,0,0,0,0,0,0,0,0
R251304993,0,0,0,0,0,0,0,0,0,0,0,0,0,0,0,0,0,0,0,0,0
R251338499,0,0,0,0,0,0,0,0,0,0,0,0,0,0,0,0,0,0,0,0,0
R251341864,0,0,0,0,0,0,0,0,0,0,0,0,0,0,0,0,0,0,0,0,0
R251360893,0,0,0,0,0,0,0,0,0,0,0,1,0,0,0,0,0,0,0,0,0
R251402089,0,0,0,0,0,0,0,0,0,0,0,0,0,0,0,0,0,0,0,0,0
R251410205,0,0,0,0,0,0,0,0,0,0,0,0,0,0,0,1,0,0,0,0,0
R251423925,0,0,0,0,0,0,0,0,0,0,0,0,0,0,0,0,0,0,0,0,0
R251462467,0,0,0,0,0,0,0,0,0,0,0,0,0,0,0,0,0,0,0,0,0
R251495483,0,0,0,0,0,0,0,0,0,0,0,0,0,0,0,0,0,0,0,0,0
R251499275,0,0,0,0,0,0,0,1,0,0,0,1,0,0,1,1,0,0,1,0,0
R251501565,0,0,0,0,0,0,0,0,0,0,0,0,0,0,0,0,0,0,0,0,0
R251508364,0,0,0,0,0,0,0,0,0,0,0,0,0,0,0,0,0,0,0,0,0
R251520932,0,0,0,0,0,0,0,1,0,0,0,1,0,1,0,0,0,0,0,1,0
R251576119,0,0,0,0,0,0,0,0,0,0,0,0,0,0,0,0,1,0,0,1,0
R251581390,0,0,0,0,0,0,0,0,0,0,0,0,0,0,0,0,0,0,0,0,0
R251585050,0,0,0,0,0,0,0,1,0,0,0,0,0,0,0,0,0,0,0,0,0
R251601461,0,0,0,0,0,0,0,0,0,0,0,0,0,0,0,0,0,0,0,0,0
R251626097,0,0,0,0,0,0,0,0,0,0,0,0,0,0,0,0,0,0,0,0,0
R251627680,0,0,0,0,0,0,0,0,0,0,0,0,0,0,0,0,0,0,0,1,0
R251631882,0,0,0,0,0,0,0,0,0,0,0,0,0,0,0,0,0,0,0,0,0
R251685412,0,0,0,0,0,0,0,0,0,0,0,1,0,0,0,0,0,0,0,0,0
R251690843,0,0,0,0,0,0,1,1,0,0,0,0,0,0,0,0,0,0,0,0,0
R251704289,0,0,0,0,0,0,0,0,0,0,0,1,0,0,0,0,0,0,0,0,0
R251721703,0,0,0,0,0,0,0,0,0,0,0,1,0,0,0,1,0,0,0,0,0
R251748727,0,0,0,0,0,0,0,0,0,0,0,0,0,0,0,0,0,0,0,1,0
R251762820,0,0,0,0,0,0,1,1,0,0,0,0,0,0,1,0,0,0,0,0,0
R251766163,0,0,0,0,0,0,0,0,0,0,0,0,0,0,0,0,0,0,0,0,0
R251793690,0,0,0,0,0,0,0,0,0,0,0,0,0,0,0,0,0,0,0,0,0
R251794810,0,0,0,0,0,0,0,0,0,0,0,0,0,0,0,0,0,0,0,0,0
R251820624,0,0,0,0,0,0,0,0,0,0,0,0,0,0,0,0,0,0,0,0,0
R251833608,0,0,0,0,0,0,0,0,0,0,0,0,0,0,0,0,0,0,0,0,0
R251877324,0,0,0,0,0,0,0,0,0,0,0,0,0,0,1,0,0,0,0,0,0
R251878289,0,0,0,0,0,0,0,0,0,0,0,0,0,0,0,0,0,0,0,0,0
R251886580,0,0,0,0,0,0,0,0,0,0,0,0,0,0,0,0,0,0,0,0,0
R251895739,0,0,0,0,0,0,1,1,0,0,0,1,0,0,0,0,0,0,0,0,0
R251896906,0,0,0,0,0,0,0,0,0,0,0,0,0,0,0,0,0,0,0,0,0
R251915003,0,0,0,0,0,0,0,0,0,0,0,0,0,0,0,0,0,0,0,0,0
R251923570,0,0,0,0,0,0,0,0,0,0,0,0,0,0,0,0,0,0,0,0,0
R251941457,0,0,0,0,0,0,0,1,0,0,0,1,0,0,0,0,0,0,0,0,0
R251945009,0,0,0,0,0,0,0,0,0,0,0,0,0,0,1,0,0,0,1,0,0
R251969853,0,0,0,0,0,0,0,0,0,0,0,0,0,0,0,0,0,0,0,0,0
R251993061,0,0,0,0,0,0,0,0,0,0,0,0,0,0,0,0,0,0,0,0,0
R252011435,0,0,0,0,0,0,0,0,0,0,0,1,0,0,0,0,0,0,0,0,0
R252015294,0,0,0,0,0,0,0,0,0,0,0,1,0,0,0,0,0,0,0,0,0
R252039258,0,0,0,0,0,0,0,0,0,0,0,0,0,0,0,0,0,0,0,0,0
R252042530,0,0,0,0,0,0,0,0,0,0,0,0,0,0,0,0,0,0,0,0,0
R252043505,0,0,0,0,0,0,0,0,0,0,0,0,0,0,0,0,0,0,0,0,0
R252048978,0,0,0,0,0,0,0,0,0,0,0,1,0,0,0,0,0,0,0,0,0
R252060540,0,0,0,0,0,0,0,0,0,0,0,0,0,0,0,0,0,0,0,0,0
R252092465,0,0,0,0,0,0,0,0,0,0,0,0,0,0,0,0,0,0,0,0,0
R252132267,0,0,0,0,0,0,0,0,0,0,0,0,0,0,0,0,0,0,0,0,0
R252159715,0,0,0,0,0,0,0,0,0,0,0,0,0,0,0,0,0,0,0,0,0
R252189823,0,0,0,0,0,0,0,0,0,0,0,0,0,0,0,0,0,0,0,0,0
R252225418,0,0,0,0,0,0,0,0,0,0,0,0,0,0,0,0,0,0,0,0,0
R252230784,0,0,0,0,0,0,0,0,0,0,0,1,0,0,0,0,0,0,0,1,0
R252234128,0,0,0,0,0,0,0,0,0,0,0,0,0,0,0,0,0,0,0,0,0
R252246208,0,0,0,0,0,0,0,0,0,0,0,0,0,0,1,0,0,0,1,0,0
R252250824,0,0,0,0,0,0,0,0,0,0,0,0,0,0,0,0,0,0,0,0,0
R252260353,0,0,0,0,0,0,0,0,0,0,0,0,0,0,0,0,0,0,0,0,0
R252263536,0,0,0,0,0,0,0,0,0,0,0,1,0,0,0,0,0,0,0,0,0
R252268954,0,0,0,0,0,0,0,0,0,0,0,0,0,0,0,0,0,0,0,0,0
R252287265,0,0,0,0,0,0,0,0,0,0,0,0,0,0,1,0,0,0,1,0,0
R252302102,0,0,0,0,0,0,0,0,0,0,0,0,0,0,0,0,0,0,0,0,0
R252318553,0,0,0,0,0,0,0,0,0,0,0,0,0,0,0,0,0,0,0,0,0
R252365636,0,0,0,0,0,0,0,0,0,0,0,0,0,0,0,0,0,0,0,0,0
R252395250,0,0,0,0,0,0,0,0,0,0,0,0,0,0,0,0,0,0,0,0,0
R252410658,0,0,0,0,0,0,0,0,0,0,0,0,0,0,0,0,0,0,0,0,0
R252415316,0,0,0,0,0,0,0,0,0,0,0,0,0,0,0,0,0,0,0,0,0
R252426124,0,0,0,0,0,0,0,0,0,0,0,0,0,0,0,0,0,0,0,0,0
R252449143,0,0,0,0,0,0,0,0,0,0,0,0,0,0,0,0,0,0,0,0,0
R252503393,0,0,0,0,0,0,1,1,0,0,0,1,0,1,1,0,0,0,1,1,0
R252509041,0,0,0,0,0,0,0,0,0,0,0,0,0,0,0,0,0,0,0,0,0
R252515089,0,0,0,0,0,0,0,0,0,0,0,0,0,0,0,0,0,0,0,0,0
R252536304,0,0,0,0,0,0,0,0,0,0,0,0,0,0,0,0,0,0,0,0,0
R252611492,0,0,0,0,0,0,0,0,0,0,0,0,0,0,0,0,0,0,0,0,0
R252630533,0,0,0,0,0,0,0,0,0,0,0,0,0,0,0,0,0,0,0,0,0
R252642042,0,0,0,0,0,0,0,0,0,0,0,0,0,0,0,0,0,0,0,0,0
R252654506,0,0,0,0,0,0,0,0,0,0,0,0,0,0,0,0,0,0,0,0,0
R252656693,0,0,0,0,0,0,0,0,0,0,0,1,0,0,0,1,0,0,0,0,0
R252699816,0,0,0,0,0,0,0,0,0,0,0,1,0,0,0,0,0,0,0,0,0
R252750196,0,0,0,0,0,0,0,0,0,0,0,0,0,0,0,0,0,0,0,0,0
R252755756,0,0,0,0,0,0,0,0,0,0,0,0,0,0,0,0,0,0,0,0,0
R252762821,0,0,0,0,0,0,0,0,0,0,0,0,0,0,0,0,0,0,0,0,0
R252877995,0,0,0,0,0,0,0,0,0,0,0,0,0,0,0,0,0,0,0,0,0
R252879435,0,0,0,0,0,0,0,0,0,0,0,0,0,0,1,0,0,0,1,0,0
R252896782,0,0,0,0,0,0,0,0,0,0,0,0,0,0,0,0,0,0,0,0,0
R252933265,0,0,0,0,0,0,0,0,0,0,0,0,0,0,0,0,0,0,0,0,0
R252971838,0,0,0,0,0,0,1,1,0,0,0,1,0,0,1,0,0,0,0,0,0
R253016346,0,0,0,0,0,0,0,0,0,0,0,0,0,0,0,0,0,0,0,0,0
R253018652,0,0,0,0,0,0,0,0,0,0,0,0,0,0,0,0,0,0,0,0,0
R253019961,0,0,0,0,0,0,0,0,0,0,0,0,0,0,0,0,0,0,0,0,0
R253035011,0,0,0,0,0,0,0,1,0,0,0,0,0,1,0,0,0,0,0,0,0
R253057313,0,0,0,0,0,0,0,0,0,0,0,0,0,0,0,0,0,0,0,0,0
R253091081,0,0,0,0,0,0,0,0,0,0,0,0,0,0,0,0,0,0,0,0,0
R253110170,0,0,0,0,0,0,1,1,0,0,0,1,0,0,1,0,0,0,0,0,0
R253123948,0,0,0,0,0,0,0,0,0,0,0,0,0,0,0,0,0,0,0,0,0
R253134461,0,0,0,0,0,0,0,1,0,0,0,0,0,0,0,0,0,0,0,0,0
R253151769,0,0,0,0,0,0,0,0,0,0,0,0,0,0,0,0,0,0,0,0,0
R253156848,0,0,0,0,0,0,0,0,0,0,0,0,0,0,1,0,0,0,1,0,0
R253165409,0,0,0,0,0,0,0,0,0,0,0,0,0,0,0,0,0,0,0,0,0
R253170385,0,0,0,0,0,0,0,0,0,0,0,0,0,0,0,0,0,0,0,0,0
R253176723,0,0,0,0,0,0,0,0,0,0,0,0,0,0,0,0,0,0,0,0,0
R253194194,0,0,0,0,0,0,0,0,0,0,0,0,0,0,0,0,0,0,0,0,0
R253218421,0,0,0,0,0,0,0,0,0,0,0,0,0,0,0,0,0,0,0,0,0
R253225828,0,0,0,0,0,0,1,1,0,0,0,0,0,0,0,0,0,0,0,0,0
R253239728,0,0,0,0,0,0,0,0,0,0,0,0,0,0,0,0,0,0,0,0,0
R253258832,0,0,0,0,0,0,0,0,0,0,0,0,0,0,0,0,0,0,0,0,0
R253262140,0,0,0,0,0,0,0,0,0,0,0,0,0,0,0,0,0,0,0,0,0
R253301655,0,0,0,0,0,0,0,0,0,0,0,0,0,0,0,0,0,0,0,0,0
R253305559,0,0,0,0,0,0,1,1,0,0,0,1,0,0,0,0,1,0,0,1,0
R253310922,0,0,0,0,0,0,1,1,0,1,0,0,0,0,1,1,1,0,0,1,0
R253315325,0,0,0,0,0,0,0,0,0,0,0,0,0,0,0,0,0,0,0,0,0
R253323112,0,0,0,0,0,0,1,1,0,0,0,0,0,0,1,0,0,0,0,0,0
R253347977,0,0,0,0,0,0,0,0,0,0,0,1,0,0,0,0,0,0,0,0,0
R253349815,0,0,0,0,0,0,0,1,0,0,0,0,0,1,1,1,0,0,0,1,0
R253398883,0,0,0,0,0,0,0,0,0,0,0,0,0,0,1,0,0,0,1,0,0
R253402622,0,0,0,0,0,0,0,0,0,0,0,0,0,0,0,0,0,0,0,0,0
R253407367,0,0,0,0,0,0,0,0,0,0,0,1,0,0,1,1,0,0,1,0,0
R253433569,0,0,0,0,0,0,0,0,0,0,0,0,0,0,1,0,0,0,0,1,0
R253472591,0,0,0,0,0,0,0,0,0,0,0,0,0,0,1,0,0,0,0,0,0
R253478713,0,0,0,0,0,0,0,0,0,0,0,0,0,0,0,0,0,0,0,0,0
R253498776,0,0,0,0,0,0,0,0,0,0,0,0,0,0,0,0,0,0,0,0,0
R253504376,0,0,0,0,0,0,0,0,0,0,0,0,0,0,1,0,0,0,1,0,0
R253557812,0,0,0,0,0,0,0,0,0,0,0,0,0,0,0,0,0,0,0,0,0
R253578446,0,0,0,0,0,0,0,1,0,0,0,1,0,0,0,1,0,0,0,0,0
R253610692,0,0,0,0,0,0,0,0,0,0,0,0,0,0,0,0,0,0,0,0,0
R253655073,0,0,0,0,0,0,0,0,0,0,0,0,0,0,0,0,0,0,0,0,0
R253677984,0,0,0,0,0,0,0,0,0,0,0,0,0,0,0,0,0,0,0,0,0
R253683245,0,0,0,0,0,0,0,1,0,0,0,0,0,0,0,0,0,0,0,0,0
R253695909,0,0,0,0,0,0,0,0,0,0,0,0,0,0,0,0,0,0,0,0,0
R253720886,0,0,0,0,0,0,0,0,0,0,0,0,0,0,0,1,0,0,0,0,0
R253720989,0,0,0,0,0,0,0,0,0,0,0,0,0,0,0,0,0,0,0,0,0
R253729591,0,0,0,0,0,0,0,0,0,0,0,0,0,0,0,0,0,0,0,0,0
R253730259,0,0,0,0,0,0,0,0,0,0,0,0,0,0,0,0,0,0,0,0,0
R253734807,0,0,0,0,0,0,0,0,0,0,0,0,0,0,0,0,0,0,0,0,0
R253800832,0,0,0,0,0,0,0,0,0,0,0,0,0,0,0,0,0,0,0,0,0
R253817365,0,0,0,0,0,0,0,0,0,1,0,1,0,0,0,1,0,0,0,0,0
R253818879,0,0,0,0,0,0,1,1,0,1,0,1,0,0,1,1,0,0,0,0,0
R253820693,0,0,0,0,0,0,0,0,0,0,0,0,0,0,0,0,0,0,0,0,0
R253838309,0,0,0,0,0,0,0,0,0,0,0,0,0,0,0,0,0,0,0,0,0
R253863356,0,0,0,0,0,0,0,0,0,0,0,0,0,0,0,0,0,0,0,0,0
R253866762,0,0,0,0,0,0,0,0,0,0,0,0,0,0,0,0,0,0,0,0,0
R253869494,0,0,0,0,0,0,0,0,0,0,0,0,0,0,0,0,0,0,0,0,0
R253899459,0,0,0,0,0,0,0,0,0,0,0,0,0,0,0,0,0,0,0,0,0
R253904202,0,0,0,0,0,0,0,1,0,0,0,0,0,0,0,0,0,0,0,0,0
R253910742,0,0,0,0,0,0,0,0,0,0,0,0,0,0,0,0,0,0,0,0,0
R253919225,0,0,0,0,0,0,0,0,0,0,0,0,0,0,0,0,0,0,0,0,0
R254003821,0,0,0,0,0,0,1,1,0,0,0,0,0,0,0,0,0,0,0,0,0
R254020737,0,0,0,0,0,0,1,1,0,0,0,1,0,0,0,1,0,0,0,0,0
R254035362,0,0,0,0,0,0,0,0,0,0,0,0,0,0,0,0,0,0,0,0,0
R254042943,0,0,0,0,0,0,0,0,0,0,0,1,0,0,0,0,0,0,0,0,0
R254043256,0,0,0,0,0,0,0,0,0,0,0,0,0,0,0,0,0,0,0,0,0
R254047015,0,0,0,0,0,0,0,0,0,0,0,0,0,0,0,0,0,0,0,0,0
R254056713,0,0,0,0,0,0,0,0,0,0,0,0,0,0,0,0,0,0,0,0,0
R254081059,0,0,0,0,0,0,0,0,0,0,0,0,0,0,0,0,0,0,0,0,0
R254151199,0,0,0,0,0,0,0,1,0,0,0,0,0,0,0,0,0,0,0,0,0
R254153614,0,0,0,0,0,0,0,1,0,0,0,0,0,0,0,1,0,0,0,0,0
R254171850,0,0,0,0,0,0,0,0,0,0,0,0,0,0,0,0,0,0,0,0,0
R254173196,0,0,0,0,0,0,0,0,0,0,0,1,0,0,0,0,0,0,0,0,0
R254228476,0,0,0,0,0,0,0,0,0,0,0,0,0,0,1,0,0,0,1,0,0
R254229133,0,0,0,0,0,0,0,0,0,0,0,0,0,0,0,0,0,0,0,0,0
R254236953,0,0,0,0,0,0,0,0,0,0,0,0,0,0,0,0,0,0,0,0,0
R254258328,0,0,0,0,0,0,0,0,0,0,0,0,0,0,0,0,0,0,0,0,0
R254281360,0,0,0,0,0,0,0,0,0,0,0,0,0,0,0,0,0,0,0,0,0
R254317474,0,0,0,0,0,0,1,1,0,0,0,0,0,1,0,1,0,0,0,1,0
R254356690,0,0,0,0,0,0,0,0,0,0,0,0,0,0,0,0,0,0,0,0,0
R254436964,0,0,0,0,0,0,0,0,0,0,0,0,0,0,0,0,0,0,0,0,0
R254445169,0,0,0,0,0,0,0,0,0,0,0,0,0,0,0,0,0,0,0,0,0
R254455611,0,0,0,0,0,0,0,0,0,0,0,0,0,0,0,0,0,0,0,1,0
R254479443,0,0,0,0,0,0,0,0,0,0,0,0,0,0,0,0,0,0,0,0,0
R254482020,0,0,0,0,0,0,0,0,0,0,0,0,0,0,0,0,0,0,0,0,0
R254487547,0,0,0,0,0,0,0,0,0,0,0,0,0,0,0,0,0,0,0,0,0
R254490902,0,0,0,0,0,0,0,0,0,0,0,0,0,0,0,0,0,0,0,0,0
R254497838,0,0,0,0,0,0,0,0,0,0,0,0,0,0,0,0,0,0,0,0,0
R254515636,0,0,0,0,0,0,0,0,0,0,0,0,0,0,1,0,0,0,1,0,0
R254534143,0,0,0,0,0,0,1,1,0,0,0,1,0,1,0,0,0,0,0,0,0
R254540277,0,0,0,0,0,0,1,1,0,1,0,0,0,0,1,1,0,0,0,0,0
R254564292,0,0,0,0,0,0,0,0,0,0,0,0,0,0,0,0,0,0,0,0,0
R254586768,0,0,0,0,0,0,0,1,0,0,0,1,0,1,1,0,0,0,1,0,0
R254607121,0,0,0,0,0,0,0,0,0,0,0,1,0,0,0,1,0,0,0,0,0
R254622848,0,0,0,0,0,0,0,0,0,0,0,0,0,0,0,0,0,0,0,0,0
R254629751,0,0,0,0,0,0,0,0,0,0,0,0,0,0,0,0,0,0,0,0,0
R254634881,0,0,0,0,0,0,0,1,0,0,0,0,0,0,0,0,0,0,0,0,0
R254664138,0,0,0,0,0,0,0,0,0,0,0,0,0,0,0,0,0,0,0,1,0
R254670416,0,0,0,0,0,0,0,0,0,0,0,0,0,0,0,0,0,0,0,0,0
R254687388,0,0,0,0,0,0,0,0,0,0,0,0,0,0,0,0,0,0,0,0,0
R254701661,0,0,0,0,0,0,0,0,0,0,0,0,0,0,0,0,0,0,0,0,0
R254734964,0,0,0,0,0,0,0,0,0,0,0,0,0,0,0,0,0,0,0,0,0
R254793311,0,0,0,0,0,0,1,1,0,0,0,1,0,0,0,1,0,0,0,0,0
R254815831,0,0,0,0,0,0,0,0,0,0,0,0,0,0,0,0,0,0,0,0,0
R254825967,0,0,0,0,0,0,1,1,0,0,0,1,0,0,0,0,0,0,0,0,0
R254842038,0,0,0,0,0,0,0,0,0,0,0,0,0,0,0,0,0,0,0,0,0
R254850969,0,0,0,0,0,0,0,0,0,0,0,0,0,0,0,0,0,0,0,0,0
R254860782,0,0,0,0,0,0,0,0,0,0,0,0,0,0,0,0,0,0,0,0,0
R254864728,0,0,0,0,0,0,0,0,0,0,0,0,0,0,0,0,0,0,0,0,0
R254897744,0,0,0,0,0,0,1,1,0,0,0,0,0,0,0,0,1,0,0,1,0
R254900564,0,0,0,0,0,0,0,0,0,0,0,0,0,0,0,0,0,0,0,0,0
R254914318,0,0,0,0,0,0,0,0,0,0,0,0,0,0,0,0,0,0,0,0,0
R254930572,0,0,0,0,0,0,0,0,0,0,0,0,0,0,0,0,0,0,0,0,0
R254931947,0,0,0,0,0,0,0,0,0,0,0,0,0,0,1,1,0,0,0,0,0
R254969034,0,0,0,0,0,0,0,0,0,0,0,0,0,0,0,0,0,0,0,0,0
R254982830,0,0,0,0,0,0,0,0,0,0,0,0,0,0,1,0,0,0,1,0,0
R254991231,0,0,0,0,0,0,0,0,0,0,0,1,0,0,0,0,0,0,0,0,0
R255013142,0,0,0,0,0,0,0,0,0,0,0,0,0,0,0,0,0,0,0,1,0
R255019758,0,0,0,0,0,0,0,0,0,0,0,0,0,0,0,0,0,0,0,0,0
R255034616,0,0,0,0,0,0,0,0,0,0,0,0,0,0,0,0,0,0,0,0,0
R255043076,0,0,0,0,0,0,0,0,0,0,0,0,0,0,0,0,0,0,0,0,0
R255044032,0,0,0,0,0,0,0,0,0,0,0,1,0,0,0,0,0,0,0,0,0
R255051868,0,0,0,0,0,0,0,0,0,0,0,1,0,0,0,0,0,0,0,0,0
R255059422,0,0,0,0,0,0,0,0,0,1,0,0,0,0,0,1,0,0,0,0,0
R255102184,0,0,0,0,0,0,0,0,0,0,0,0,0,0,0,0,0,0,0,0,0
R255110939,0,0,0,0,0,0,0,0,0,0,0,0,0,0,0,0,0,0,0,0,0
R255112250,0,0,0,0,0,0,0,0,0,0,0,0,0,0,0,1,0,0,0,0,0
R255122039,0,0,0,0,0,0,0,0,0,0,0,0,0,0,0,0,0,0,0,0,0
R255136076,0,0,0,0,0,0,0,0,0,0,0,0,0,0,0,0,0,0,0,0,0
R255191683,0,0,0,0,0,0,0,0,0,0,0,0,0,0,0,0,0,0,0,0,0
R255203993,0,0,0,0,0,0,0,0,0,0,0,0,0,0,0,0,0,0,0,0,0
R255216205,0,0,0,0,0,0,0,0,0,0,0,0,0,0,0,0,0,0,0,0,0
R255240406,0,0,0,0,0,0,0,0,0,0,0,0,0,0,0,0,0,0,0,0,0
R255266695,0,0,0,0,0,0,1,1,0,1,0,1,0,1,0,1,0,0,0,0,0
R255291766,0,0,0,0,0,0,0,0,0,0,0,0,0,0,0,0,0,0,0,0,0
R255313690,0,0,0,0,0,0,0,1,0,0,0,0,0,0,0,1,0,0,0,0,0
R255323491,0,0,0,0,0,0,0,0,0,0,0,0,0,0,0,0,0,0,0,0,0
R255354503,0,0,0,0,0,0,0,0,0,0,0,1,0,0,0,0,0,0,0,0,0
R255360970,0,0,0,0,0,0,0,0,0,0,0,0,0,0,1,0,0,0,1,0,0
R255368832,0,0,0,0,0,0,0,0,0,0,0,0,0,0,0,0,0,0,0,0,0
R255373963,0,0,0,0,0,0,1,1,0,0,0,0,0,0,0,0,0,0,0,0,0
R255378835,0,0,0,0,0,0,0,0,0,0,0,0,0,0,0,0,0,0,0,0,0
R255383591,0,0,0,0,0,0,0,0,0,0,0,0,0,0,0,0,0,0,0,0,0
R255396309,0,0,0,0,0,0,0,0,0,0,0,0,0,0,0,0,0,0,0,0,0
R255402357,0,0,0,0,0,0,1,1,0,0,0,0,0,0,0,0,0,0,0,0,0
R255402472,0,0,0,0,0,0,0,0,0,0,0,0,0,0,0,0,0,0,0,0,0
R255447479,0,0,0,0,0,0,0,0,0,0,0,0,0,0,0,0,0,0,0,0,0
R255448930,0,0,0,0,0,0,0,0,0,0,0,0,0,0,0,0,0,0,0,0,0
R255469236,0,0,0,0,0,0,0,0,0,0,0,0,0,0,0,0,0,0,0,0,0
R255471817,0,0,0,0,0,0,0,0,0,0,0,0,0,0,0,0,0,0,0,0,0
R255494287,0,0,0,0,0,0,0,0,0,0,0,1,0,0,0,0,0,0,0,0,0
R255502565,0,0,0,0,0,0,0,0,0,0,0,0,0,0,0,1,0,0,0,0,0
R255517476,0,0,0,0,0,0,0,0,0,0,0,0,0,0,0,0,0,0,0,0,0
R255553212,0,0,0,0,0,0,0,0,0,0,0,0,0,0,0,0,0,0,0,0,0
R255567024,0,0,0,0,0,0,0,0,0,0,0,0,0,0,0,0,0,0,0,0,0
R255626324,0,0,0,0,0,0,0,0,0,0,0,0,0,0,0,0,0,0,0,0,0
R255632150,0,0,0,0,0,0,0,0,0,0,0,0,0,0,0,0,0,0,0,0,0
R255633920,0,0,0,0,0,0,0,0,0,0,0,0,0,0,0,0,0,0,0,0,0
R255650109,0,0,0,0,0,0,0,0,0,0,0,0,0,0,0,0,0,0,0,0,0
R255659788,0,0,0,0,0,0,0,0,0,0,0,0,0,0,1,0,0,0,0,0,0
R255675112,0,0,0,0,0,0,0,0,0,0,0,0,0,0,0,0,0,0,0,0,0
R255686938,0,0,0,0,0,0,0,0,0,0,0,0,0,0,0,0,0,0,0,0,0
R255708809,0,0,0,0,0,0,0,0,0,0,0,0,0,0,0,0,0,0,0,0,0
R255732650,0,0,0,0,0,0,1,1,0,0,0,1,0,0,1,1,0,0,0,0,0
R255741999,0,0,0,0,0,0,1,1,0,0,0,1,0,0,1,1,0,1,1,0,0
R255751382,0,0,0,0,0,0,0,0,0,0,0,0,0,0,0,0,0,0,0,0,0
R255766767,0,0,0,0,0,0,0,0,0,0,0,0,0,0,0,0,0,0,0,0,0
R255810888,0,0,0,0,0,0,0,0,0,0,0,0,0,0,0,0,0,0,0,0,0
R255830177,0,0,0,0,0,0,0,0,0,0,0,0,0,0,0,0,0,0,0,1,0
R255850761,0,0,0,0,0,0,1,1,0,0,0,0,0,0,1,0,0,0,0,0,0
R255893933,0,0,0,0,0,0,0,1,0,0,0,1,0,0,0,1,0,0,0,0,0
R255894377,0,0,0,0,0,0,1,1,0,0,0,1,0,1,0,0,0,0,0,0,0
R255930921,0,0,0,0,0,0,0,0,0,0,0,0,0,0,0,0,0,0,0,0,0
R255976279,0,0,0,0,0,0,0,0,0,0,0,0,0,0,0,0,0,0,0,0,0
R255984160,0,0,0,0,0,0,0,0,0,0,0,0,0,0,0,0,0,0,0,0,0
R256010877,0,0,0,0,0,0,0,0,0,0,0,0,0,0,0,0,0,0,0,1,0
R256019524,0,0,0,0,0,0,0,0,0,0,0,0,0,0,0,0,0,0,0,0,0
R256027336,0,0,0,0,0,0,0,0,0,0,0,0,0,0,0,0,0,0,0,0,0
R256038593,0,0,0,0,0,0,0,1,0,0,0,0,0,0,0,0,0,0,0,0,0
R256050543,0,0,0,0,0,0,1,1,0,0,0,0,0,0,1,0,0,0,0,1,0
R256059034,0,0,0,0,0,0,0,0,0,0,0,0,0,0,0,0,0,0,0,0,0
R256059467,0,0,0,0,0,0,1,1,0,1,0,1,0,0,0,1,0,0,0,0,0
R256061640,0,0,0,0,0,0,0,0,0,0,0,0,0,0,0,0,0,0,0,0,0
R256068971,0,0,0,0,0,0,0,0,0,0,0,1,0,0,0,0,0,0,0,0,0
R256084224,0,0,0,0,0,0,0,0,0,0,0,0,0,0,0,0,0,0,0,0,0
R256115888,0,0,0,0,0,0,1,1,0,0,0,1,0,0,0,0,1,0,0,1,0
R256117507,0,0,0,0,0,0,0,0,0,0,0,0,0,0,0,1,0,0,0,0,0
R256164348,0,0,0,0,0,0,0,0,0,0,0,0,0,0,1,0,0,0,0,0,0
R256199065,0,0,0,0,0,0,0,0,0,0,0,0,0,0,0,0,0,0,0,0,0
R256201931,0,0,0,0,0,0,0,1,0,0,0,0,0,0,0,0,0,0,0,0,0
R256226473,0,0,0,0,0,0,0,0,0,0,0,0,0,0,0,0,0,0,0,0,0
R256257896,0,0,0,0,0,0,0,0,0,0,0,0,0,0,0,0,0,0,0,0,0
R256274426,0,0,0,0,0,0,0,0,0,0,0,0,0,0,0,0,0,0,0,0,0
R256277620,0,0,0,0,0,0,0,0,0,0,0,0,0,0,0,0,0,0,0,0,0
R256312667,0,0,0,0,0,0,0,0,0,0,0,0,0,0,0,0,0,0,0,0,0
R256316065,0,0,0,0,0,0,0,0,0,0,0,1,0,0,0,0,0,0,0,0,0
R256325580,0,0,0,0,0,0,0,0,0,0,0,0,0,0,0,0,0,0,0,0,0
R256328273,0,0,0,0,0,0,0,0,0,0,0,0,0,0,0,0,0,0,0,0,0
R256423620,0,0,0,0,0,0,0,0,0,0,0,0,0,0,0,0,1,0,0,1,0
R256432335,0,0,0,0,0,0,0,0,0,0,0,0,0,0,0,0,0,0,0,0,0
R256462155,0,0,0,0,0,0,0,1,0,0,0,1,0,0,1,0,1,0,0,1,0
R256470539,0,0,0,0,0,0,0,0,0,0,0,0,0,0,0,0,0,0,0,0,0
R256517285,0,0,0,0,0,0,0,0,0,0,0,0,0,0,0,0,0,0,0,0,0
R256538006,0,0,0,0,0,0,0,0,0,0,0,0,0,0,0,0,0,0,0,0,0
R256560448,0,0,0,0,0,0,0,0,0,0,0,0,0,0,0,0,0,0,0,0,0
R256582693,0,0,0,0,0,0,0,0,0,0,0,0,0,0,0,0,0,0,0,0,0
R256593409,0,0,0,0,0,0,0,1,0,0,0,1,0,0,0,1,0,0,0,0,0
R256602882,0,0,0,0,0,0,0,0,0,0,0,0,0,0,0,0,0,0,0,0,0
R256624369,0,0,0,0,0,0,0,0,0,0,0,0,0,0,0,0,0,0,0,0,0
R256664079,0,0,0,0,0,0,0,0,0,0,0,0,0,0,0,0,0,0,0,0,0
R256674269,0,0,0,0,0,0,0,0,0,0,0,0,0,0,0,0,0,0,0,0,0
R256723367,0,0,0,0,0,0,0,0,0,0,0,0,0,0,0,0,0,0,0,0,0
R256781260,0,0,0,0,0,0,0,1,0,0,0,1,0,0,0,0,0,0,0,0,0
R256784955,0,0,0,0,0,0,0,0,0,0,0,0,0,0,0,0,0,0,0,0,0
R256825699,0,0,0,0,0,0,0,0,0,0,0,0,0,0,0,0,0,0,0,0,0
R256828338,0,0,0,0,0,0,1,1,0,0,0,0,0,0,0,1,0,0,0,0,0
R256854176,0,0,0,0,0,0,0,1,0,0,0,0,0,0,0,0,0,0,0,0,0
R256864338,0,0,0,0,0,0,0,0,0,0,0,1,0,0,0,0,1,0,0,1,0
R256868542,0,0,0,0,0,0,0,0,0,0,0,0,0,0,0,0,0,0,0,0,0
R256885210,0,0,0,0,0,0,0,0,0,0,0,0,0,0,0,0,0,0,0,0,0
R256892428,0,0,0,0,0,0,0,0,0,0,0,0,0,0,0,0,0,0,0,0,0
R256933491,0,0,0,0,0,0,0,0,0,0,0,0,0,0,0,0,0,0,0,0,0
R256952542,0,0,0,0,0,0,0,0,0,0,0,1,0,0,0,0,0,0,0,0,0
R256954702,0,0,0,0,0,0,0,0,0,0,0,0,0,0,0,0,0,0,0,0,0
R256958118,0,0,0,0,0,0,0,0,0,0,0,0,0,0,0,0,0,0,0,0,0
R256973499,0,0,0,0,0,0,0,0,0,0,0,0,0,0,0,0,0,0,0,0,0
R257014823,0,0,0,0,0,0,0,0,0,0,0,0,0,0,0,0,0,0,0,0,0
R257017798,0,0,0,0,0,0,0,0,0,0,0,0,0,0,0,0,0,0,0,0,0
R257025325,0,0,0,0,0,0,1,1,0,0,0,1,0,1,0,0,0,0,0,0,0
R257039001,0,0,0,0,0,0,0,1,0,0,0,0,0,0,0,0,0,0,0,0,0
R257046783,0,0,0,0,0,0,0,0,0,0,0,0,0,0,0,0,0,0,0,0,0
R257058133,0,0,0,0,0,0,0,0,0,0,0,0,0,0,0,0,0,0,0,0,0
R257081044,0,0,0,0,0,0,0,0,0,0,0,0,0,0,0,1,0,0,0,0,0
R257092330,0,0,0,0,0,0,0,0,0,0,0,0,0,0,0,0,0,0,0,0,0
R257125020,0,0,0,0,0,0,1,1,0,1,0,0,0,0,0,1,0,0,0,0,0
R257125222,0,0,0,0,0,0,0,0,0,0,0,0,0,0,0,0,0,0,0,0,0
R257133528,0,0,0,0,0,0,0,0,0,0,0,0,0,0,0,0,0,0,0,0,0
R257148515,0,0,0,0,0,0,0,0,0,0,0,0,0,0,0,0,0,0,0,0,0
R257175730,0,0,0,0,0,0,0,0,0,0,0,0,0,0,0,0,0,0,0,0,0
R257194522,0,0,0,0,0,0,0,0,0,0,0,0,0,0,0,0,0,0,0,0,0
R257235777,0,0,0,0,0,0,0,1,0,0,0,0,0,0,0,0,0,0,0,0,0
R257244273,0,0,0,0,0,0,0,0,0,0,0,0,0,0,1,0,0,0,0,0,0
R257283554,0,0,0,0,0,0,0,1,0,0,0,1,0,0,0,0,0,0,0,0,0
R257286867,0,0,0,0,0,0,0,0,0,0,0,0,0,0,0,0,0,0,0,0,0
R257289575,0,0,0,0,0,0,1,1,0,0,0,1,0,0,0,0,0,0,0,0,0
R257303127,0,0,0,0,0,0,0,0,0,0,0,0,0,0,0,0,0,0,0,0,0
R257310177,0,0,0,0,0,0,0,0,0,0,0,0,0,0,0,0,0,0,0,0,0
R257346711,0,0,0,0,0,0,0,0,0,0,0,0,0,0,0,0,0,0,0,0,0
R257347312,0,0,0,0,0,0,0,0,0,0,0,0,0,0,0,0,0,0,0,0,0
R257364188,0,0,0,0,0,0,0,0,0,0,0,0,0,0,0,0,0,0,0,0,0
R257382426,0,0,0,0,0,0,0,0,0,0,0,0,0,0,0,0,0,0,0,0,0
R257487373,0,0,0,0,0,0,0,0,0,0,0,0,0,0,0,0,0,0,0,0,0
R257499801,0,0,0,0,0,0,0,0,0,0,0,0,0,0,1,0,0,0,1,0,0
R257511015,0,0,0,0,0,0,0,0,0,0,0,1,0,0,0,0,0,0,0,0,0
R257511654,0,0,0,0,0,0,0,0,0,0,0,0,0,0,0,0,0,0,0,0,0
R257523020,0,0,0,0,0,0,0,0,0,0,0,0,0,0,0,0,0,0,0,0,0
R257527126,0,0,0,0,0,0,0,1,0,0,0,1,0,0,0,1,0,0,0,0,0
R257529353,0,0,0,0,0,0,0,0,0,0,0,0,0,0,0,0,0,0,0,0,0
R257534591,0,0,0,0,0,0,0,0,0,0,0,0,0,0,0,0,0,0,0,0,0
R257561768,0,0,0,0,0,0,0,0,0,0,0,0,0,0,0,0,0,0,0,0,0
R257570631,0,0,0,0,0,0,0,0,0,0,0,0,0,0,0,0,0,0,0,0,0
R257579510,0,0,0,0,0,0,0,0,0,0,0,0,0,0,0,0,0,0,0,0,0
R257580834,0,0,0,0,0,0,0,0,0,0,0,0,0,0,0,0,0,0,0,0,0
R257597112,0,0,0,0,0,0,0,0,0,0,0,0,0,0,0,0,0,0,0,0,0
R257664036,0,0,0,0,0,0,0,0,0,0,0,0,0,0,0,0,0,0,0,1,0
R257677338,0,0,0,0,0,0,0,0,0,0,0,1,0,0,0,0,0,0,0,0,0
R257680283,0,0,0,0,0,0,1,1,0,1,0,0,0,0,1,1,0,0,0,0,0
R257779605,0,0,0,0,0,0,0,0,0,0,0,0,0,0,0,0,0,0,0,1,0
R257792662,0,0,0,0,0,0,0,0,0,0,0,0,0,0,0,0,0,0,0,0,0
R257803968,0,0,0,0,0,0,0,0,0,0,0,0,0,0,0,0,0,0,0,0,0
R257848961,0,0,0,0,0,0,0,0,0,0,0,0,0,0,0,0,0,0,0,0,0
R257852291,0,0,0,0,0,0,0,0,0,0,0,1,0,0,0,0,0,0,0,0,0
R257854072,0,0,0,0,0,0,0,0,0,0,0,0,0,0,0,0,0,0,0,0,0
R257885456,0,0,0,0,0,0,0,0,0,0,0,0,0,0,0,0,0,0,0,0,0
R257895269,0,0,0,0,0,0,0,0,0,0,0,0,0,0,0,0,0,0,0,0,0
R257896593,0,0,0,0,0,0,0,0,0,0,0,0,0,0,0,0,0,0,0,0,0
R257910667,0,0,0,0,0,0,0,0,0,0,0,0,0,0,0,0,0,0,0,0,0
R257915356,0,0,0,0,0,0,0,0,0,0,0,1,0,0,0,0,0,0,0,0,0
R257936286,0,0,0,0,0,0,0,0,0,1,0,0,0,0,0,1,0,0,0,0,0
R257956869,0,0,0,0,0,0,0,0,0,0,0,0,0,0,0,0,0,0,0,0,0
R257966893,0,0,0,0,0,0,0,0,0,0,0,0,0,0,0,0,0,0,0,0,0
R258031451,0,0,0,0,0,0,0,0,0,0,0,0,0,0,0,0,0,0,0,0,0
R258043108,0,0,0,0,0,0,0,1,0,0,0,1,0,0,0,1,0,0,0,0,0
R258043543,0,0,0,0,0,0,0,0,0,0,0,0,0,0,0,0,0,0,0,0,0
R258047660,0,0,0,0,0,0,0,0,0,0,0,0,0,0,0,0,0,0,0,0,0
R258095508,0,0,0,0,0,0,0,0,0,0,0,0,0,0,0,0,0,0,0,0,0
R258099157,0,0,0,0,0,0,0,0,0,0,0,0,0,0,0,0,0,0,0,0,0
R258114749,0,0,0,0,0,0,0,0,0,0,0,0,0,0,0,0,0,0,0,0,0
R258133737,0,0,0,0,0,0,0,0,0,0,0,1,0,0,0,0,0,0,0,0,0
R258147373,0,0,0,0,0,0,0,0,0,0,0,0,0,0,1,0,0,0,1,0,0
R258194140,0,0,0,0,0,0,0,0,0,0,0,0,0,0,0,0,0,0,0,0,0
R258251486,0,0,0,0,0,0,0,0,0,0,0,0,0,0,0,0,0,0,0,0,0
R258253637,0,0,0,0,0,0,0,0,0,0,0,0,0,0,1,0,0,0,0,0,0
R258261618,0,0,0,0,0,0,0,0,0,0,0,0,0,0,0,0,0,0,0,1,0
R258264502,0,0,0,0,0,0,0,0,0,0,0,0,0,0,0,0,0,0,0,0,0
R258279240,0,0,0,0,0,0,0,0,0,0,0,0,0,0,0,1,0,0,0,0,0
R258299112,0,0,0,0,0,0,1,1,0,0,0,0,0,0,1,0,0,0,1,1,0
R258304229,0,0,0,0,0,0,0,0,0,0,0,0,0,0,0,0,0,0,0,0,0
R258312907,0,0,0,0,0,0,0,0,0,0,0,0,0,0,0,0,0,0,0,0,0
R258342212,0,0,0,0,0,0,0,0,0,0,0,0,0,0,0,0,0,0,0,1,0
R258368329,0,0,0,0,0,0,0,0,0,0,0,0,0,0,0,0,0,0,0,0,0
R258376698,0,0,0,0,0,0,0,0,0,0,0,0,0,0,0,1,0,0,0,0,0
R258381927,0,0,0,0,0,0,0,0,0,0,0,0,0,0,0,0,0,0,0,0,0
R258382161,0,0,0,0,0,0,0,0,0,0,0,0,0,0,0,0,0,0,0,0,0
R258423455,0,0,0,0,0,0,0,0,0,0,0,0,0,0,0,0,0,0,0,0,0
R258433215,0,0,0,0,0,0,0,0,0,0,0,0,0,0,0,0,0,0,0,0,0
R258440878,0,0,0,0,0,0,0,0,0,0,0,0,0,0,1,0,0,0,1,0,0
R258478285,0,0,0,0,0,0,0,0,0,0,0,0,0,0,0,0,0,0,0,0,0
R258544892,0,0,0,0,0,0,0,0,0,0,0,1,0,0,1,0,0,0,0,0,0
R258574190,0,0,0,0,0,0,1,1,0,0,0,0,0,0,1,0,0,0,1,0,0
R258586704,0,0,0,0,0,0,0,0,0,0,0,0,0,0,0,0,0,0,0,0,0
R258637539,0,0,0,0,0,0,0,0,0,0,0,0,0,0,0,0,0,0,0,0,0
R258651611,0,0,0,0,0,0,0,0,0,0,0,0,0,0,0,1,0,0,0,0,0
R258664637,0,0,0,0,0,0,0,0,0,0,0,1,0,0,0,1,0,0,0,0,0
R258718576,0,0,0,0,0,0,0,0,0,0,0,0,0,0,0,0,0,0,0,0,0
R258727122,0,0,0,0,0,0,0,0,0,0,0,0,0,0,0,0,0,0,0,0,0
R258758247,0,0,0,0,0,0,0,0,0,0,0,0,0,0,0,0,0,0,0,0,0
R258782259,0,0,0,0,0,0,0,0,0,0,0,0,0,0,0,0,0,0,0,0,0
R258822744,0,0,0,0,0,0,0,0,0,0,0,0,0,0,0,0,0,0,0,0,0
R258825863,0,0,0,0,0,0,0,1,0,0,0,0,0,0,0,0,0,0,0,0,0
R258831380,0,0,0,0,0,0,0,0,0,0,0,0,0,0,0,0,0,0,0,0,0
R258861009,0,0,0,0,0,0,0,1,0,0,0,1,0,0,1,0,0,0,1,0,0
R258907643,0,0,0,0,0,0,0,0,0,1,0,1,0,0,0,1,0,0,0,0,0
R258916015,0,0,0,0,0,0,0,0,0,0,0,0,0,0,0,0,0,0,0,0,0
R258927458,0,0,0,0,0,0,0,0,0,0,0,0,0,0,0,0,0,0,0,0,0
R258938512,0,0,0,0,0,0,0,0,0,0,0,0,0,0,1,0,0,0,1,0,0
R258969977,0,0,0,0,0,0,0,0,0,0,0,1,0,0,1,1,0,0,0,0,0
R258984692,0,0,0,0,0,0,0,0,0,0,0,1,0,0,0,0,1,0,0,1,0
R258989867,0,0,0,0,0,0,0,0,0,0,0,0,0,0,0,0,0,0,0,0,0
R259021317,0,0,0,0,0,0,0,0,0,0,0,0,0,0,0,0,0,0,0,0,0
R259048241,0,0,0,0,0,0,0,0,0,0,0,0,0,0,0,0,0,0,0,0,0
R259058148,0,0,0,0,0,0,0,0,0,0,0,0,0,0,0,0,0,0,0,0,0
R259125728,0,0,0,0,0,0,0,0,0,0,0,0,0,0,0,0,0,0,0,0,0
R259140976,0,0,0,0,0,0,0,0,0,0,0,0,0,0,0,0,0,0,0,0,0
R259155652,0,0,0,0,0,0,1,1,0,0,0,0,0,0,0,0,0,0,0,0,0
R259162405,0,0,0,0,0,0,0,0,0,0,0,0,0,0,0,0,0,0,0,0,0
R259167714,0,0,0,0,0,0,0,0,0,0,0,0,0,0,0,0,0,0,0,0,0
R259167863,0,0,0,0,0,0,0,0,0,0,0,0,0,0,0,0,0,0,0,0,0
R259183010,0,0,0,0,0,0,0,0,0,0,0,0,0,0,0,0,0,0,0,0,0
R259184591,0,0,0,0,0,0,0,0,0,0,0,0,0,0,0,0,0,0,0,0,0
R259207499,0,0,0,0,0,0,0,0,0,0,0,0,0,0,0,0,0,0,0,0,0
R259250714,0,0,0,0,0,0,0,0,0,0,0,0,0,0,0,0,0,0,0,0,0
R259262546,0,0,0,0,0,0,0,0,0,0,0,0,0,0,0,0,0,0,0,0,0
R259262745,0,0,0,0,0,0,0,1,0,0,0,0,0,1,0,0,0,0,0,0,0
R259271662,0,0,0,0,0,0,0,0,0,0,0,0,0,0,0,0,0,0,0,1,0
R259286496,0,0,0,0,0,0,0,0,0,0,0,0,0,0,0,0,0,0,0,0,0
R259298350,0,0,0,0,0,0,0,0,0,0,0,0,0,0,0,0,0,0,0,0,0
R259301261,0,0,0,0,0,0,0,0,0,0,0,0,0,0,0,0,0,0,0,0,0
R259311773,0,0,0,0,0,0,0,0,0,0,0,0,0,0,1,0,0,0,1,0,0
R259328119,0,0,0,0,0,0,0,0,0,0,0,0,0,0,0,0,0,0,0,0,0
R259369517,0,0,0,0,0,0,0,0,0,0,0,1,0,0,0,0,0,0,0,1,0
R259382014,0,0,0,0,0,0,0,0,0,0,0,0,0,0,0,0,0,0,0,0,0
R259392843,0,0,0,0,0,0,0,0,0,0,0,0,0,0,0,0,0,0,0,0,0
R259395856,0,0,0,0,0,0,0,0,0,0,0,0,0,0,0,0,0,0,0,0,0
R259404679,0,0,0,0,0,0,0,0,0,0,0,1,0,0,0,0,0,0,0,0,0
R259422652,0,0,0,0,0,0,0,0,0,0,0,1,0,0,0,0,0,0,0,0,0
R259455257,0,0,0,0,0,0,0,0,0,0,0,0,0,0,1,0,1,0,1,1,0
R259460439,0,0,0,0,0,0,0,0,0,0,0,0,0,0,0,0,1,0,0,1,0
R259486287,0,0,0,0,0,0,0,0,0,0,0,0,0,0,1,0,0,0,0,0,0
R259513232,0,0,0,0,0,0,0,0,0,0,0,0,0,0,0,0,0,0,0,0,0
R259544015,0,0,0,0,0,0,0,0,0,0,0,0,0,0,0,0,0,0,0,0,0
R259556235,0,0,0,0,0,0,1,1,0,0,0,0,0,0,0,0,0,0,0,0,0
R259580208,0,0,0,0,0,0,0,0,0,0,0,0,0,0,0,0,0,0,0,0,0
R259606311,0,0,0,0,0,0,0,0,0,0,0,0,0,0,0,0,0,0,0,0,0
R259613159,0,0,0,0,0,0,0,0,0,0,0,1,0,0,0,0,0,0,0,0,0
R259613849,0,0,0,0,0,0,0,0,0,0,0,0,0,0,1,0,0,0,1,0,0
R259707726,0,0,0,0,0,0,0,0,0,0,0,0,0,0,0,0,0,0,0,0,0
R259712757,0,0,0,0,0,0,0,0,0,0,0,1,0,0,0,0,0,0,0,0,0
R259717008,0,0,0,0,0,0,0,0,0,0,0,0,0,0,0,0,0,0,0,0,0
R259739916,0,0,0,0,0,0,0,0,0,0,0,0,0,0,0,0,0,0,0,0,0
R259745974,0,0,0,0,0,0,0,1,0,0,0,1,0,0,0,0,0,0,0,0,0
R259759511,0,0,0,0,0,0,0,0,0,0,0,0,0,0,0,0,0,0,0,0,0
R259771802,0,0,0,0,0,0,1,1,0,0,0,1,0,0,1,1,0,0,0,0,0
R259777247,0,0,0,0,0,0,0,0,0,0,0,1,0,0,0,0,1,0,0,1,0
R259782378,0,0,0,0,0,0,0,0,0,0,0,0,0,0,0,0,0,0,0,0,0
R259789081,0,0,0,0,0,0,0,0,0,0,0,0,0,0,0,0,1,0,0,1,0
R259807184,0,0,0,0,0,0,1,1,0,0,0,0,0,0,1,0,0,0,0,0,0
R259824676,0,0,0,0,0,0,0,0,0,0,0,0,0,0,0,0,0,0,0,0,0
R259845724,0,0,0,0,0,0,0,0,0,0,0,0,0,0,0,0,0,0,0,0,0
R259847910,0,0,0,0,0,0,0,0,0,0,0,1,0,0,0,0,0,0,0,0,0
R259858995,0,0,0,0,0,0,0,0,0,0,0,0,0,0,0,0,0,0,0,0,0
R259865923,0,0,0,0,0,0,0,0,0,0,0,0,0,0,0,0,0,0,0,0,0
R259882787,0,0,0,0,0,0,0,0,0,0,0,1,0,0,0,0,0,0,0,0,0
R259886090,0,0,0,0,0,0,0,0,0,0,0,0,0,0,0,1,0,0,0,0,0
R259891554,0,0,0,0,0,0,0,0,0,0,0,0,0,0,0,0,0,0,0,0,0
R259897695,0,0,0,0,0,0,0,0,0,0,0,1,0,0,0,0,1,0,0,1,0
R259915864,0,0,0,0,0,0,0,0,0,0,0,0,0,0,0,0,0,0,0,0,0
R259926859,0,0,0,0,0,0,0,0,0,0,0,0,0,0,0,0,1,0,0,1,0
R259933442,0,0,0,0,0,0,0,0,0,0,0,0,0,0,0,0,0,0,0,0,0
R259938905,0,0,0,0,0,0,0,0,0,0,0,1,0,0,0,0,0,0,0,0,0
R259976119,0,0,0,0,0,0,0,0,0,0,0,1,0,0,0,0,0,0,0,0,0
R259988800,0,0,0,0,0,0,0,0,0,0,0,0,0,0,0,0,0,0,0,0,0
R260068033,0,0,0,0,0,0,1,1,0,0,0,0,0,1,0,0,0,0,0,0,0
R260076549,0,0,0,0,0,0,0,0,0,0,0,0,0,0,0,0,0,0,0,0,0
R260087919,0,0,0,0,0,0,0,0,0,0,0,0,0,0,0,0,0,0,0,1,0
R260110086,0,0,0,0,0,0,0,0,0,0,0,1,0,0,0,0,0,0,0,0,0
R260131643,0,0,0,0,0,0,1,1,0,0,0,0,0,0,0,0,0,0,0,0,0
R260134628,0,0,0,0,0,0,0,0,0,0,0,0,0,0,0,0,0,0,0,0,0
R260164104,0,0,0,0,0,0,0,0,0,0,0,0,0,0,0,0,0,0,0,0,0
R260170519,0,0,0,0,0,0,0,0,0,0,0,0,0,0,0,0,0,0,0,0,0
R260170591,0,0,0,0,0,0,1,1,0,1,0,1,0,0,1,1,0,0,1,1,0
R260175197,0,0,0,0,0,0,0,0,0,0,0,0,0,0,0,0,0,0,0,0,0
R260192219,0,0,0,0,0,0,1,1,0,0,0,0,0,0,1,0,0,0,0,0,0
R260196262,0,0,0,0,0,0,0,0,0,0,0,0,0,0,0,0,0,0,0,0,0
R260209282,0,0,0,0,0,0,0,0,0,0,0,0,0,0,0,0,0,0,0,0,0
R260218572,0,0,0,0,0,0,0,0,0,0,0,1,0,0,0,0,0,0,0,0,0
R260228379,0,0,0,0,0,0,0,0,0,0,0,0,0,0,0,0,0,0,0,0,0
R260261566,0,0,0,0,0,0,0,0,0,0,0,0,0,0,0,0,0,0,0,0,0
R260316461,0,0,0,0,0,0,1,1,0,0,0,1,0,0,1,0,0,0,0,0,0
R260323405,0,0,0,0,0,0,1,1,0,0,0,0,0,0,0,0,0,0,0,0,0
R260349079,0,0,0,0,0,0,0,0,0,0,0,0,0,0,0,0,0,0,0,0,0
R260365491,0,0,0,0,0,0,0,0,0,0,0,0,0,0,0,0,0,0,0,0,0
R260375498,0,0,0,0,0,0,0,0,0,0,0,0,0,0,0,0,0,0,0,0,0
R260428053,0,0,0,0,0,0,0,0,0,0,0,0,0,0,0,0,0,0,0,0,0
R260437318,0,0,0,0,0,0,0,0,0,0,0,0,0,0,0,0,0,0,0,0,0
R260441958,0,0,0,0,0,0,0,0,0,0,0,0,0,0,0,0,0,0,0,0,0
R260492539,0,0,0,0,0,0,0,0,0,0,0,0,0,0,0,0,0,0,0,1,0
R260511952,0,0,0,0,0,0,0,0,0,0,0,0,0,0,0,0,0,0,0,0,0
R260543467,0,0,0,0,0,0,0,1,0,0,0,1,0,1,0,1,0,0,0,0,0
R260551112,0,0,0,0,0,0,1,1,0,0,0,1,0,0,1,0,0,0,0,0,0
R260556190,0,0,0,0,0,0,0,0,0,0,0,0,0,0,0,0,0,0,0,0,0
R260567964,0,0,0,0,0,0,0,0,0,0,0,0,0,0,0,0,0,0,0,0,0
R260584987,0,0,0,0,0,0,0,0,0,0,0,0,0,0,0,0,0,0,0,1,0
R260591590,0,0,0,0,0,0,0,0,0,0,0,0,0,0,0,0,0,0,0,0,0
R260599170,0,0,0,0,0,0,0,0,0,0,0,0,0,0,0,0,0,0,0,0,0
R260608554,0,0,0,0,0,0,0,0,0,0,0,0,0,0,0,0,0,0,0,0,0
R260683424,0,0,0,0,0,0,0,0,0,0,0,0,0,0,0,0,0,0,0,0,0
R260705897,0,0,0,0,0,0,0,0,0,0,0,1,0,0,0,0,0,0,0,0,0
R260717302,0,0,0,0,0,0,1,1,0,0,0,0,0,0,1,0,0,0,1,1,0
R260732852,0,0,0,0,0,0,0,0,0,0,0,0,0,0,0,0,0,0,0,0,0
R260753390,0,0,0,0,0,0,0,0,0,0,0,0,0,0,0,0,0,0,0,0,0
R260784240,0,0,0,0,0,0,0,0,0,0,0,0,0,0,1,0,0,0,0,1,0
R260787041,0,0,0,0,0,0,1,1,0,0,0,0,0,0,1,0,0,0,1,0,0
R260789564,0,0,0,0,0,0,0,0,0,0,0,0,0,0,0,0,0,0,0,0,0
R260791684,0,0,0,0,0,0,0,0,0,0,0,0,0,0,0,1,0,0,0,0,0
R260832719,0,0,0,0,0,0,0,0,0,0,0,0,0,0,0,0,0,0,0,0,0
R260833552,0,0,0,0,0,0,1,1,0,1,0,1,0,0,0,1,0,0,0,0,0
R260833584,0,0,0,0,0,0,0,0,0,0,0,0,0,0,0,0,0,0,0,0,0
R260837267,0,0,0,0,0,0,0,0,0,0,0,0,0,0,0,0,0,0,0,0,0
R260871873,0,0,0,0,0,0,0,0,0,0,0,0,0,0,0,0,0,0,0,0,0
R260892421,0,0,0,0,0,0,0,0,0,0,0,0,0,0,0,0,0,0,0,0,0
R260903702,0,0,0,0,0,0,0,1,0,0,0,0,0,0,0,1,0,0,0,0,0
R260921553,0,0,0,0,0,0,0,0,0,0,0,0,0,0,0,0,0,0,0,0,0
R260921890,0,0,0,0,0,0,0,0,0,0,0,1,0,0,0,0,0,0,0,0,0
R260958326,0,0,0,0,0,0,0,0,0,0,0,0,0,0,1,0,0,0,1,0,0
R261005221,0,0,0,0,0,0,0,0,0,0,0,0,0,0,0,0,0,0,0,0,0
R261014587,0,0,0,0,0,0,0,0,0,0,0,0,0,0,0,0,0,0,0,1,0
R261018742,0,0,0,0,0,0,0,0,0,0,0,1,0,0,0,0,0,0,0,0,0
R261036345,0,0,0,0,0,0,1,1,0,0,0,1,0,0,1,0,0,0,1,0,0
R261078838,0,0,0,0,0,0,0,0,0,0,0,0,0,0,0,0,0,0,0,0,0
R261123064,0,0,0,0,0,0,0,0,0,0,0,0,0,0,0,0,0,0,0,0,0
R261134434,0,0,0,0,0,0,0,0,0,0,0,0,0,0,0,0,0,0,0,0,0
R261148818,0,0,0,0,0,0,0,0,0,0,0,0,0,0,0,0,0,0,0,0,0
R261161516,0,0,0,0,0,0,0,0,0,0,0,0,0,0,0,0,0,0,0,0,0
R261198651,0,0,0,0,0,0,0,0,0,0,0,0,0,0,0,0,0,0,0,0,0
R261214525,0,0,0,0,0,0,0,0,0,0,0,0,0,0,0,0,0,0,0,0,0
R261216049,0,0,0,0,0,0,0,0,0,0,0,0,0,0,0,0,0,0,0,0,0
R261238856,0,0,0,0,0,0,0,0,0,0,0,0,0,0,1,1,0,0,0,0,0
R261239235,0,0,0,0,0,0,0,0,0,0,0,0,0,0,1,0,0,0,1,1,0
R261263150,0,0,0,0,0,0,0,0,0,0,0,0,0,0,0,0,0,0,0,0,0
R261269544,0,0,0,0,0,0,0,0,0,0,0,0,0,0,0,0,0,0,0,0,0
R261279765,0,0,0,0,0,0,0,0,0,0,0,0,0,0,0,0,0,0,0,0,0
R261287096,0,0,0,0,0,0,0,0,0,0,0,0,0,0,0,0,0,0,0,0,0
R261305117,0,0,0,0,0,0,0,0,0,0,0,0,0,0,0,0,0,0,0,0,0
R261310881,0,0,0,0,0,0,0,0,0,0,0,0,0,0,0,0,0,0,0,0,0
R261320774,0,0,0,0,0,0,0,0,0,0,0,0,0,0,0,0,0,0,0,0,0
R261349645,0,0,0,0,0,0,1,1,0,0,0,1,0,0,1,1,0,0,0,1,0
R261350157,0,0,0,0,0,0,0,0,0,0,0,0,0,0,0,0,0,0,0,0,0
R261382227,0,0,0,0,0,0,0,0,0,0,0,0,0,0,0,0,0,0,0,0,0
R261460664,0,0,0,0,0,0,0,1,0,0,0,0,0,0,0,0,0,0,0,0,0
R261469022,0,0,0,0,0,0,0,0,0,0,0,0,0,0,0,0,0,0,0,0,0
R261469510,0,0,0,0,0,0,0,0,0,0,0,1,0,0,0,0,0,0,0,0,0
R261473394,0,0,0,0,0,0,0,0,0,0,0,0,0,0,0,0,0,0,0,0,0
R261479121,0,0,0,0,0,0,0,0,0,0,0,0,0,0,0,0,0,0,0,0,0
R261506794,0,0,0,0,0,0,1,1,0,0,0,0,0,0,0,0,0,0,0,0,0
R261515004,0,0,0,0,0,0,1,1,0,0,0,0,0,0,1,0,0,0,0,0,0
R261521125,0,0,0,0,0,0,1,1,0,1,0,1,0,0,1,1,0,0,0,0,0
R261532275,0,0,0,0,0,0,0,0,0,0,0,0,0,0,0,0,0,0,0,0,0
R261557123,0,0,0,0,0,0,0,0,0,0,0,0,0,0,0,0,0,0,0,0,0
R261595367,0,0,0,0,0,0,0,1,0,0,0,1,0,1,1,1,0,0,0,0,0
R261626185,0,0,0,0,0,0,0,0,0,0,0,0,0,0,1,0,0,0,1,0,0
R261629512,0,0,0,0,0,0,0,0,0,0,0,0,0,0,0,0,0,0,0,0,0
R261646320,0,0,0,0,0,0,0,0,0,0,0,0,0,0,1,0,0,0,0,0,0
R261683780,0,0,0,0,0,0,0,0,0,0,0,0,0,0,0,1,0,0,0,0,0
R261708976,0,0,0,0,0,0,0,0,0,0,0,0,0,0,0,0,0,0,0,0,0
R261718969,0,0,0,0,0,0,0,0,0,0,0,1,0,0,0,0,0,0,0,1,0
R261742334,0,0,0,0,0,0,0,0,0,0,0,0,0,0,1,0,0,0,0,0,0
R261743196,0,0,0,0,0,0,0,0,0,0,0,1,0,0,0,0,0,0,0,0,0
R261767506,0,0,0,0,0,0,0,0,0,0,0,0,0,0,0,0,0,0,0,0,0
R261783091,0,0,0,0,0,0,0,0,0,0,0,0,0,0,0,0,0,0,0,0,0
R261786892,0,0,0,0,0,0,0,0,0,0,0,0,0,0,0,0,0,0,0,0,0
R261789602,0,0,0,0,0,0,1,1,0,1,0,1,0,0,1,1,0,0,1,1,0
R261793684,0,0,0,0,0,0,0,0,0,0,0,0,0,0,0,0,0,1,0,0,0
R261797324,0,0,0,0,0,0,0,0,0,0,0,0,0,0,0,0,0,0,0,0,0
R261863632,0,0,0,0,0,0,0,0,0,0,0,0,0,0,0,0,0,0,0,0,0
R261898695,0,0,0,0,0,0,0,0,0,0,0,0,0,0,0,0,0,0,0,0,0
R261941848,0,0,0,0,0,0,1,1,0,0,0,0,0,0,1,0,0,0,0,0,0
R261944585,0,0,0,0,0,0,0,0,0,0,0,0,0,0,1,0,0,0,0,0,0
R261966066,0,0,0,0,0,0,0,0,0,0,0,0,0,0,0,0,0,0,0,0,0
R261970331,0,0,0,0,0,0,0,0,0,0,0,0,0,0,0,0,0,0,0,0,0
R261970678,0,0,0,0,0,0,0,0,0,0,0,0,0,0,0,0,0,0,0,0,0
R261996083,0,0,0,0,0,0,1,1,0,0,0,1,0,0,0,1,0,0,0,0,0
R262004187,0,0,0,0,0,0,0,0,0,0,0,0,0,0,0,0,0,0,0,0,0
R262069237,0,0,0,0,0,0,0,0,0,0,0,0,0,0,0,0,0,0,0,0,0
R262077629,0,0,0,0,0,0,0,0,0,0,0,0,0,0,0,0,0,0,0,0,0
R262079962,0,0,0,0,0,0,0,0,0,0,0,0,0,0,0,0,0,0,0,0,0
R262100471,0,0,0,0,0,0,0,1,0,0,0,1,0,1,0,0,0,0,0,0,0
R262127012,0,0,0,0,0,0,0,0,0,0,0,0,0,0,0,0,0,0,0,0,0
R262144967,0,0,0,0,0,0,0,0,0,0,0,0,0,0,0,0,0,0,0,0,0
R262149025,0,0,0,0,0,0,1,1,0,0,0,0,0,0,1,0,0,0,0,0,0
R262150658,0,0,0,0,0,0,0,0,0,0,0,0,0,0,0,0,0,0,0,0,0
R262215466,0,0,0,0,0,0,0,0,0,0,0,0,0,0,0,0,0,0,0,0,0
R262219326,0,0,0,0,0,0,0,0,0,0,0,0,0,0,0,0,0,0,0,0,0
R262221874,0,0,0,0,0,0,0,0,0,0,0,0,0,0,0,0,0,0,0,0,0
R262269364,0,0,0,0,0,0,0,0,0,0,0,0,0,0,0,0,0,0,0,0,0
R262276767,0,0,0,0,0,0,0,0,0,0,0,0,0,0,1,0,0,0,0,0,0
R262283622,0,0,0,0,0,0,0,1,0,0,0,1,0,1,0,0,0,0,0,0,0
R262289041,0,0,0,0,0,0,0,0,0,0,0,0,0,0,0,0,0,0,0,0,0
R262327518,0,0,0,0,0,0,0,0,0,0,0,0,0,0,0,0,0,0,0,0,0
R262339725,0,0,0,0,0,0,0,0,0,0,0,0,0,0,0,0,0,0,0,0,0
R262454765,0,0,0,0,0,0,0,1,0,0,0,0,0,0,0,0,0,0,0,0,0
R262456186,0,0,0,0,0,0,0,0,0,0,0,0,0,0,1,0,0,0,1,0,0
R262458125,0,0,0,0,0,0,0,1,0,0,0,0,0,0,0,1,0,0,0,1,0
R262465298,0,0,0,0,0,0,0,0,0,0,0,0,0,0,1,0,0,0,0,0,0
R262473215,0,0,0,0,0,0,1,1,0,0,0,1,0,0,0,0,0,0,0,0,0
R262483728,0,0,0,0,0,0,1,1,0,0,0,0,0,0,0,0,0,0,0,0,0
R262533794,0,0,0,0,0,0,0,0,0,0,0,0,0,0,0,0,0,0,0,0,0
R262537360,0,0,0,0,0,0,0,0,0,0,0,0,0,0,0,0,0,0,0,0,0
R262544168,0,0,0,0,0,0,1,1,0,0,0,0,0,0,1,0,0,0,0,1,0
R262573761,0,0,0,0,0,0,0,0,0,0,0,0,0,0,0,0,0,0,0,0,0
R262585888,0,0,0,0,0,0,0,0,0,0,0,1,0,0,0,0,0,0,0,1,0
R262604424,0,0,0,0,0,0,0,0,0,0,0,0,0,0,0,0,0,0,0,0,0
R262607943,0,0,0,0,0,0,0,0,0,0,0,0,0,0,1,0,0,0,1,0,0
R262620581,0,0,0,0,0,0,0,0,0,0,0,0,0,0,0,0,0,0,0,0,0
R262643401,0,0,0,0,0,0,0,1,0,0,0,1,0,1,0,0,0,0,0,0,0
R262675355,0,0,0,0,0,0,0,0,0,0,0,0,0,0,0,0,0,0,0,0,0
R262687802,0,0,0,0,0,0,0,0,0,0,0,1,0,0,0,0,0,0,0,0,0
R262710456,0,0,0,0,0,0,0,0,0,0,0,1,0,0,0,0,0,0,0,0,0
R262725510,0,0,0,0,0,0,0,0,0,0,0,1,0,0,0,0,0,0,0,0,0
R262745554,0,0,0,0,0,0,0,0,0,0,0,0,0,0,0,0,0,0,0,0,0
R262763145,0,0,0,0,0,0,0,1,0,0,0,0,0,0,0,0,0,0,0,1,0
R262771324,0,0,0,0,0,0,0,0,0,0,0,0,0,0,0,0,0,0,0,0,0
R262784917,0,0,0,0,0,0,0,0,0,0,0,0,0,0,1,0,0,0,0,0,0
R262794216,0,0,0,0,0,0,0,0,0,0,0,1,0,0,0,0,0,0,0,0,0
R262816123,0,0,0,0,0,0,0,0,0,0,0,0,0,0,0,0,0,0,0,0,0
R262818912,0,0,0,0,0,0,0,0,0,0,0,1,0,0,0,0,0,0,0,0,0
R262825433,0,0,0,0,0,0,0,0,0,0,0,0,0,0,0,0,0,0,0,0,0
R262852157,0,0,0,0,0,0,0,0,0,0,0,0,0,0,0,0,0,0,0,0,0
R262853371,0,0,0,0,0,0,0,0,0,0,0,0,0,0,0,0,0,0,0,0,0
R262942765,0,0,0,0,0,0,0,0,0,0,0,1,0,0,0,0,0,0,0,0,0
R263013427,0,0,0,0,0,0,0,0,0,0,0,0,0,0,0,0,0,0,0,0,0
R263027508,0,0,0,0,0,0,0,0,0,0,0,0,0,0,0,0,0,0,0,0,0
R263035657,0,0,0,0,0,0,0,0,0,0,0,0,0,0,0,0,0,0,0,0,0
R263059360,0,0,0,0,0,0,0,0,0,0,0,0,0,0,0,0,0,0,0,0,0
R263070613,0,0,0,0,0,0,1,1,0,0,0,1,0,1,0,0,0,0,0,0,0
R263086671,0,0,0,0,0,0,0,0,0,0,0,0,0,0,0,0,0,0,0,0,0
R263088980,0,0,0,0,0,0,0,0,0,0,0,0,0,0,0,0,0,0,0,0,0
R263135296,0,0,0,0,0,0,1,1,0,0,0,0,0,0,0,0,0,0,0,0,0
R263170918,0,0,0,0,0,0,0,0,0,0,0,0,0,0,0,0,0,0,0,0,0
R263193855,0,0,0,0,0,0,0,0,0,0,0,0,0,0,0,0,0,0,0,0,0
R263204614,0,0,0,0,0,0,0,0,0,0,0,0,0,0,0,0,0,0,0,0,0
R263251332,0,0,0,0,0,0,0,0,0,0,0,0,0,0,1,1,0,0,0,0,0
R263289073,0,0,0,0,0,0,0,0,0,0,0,0,0,0,0,0,0,0,0,0,0
R263311183,0,0,0,0,0,0,0,0,0,0,0,0,0,0,0,0,0,0,0,0,0
R263334424,0,0,0,0,0,0,0,0,0,0,0,0,0,0,0,0,0,0,0,0,0
R263340784,0,0,0,0,0,0,0,0,0,0,0,0,0,0,0,0,0,0,0,0,0
R263359830,0,0,0,0,0,0,0,0,0,0,0,0,0,0,0,0,0,0,0,1,0
R263366327,0,0,0,0,0,0,0,0,0,0,0,0,0,0,1,0,0,0,0,0,0
R263372874,0,0,0,0,0,0,0,0,0,0,0,0,0,0,0,0,0,0,0,0,0
R263378016,0,0,0,0,0,0,0,0,0,0,0,0,0,0,0,0,0,0,0,0,0
R263380519,0,0,0,0,0,0,0,0,0,0,0,0,0,0,1,0,0,0,0,0,0
R263439051,0,0,0,0,0,0,0,0,0,0,0,0,0,0,0,0,0,0,0,1,0
R263449228,0,0,0,0,0,0,0,0,0,0,0,0,0,0,0,0,0,0,0,0,0
R263465760,0,0,0,0,0,0,1,1,0,0,0,0,0,0,0,0,0,0,0,0,0
R263486433,0,0,0,0,0,0,0,0,0,0,0,0,0,0,1,0,0,0,0,0,0
R263506625,0,0,0,0,0,0,0,0,0,0,0,1,0,0,0,0,0,0,0,0,0
R263511884,0,0,0,0,0,0,0,0,0,0,0,0,0,0,0,0,0,0,0,0,0
R263525191,0,0,0,0,0,0,0,1,0,0,0,1,0,0,0,1,0,0,0,0,0
R263527457,0,0,0,0,0,0,0,0,0,0,0,0,0,0,1,0,0,0,0,0,0
R263535277,0,0,0,0,0,0,0,0,0,0,0,0,0,0,0,0,0,0,0,0,0
R263539264,0,0,0,0,0,0,0,0,0,0,0,0,0,0,0,0,0,0,0,0,0
R263553100,0,0,0,0,0,0,0,0,0,0,0,0,0,0,0,0,0,0,0,0,0
R263568178,0,0,0,0,0,0,0,0,0,0,0,1,0,0,0,0,0,0,0,0,0
R263579617,0,0,0,0,0,0,1,1,0,0,0,1,0,0,0,0,0,0,0,0,0
R263580315,0,0,0,0,0,0,0,0,0,0,0,1,0,0,0,1,0,0,0,0,0
R263593416,0,0,0,0,0,0,0,0,0,0,0,0,0,0,0,0,0,0,0,0,0
R263594118,0,0,0,0,0,0,0,0,0,0,0,0,0,0,0,0,0,0,0,0,0
R263599790,0,0,0,0,0,0,1,1,0,0,0,1,0,0,1,0,0,0,1,0,0
R263620948,0,0,0,0,0,0,0,0,0,0,0,0,0,0,0,0,0,0,0,0,0
R263634953,0,0,0,0,0,0,0,0,0,0,0,0,0,0,0,0,0,0,0,0,0
R263656593,0,0,0,0,0,0,0,0,0,0,0,0,0,0,0,0,0,0,0,0,0
R263660432,0,0,0,0,0,0,0,0,0,0,0,0,0,0,0,0,0,0,0,0,0
R263662376,0,0,0,0,0,0,0,0,0,0,0,0,0,0,0,0,0,0,0,0,0
R263676868,0,0,0,0,0,0,0,0,0,0,0,1,0,0,0,0,0,0,0,0,0
R263710611,0,0,0,0,0,0,0,0,0,0,0,1,0,0,0,0,0,0,0,0,0
R263747940,0,0,0,0,0,0,0,0,0,0,0,0,0,0,0,0,0,0,0,0,0
R263795947,0,0,0,0,0,0,0,0,0,0,0,0,0,0,1,0,0,0,0,0,0
R263798069,0,0,0,0,0,0,0,0,0,0,0,0,0,0,0,0,0,0,0,0,0
R263813279,0,0,0,0,0,0,0,0,0,0,0,0,0,0,0,0,0,0,0,0,0
R263844512,0,0,0,0,0,0,0,0,0,0,0,0,0,0,0,0,0,0,0,0,0
R263848469,0,0,0,0,0,0,0,0,0,0,0,0,0,0,0,0,0,0,0,0,0
R263853722,0,0,0,0,0,0,0,0,0,0,0,1,0,0,0,0,0,0,0,0,0
R263861902,0,0,0,0,0,0,0,0,0,0,0,0,0,0,0,0,0,0,0,0,0
R263869351,0,0,0,0,0,0,0,0,0,0,0,0,0,0,1,0,0,0,1,0,0
R263884115,0,0,0,0,0,0,0,0,0,0,0,0,0,0,0,0,0,0,0,0,0
R263887615,0,0,0,0,0,0,0,1,0,1,0,0,0,0,0,1,0,0,0,1,0
R263891568,0,0,0,0,0,0,0,0,0,0,0,0,0,0,0,0,0,0,0,0,0
R263904648,0,0,0,0,0,0,0,0,0,0,0,0,0,0,0,0,0,0,0,0,0
R263911885,0,0,0,0,0,0,0,0,0,0,0,0,0,0,0,0,0,0,0,0,0
R263919883,0,0,0,0,0,0,0,0,0,0,0,0,0,0,0,0,0,0,0,0,0
R263971886,0,0,0,0,0,0,1,1,0,0,0,0,0,0,1,0,0,0,0,1,0
R264007048,0,0,0,0,0,0,0,0,0,0,0,0,0,0,0,0,0,0,0,0,0
R264017687,0,0,0,0,0,0,0,0,0,0,0,0,0,0,0,0,0,0,0,0,0
R264032848,0,0,0,0,0,0,0,0,0,0,0,0,0,0,0,0,0,0,0,0,0
R264077659,0,0,0,0,0,0,0,0,0,0,0,0,0,0,0,0,0,0,0,0,0
R264080176,0,0,0,0,0,0,0,0,0,1,0,0,0,0,0,1,0,0,0,0,0
R264123759,0,0,0,0,0,0,0,0,0,0,0,0,0,0,0,0,0,0,0,0,0
R264134802,0,0,0,0,0,0,0,0,0,0,0,0,0,0,1,0,0,0,0,0,0
R264138627,0,0,0,0,0,0,0,0,0,0,0,0,0,0,0,0,0,0,0,0,0
R264174966,0,0,0,0,0,0,0,0,0,0,0,0,0,0,0,0,0,0,0,0,0
R264176287,0,0,0,0,0,0,0,0,0,0,0,0,0,0,0,0,0,0,0,0,0
R264194138,0,0,0,0,0,0,0,0,0,0,0,0,0,0,0,0,0,0,0,0,0
R264205434,0,0,0,0,0,0,0,0,0,0,0,0,0,0,0,0,0,0,0,0,0
R264206855,0,0,0,0,0,0,0,0,0,0,0,1,0,0,0,0,0,0,0,0,0
R264242423,0,0,0,0,0,0,0,0,0,0,0,0,0,0,0,0,0,0,0,1,0
R264250292,0,0,0,0,0,0,0,0,0,0,0,0,0,0,0,0,0,0,0,0,0
R264266606,0,0,0,0,0,0,0,0,0,0,0,0,0,0,0,1,0,0,0,0,0
R264267093,0,0,0,0,0,0,0,0,0,0,0,0,0,0,0,0,0,0,0,0,0
R264268214,0,0,0,0,0,0,0,0,0,0,0,0,0,0,0,0,0,0,0,0,0
R264274030,0,0,0,0,0,0,0,0,0,0,0,0,0,0,0,1,0,0,0,0,0
R264274153,0,0,0,0,0,0,0,0,0,0,0,0,0,0,0,0,0,0,0,0,0
R264282172,0,0,0,0,0,0,0,0,0,0,0,0,0,0,0,0,0,0,0,0,0
R264294212,0,0,0,0,0,0,0,0,0,0,0,0,0,0,0,0,0,0,0,0,0
R264310061,0,0,0,0,0,0,0,0,0,0,0,0,0,0,0,0,0,0,0,0,0
R264312026,0,0,0,0,0,0,0,0,0,0,0,1,0,0,0,0,0,0,0,0,0
R264359120,0,0,0,0,0,0,0,0,0,0,0,0,0,0,0,0,0,0,0,0,0
R264359122,0,0,0,0,0,0,0,0,0,0,0,0,0,0,0,1,0,0,0,0,0
R264379732,0,0,0,0,0,0,0,0,0,0,0,0,0,0,0,0,0,0,0,0,0
R264394195,0,0,0,0,0,0,0,0,0,0,0,0,0,0,0,0,0,0,0,0,0
R264395333,0,0,0,0,0,0,0,0,0,0,0,0,0,0,0,0,0,0,0,0,0
R264412896,0,0,0,0,0,0,0,0,0,0,0,0,0,0,0,0,0,0,0,0,0
R264457173,0,0,0,0,0,0,0,0,0,0,0,0,0,0,1,0,0,0,0,0,0
R264501185,0,0,0,0,0,0,0,0,0,0,0,0,0,0,0,0,0,0,0,0,0
R264528543,0,0,0,0,0,0,0,0,0,0,0,0,0,0,0,0,0,0,0,0,0
R264529745,0,0,0,0,0,0,0,0,0,0,0,1,0,0,0,0,0,0,0,0,0
R264530228,0,0,0,0,0,0,0,0,0,0,0,0,0,0,0,0,0,0,0,0,0
R264576976,0,0,0,0,0,0,0,0,0,0,0,0,0,0,0,0,0,0,0,0,0
R264597133,0,0,0,0,0,0,1,1,0,0,0,0,0,0,0,0,1,0,0,1,0
R264605855,0,0,0,0,0,0,0,0,0,0,0,0,0,0,0,0,0,0,0,0,0
R264637551,0,0,0,0,0,0,0,1,0,0,0,1,0,1,0,0,0,0,0,0,0
R264642495,0,0,0,0,0,0,0,0,0,0,0,0,0,0,1,0,0,0,0,0,0
R264655918,0,0,0,0,0,0,0,0,0,0,0,1,0,0,1,0,0,0,1,0,0
R264695048,0,0,0,0,0,0,0,0,0,0,0,0,0,0,0,0,0,0,0,0,0
R264699484,0,0,0,0,0,0,0,0,0,0,0,1,0,0,0,0,0,0,0,0,0
R264701517,0,0,0,0,0,0,0,1,0,0,0,0,0,0,1,0,0,0,1,0,0
R264710285,0,0,0,0,0,0,0,0,0,0,0,0,0,0,0,0,0,0,0,1,0
R264713718,0,0,0,0,0,0,0,0,0,0,0,0,0,0,0,0,0,0,0,0,0
R264722116,0,0,0,0,0,0,0,0,0,0,0,0,0,0,1,0,0,0,1,0,0
R264728018,0,0,0,0,0,0,0,0,0,0,0,0,0,0,1,0,0,0,1,0,0
R264748500,0,0,0,0,0,0,1,1,0,0,0,0,0,0,1,0,0,0,0,0,0
R264765977,0,0,0,0,0,0,0,0,0,0,0,0,0,0,0,0,0,0,0,0,0
R264784723,0,0,0,0,0,0,0,0,0,0,0,0,0,0,0,0,0,0,0,0,0
R264886021,0,0,0,0,0,0,0,0,0,0,0,0,0,0,1,0,0,0,0,0,0
R264896309,0,0,0,0,0,0,0,0,0,0,0,0,0,0,0,0,0,0,0,0,0
R264922871,0,0,0,0,0,0,0,0,0,0,0,0,0,0,0,0,0,0,0,0,0
R264935220,0,0,0,0,0,0,0,0,0,0,0,0,0,0,0,0,0,0,0,0,0
R264945901,0,0,0,0,0,0,1,1,0,1,0,1,0,0,0,1,0,0,0,0,0
R264945961,0,0,0,0,0,0,0,0,0,0,0,0,0,0,1,0,0,0,1,0,0
R264991961,0,0,0,0,0,0,0,0,0,1,0,0,0,0,0,1,0,0,0,0,0
R264997781,0,0,0,0,0,0,0,0,0,0,0,0,0,0,0,0,0,0,0,0,0
R264997914,0,0,0,0,0,0,0,0,0,0,0,1,0,0,0,0,0,0,0,0,0
R265005469,0,0,0,0,0,0,0,0,0,0,0,0,0,0,0,0,0,0,0,0,0
R265036935,0,0,0,0,0,0,0,0,0,0,0,0,0,0,0,0,0,0,0,0,0
R265038595,0,0,0,0,0,0,0,0,0,0,0,0,0,0,0,0,0,0,0,0,0
R265047336,0,0,0,0,0,0,0,0,0,0,0,0,0,0,0,0,0,0,0,0,0
R265052300,0,0,0,0,0,0,0,0,0,0,0,0,0,0,0,0,0,0,0,0,0
R265083842,0,0,0,0,0,0,0,0,0,0,0,0,0,0,0,0,0,0,0,0,0
R265102651,0,0,0,0,0,0,0,1,0,0,0,0,0,1,0,0,0,0,0,0,0
R265165860,0,0,0,0,0,0,0,0,0,0,0,0,0,0,0,0,0,0,0,0,0
R265172141,0,0,0,0,0,0,0,0,0,0,0,0,0,0,0,0,0,0,0,1,0
R265181630,0,0,0,0,0,0,0,0,0,0,0,0,0,0,1,0,0,0,1,0,0
R265182305,0,0,0,0,0,0,0,0,0,0,0,0,0,0,0,0,0,0,0,0,0
R265187689,0,0,0,0,0,0,0,0,0,0,0,0,0,0,0,0,0,0,0,0,0
R265207255,0,0,0,0,0,0,0,0,0,0,0,0,0,0,0,0,0,0,0,0,0
R265230607,0,0,0,0,0,0,0,0,0,0,0,0,0,0,0,0,0,0,0,0,0
R265235886,0,0,0,0,0,0,0,0,0,0,0,0,0,0,0,0,0,0,0,0,0
R265259944,0,0,0,0,0,0,0,1,0,0,0,1,0,0,0,0,1,0,0,1,0
R265282924,0,0,0,0,0,0,0,0,0,0,0,0,0,0,0,0,0,0,0,0,0
R265287708,0,0,0,0,0,0,0,0,0,0,0,0,0,0,0,0,0,0,0,0,0
R265301460,0,0,0,0,0,0,0,0,0,0,0,0,0,0,0,0,0,0,0,0,0
R265302037,0,0,0,0,0,0,1,1,0,0,0,0,0,0,0,0,0,0,0,0,0
R265321504,0,0,0,0,0,0,0,0,0,0,0,0,0,0,1,0,0,0,0,0,0
R265324098,0,0,0,0,0,0,0,1,0,0,0,1,0,1,0,0,0,0,0,0,0
R265329197,0,0,0,0,0,0,0,0,0,0,0,0,0,0,0,1,0,0,0,0,0
R265333806,0,0,0,0,0,0,0,0,0,0,0,0,0,0,0,0,0,0,0,0,0
R265340819,0,0,0,0,0,0,0,0,0,0,0,0,0,0,0,0,0,0,0,0,0
R265343548,0,0,0,0,0,0,0,0,0,0,0,0,0,0,0,0,0,0,0,0,0
R265359516,0,0,0,0,0,0,1,1,0,0,0,0,0,0,0,0,0,0,0,0,0
R265364480,0,0,0,0,0,0,0,0,0,0,0,0,0,0,0,0,0,0,0,1,0
R265367068,0,0,0,0,0,0,0,0,0,0,0,1,0,0,0,0,0,0,0,0,0
R265393384,0,0,0,0,0,0,0,1,0,0,0,1,0,0,0,0,0,0,0,0,0
R265441114,0,0,0,0,0,0,0,0,0,0,0,0,0,0,0,0,0,0,0,1,0
R265515924,0,0,0,0,0,0,0,0,0,0,0,0,0,0,0,1,0,0,0,0,0
R265532832,0,0,0,0,0,0,0,0,0,0,0,0,0,0,0,0,0,0,0,0,0
R265535661,0,0,0,0,0,0,0,0,0,0,0,0,0,0,0,0,0,0,0,0,0
R265555086,0,0,0,0,0,0,0,0,0,0,0,0,0,0,0,0,0,0,0,0,0
R265556216,0,0,0,0,0,0,1,1,0,0,0,0,0,0,0,0,1,0,0,1,0
R265573430,0,0,0,0,0,0,0,0,0,0,0,0,0,0,0,0,0,0,0,0,0
R265586643,0,0,0,0,0,0,0,0,0,0,0,0,0,0,0,0,0,0,0,0,0
R265593001,0,0,0,0,0,0,0,0,0,0,0,0,0,0,0,0,0,0,0,0,0
R265601640,0,0,0,0,0,0,0,0,0,0,0,1,0,0,0,0,0,0,0,0,0
R265608533,0,0,0,0,0,0,0,0,0,0,0,0,0,0,0,0,0,0,0,0,0
R265608862,0,0,0,0,0,0,1,1,0,0,0,0,0,0,0,1,0,0,0,0,0
R265627579,0,0,0,0,0,0,0,0,0,0,0,0,0,0,0,0,0,0,0,0,0
R265630745,0,0,0,0,0,0,0,0,0,0,0,0,0,0,0,0,0,0,0,0,0
R265651256,0,0,0,0,0,0,0,0,0,0,0,1,0,0,0,1,0,0,0,0,0
R265667924,0,0,0,0,0,0,0,0,0,0,0,0,0,0,0,0,0,0,0,0,0
R265670633,0,0,0,0,0,0,0,0,0,0,0,0,0,0,1,0,0,0,0,0,0
R265683261,0,0,0,0,0,0,0,0,0,0,0,1,0,0,0,0,0,0,0,0,0
R265722206,0,0,0,0,0,0,0,0,0,0,0,0,0,0,1,0,0,0,0,1,0
R265756763,0,0,0,0,0,0,1,1,0,1,0,1,0,0,1,1,0,0,0,1,0
R265766392,0,0,0,0,0,0,0,0,0,0,0,1,0,0,0,0,0,0,0,0,0
R265771265,0,0,0,0,0,0,0,0,0,0,0,1,0,0,0,0,0,0,0,0,0
R265802822,0,0,0,0,0,0,1,1,0,0,0,0,0,0,0,0,0,0,0,1,0
R265803219,0,0,0,0,0,0,0,0,0,0,0,0,0,0,1,0,0,0,0,0,0
R265830915,0,0,0,0,0,0,1,1,0,1,0,1,0,0,1,1,0,0,1,0,0
R265832363,0,0,0,0,0,0,0,0,0,0,0,1,0,0,0,1,0,0,0,0,0
R265832808,0,0,0,0,0,0,0,0,0,0,0,0,0,0,0,0,0,0,0,0,0
R265833871,0,0,0,0,0,0,0,0,0,0,0,0,0,0,0,0,0,0,0,0,0
R265860296,0,0,0,0,0,0,1,1,0,0,0,1,0,0,1,0,0,0,0,0,0
R265863576,0,0,0,0,0,0,0,1,0,0,0,0,0,0,0,0,0,0,0,0,0
R265880674,0,0,0,0,0,0,0,0,0,0,0,0,0,0,0,0,0,0,0,0,0
R265942293,0,0,0,0,0,0,0,0,0,0,0,0,0,0,0,0,0,0,0,0,0
R265961440,0,0,0,0,0,0,0,0,0,0,0,0,0,0,1,1,0,0,1,0,0
R265985480,0,0,0,0,0,0,0,0,0,0,0,0,0,0,0,0,1,0,0,1,0
R266005907,0,0,0,0,0,0,0,0,0,0,0,0,0,0,0,0,0,0,0,0,0
R266024114,0,0,0,0,0,0,0,0,0,0,0,0,0,0,0,0,0,0,0,0,0
R266052500,0,0,0,0,0,0,0,0,0,0,0,1,0,0,0,0,0,0,0,0,0
R266052760,0,0,0,0,0,0,0,0,0,0,0,0,0,0,0,0,0,0,0,0,0
R266065576,0,0,0,0,0,0,0,0,0,0,0,0,0,0,0,0,0,0,0,0,0
R266098872,0,0,0,0,0,0,0,0,0,0,0,0,0,0,0,0,0,0,0,0,0
R266099028,0,0,0,0,0,0,0,0,0,0,0,0,0,0,0,0,0,0,0,0,0
R266105279,0,0,0,0,0,0,0,0,0,0,0,0,0,0,0,0,0,0,0,0,0
R266109900,0,0,0,0,0,0,0,0,0,0,0,0,0,0,0,0,0,0,0,0,0
R266126669,0,0,0,0,0,0,0,0,0,0,0,1,0,0,0,0,0,0,0,0,0
R266128878,0,0,0,0,0,0,0,0,0,0,0,0,0,0,1,0,0,0,1,0,0
R266146023,0,0,0,0,0,0,1,1,0,0,0,1,0,0,1,0,0,0,0,0,0
R266218841,0,0,0,0,0,0,1,1,0,1,0,1,0,0,1,1,0,0,1,1,0
R266221925,0,0,0,0,0,0,0,0,0,0,0,1,0,0,0,0,0,0,0,0,0
R266224363,0,0,0,0,0,0,0,0,0,0,0,0,0,0,1,0,0,0,0,0,0
R266231331,0,0,0,0,0,0,0,0,0,0,0,0,0,0,0,0,0,0,0,0,0
R266377684,0,0,0,0,0,0,0,0,0,0,0,0,0,0,0,0,0,0,0,0,0
R266391781,0,0,0,0,0,0,0,0,0,0,0,0,0,0,0,0,0,0,0,0,0
R266428360,0,0,0,0,0,0,0,0,0,0,0,0,0,0,0,0,0,0,0,0,0
R266437294,0,0,0,0,0,0,0,0,0,0,0,0,0,0,0,0,0,0,0,0,0
R266456951,0,0,0,0,0,0,0,0,0,0,0,0,0,0,1,0,0,0,1,0,0
R266467029,0,0,0,0,0,0,0,1,0,0,0,0,0,0,0,0,0,0,0,0,0
R266472717,0,0,0,0,0,0,0,0,0,0,0,0,0,0,0,0,0,0,0,0,0
R266479967,0,0,0,0,0,0,0,0,0,0,0,0,0,0,0,0,0,0,0,0,0
R266494254,0,0,0,0,0,0,0,0,0,0,0,0,0,0,1,0,0,0,0,0,0
R266500480,0,0,0,0,0,0,0,0,0,0,0,0,0,0,0,0,0,0,0,0,0
R266541943,0,0,0,0,0,0,0,0,0,0,0,0,0,0,0,0,0,0,0,0,0
R266542779,0,0,0,0,0,0,0,0,0,0,0,0,0,0,0,0,0,0,0,0,0
R266583116,0,0,0,0,0,0,0,0,0,0,0,0,0,0,0,0,0,0,0,0,0
R266598371,0,0,0,0,0,0,0,0,0,0,0,0,0,0,0,0,0,0,0,0,0
R266615452,0,0,0,0,0,0,0,0,0,0,0,0,0,0,0,0,0,0,0,0,0
R266621776,0,0,0,0,0,0,0,0,0,0,0,0,0,0,0,1,0,0,0,0,0
R266625200,0,0,0,0,0,0,0,0,0,0,0,0,0,0,0,0,0,0,0,0,0
R266635150,0,0,0,0,0,0,0,0,0,0,0,0,0,0,0,0,0,0,0,0,0
R266637285,0,0,0,0,0,0,0,0,0,0,0,0,0,0,0,0,0,0,0,0,0
R266674898,0,0,0,0,0,0,0,0,0,0,0,1,0,0,0,0,0,0,0,0,0
R266692560,0,0,0,0,0,0,0,0,0,0,0,0,0,0,0,0,0,0,0,0,0
R266699705,0,0,0,0,0,0,0,0,0,0,0,0,0,0,0,0,0,0,0,0,0
R266703579,0,0,0,0,0,0,0,0,0,0,0,0,0,0,0,0,0,0,0,0,0
R266718452,0,0,0,0,0,0,0,0,0,0,0,0,0,0,0,0,0,0,0,0,0
R266721020,0,0,0,0,0,0,0,0,0,0,0,0,0,0,1,0,0,0,1,0,0
R266775569,0,0,0,0,0,0,0,0,0,0,0,0,0,0,0,0,0,0,0,0,0
R266812841,0,0,0,0,0,0,0,0,0,0,0,0,0,0,0,0,0,0,0,0,0
R266848819,0,0,0,0,0,0,0,0,0,0,0,0,0,0,0,0,0,0,0,0,0
R266855940,0,0,0,0,0,0,0,0,0,0,0,0,0,0,0,0,0,0,0,0,0
R266869054,0,0,0,0,0,0,0,0,0,0,0,0,0,0,0,0,0,0,0,0,0
R266869236,0,0,0,0,0,0,0,0,0,0,0,0,0,0,0,0,0,0,0,0,0
R266880016,0,0,0,0,0,0,1,1,0,1,0,1,0,0,1,1,0,0,0,0,0
R266892559,0,0,0,0,0,0,0,0,0,0,0,0,0,0,0,0,0,0,0,0,0
R266922442,0,0,0,0,0,0,0,0,0,0,0,0,0,0,0,0,0,0,0,0,0
R266932289,0,0,0,0,0,0,1,1,0,0,0,0,0,0,1,0,0,0,0,1,0
R266951573,0,0,0,0,0,0,0,0,0,0,0,0,0,0,0,0,0,0,0,0,0
R266981814,0,0,0,0,0,0,0,0,0,0,0,0,0,0,0,0,0,0,0,0,0
R266989784,0,0,0,0,0,0,0,0,0,0,0,0,0,0,0,0,1,0,0,1,0
R267004423,0,0,0,0,0,0,0,0,0,0,0,0,0,0,0,0,0,0,0,0,0
R267026227,0,0,0,0,0,0,0,0,0,0,0,0,0,0,0,0,0,0,0,1,0
R267069647,0,0,0,0,0,0,0,0,0,0,0,0,0,0,0,0,0,0,0,0,0
R267076749,0,0,0,0,0,0,0,0,0,0,0,0,0,0,0,0,0,0,0,1,0
R267078021,0,0,0,0,0,0,0,0,0,0,0,0,0,0,0,0,0,0,0,0,0
R267112297,0,0,0,0,0,0,0,0,0,0,0,0,0,0,0,0,0,0,0,0,0
R267145799,0,0,0,0,0,0,0,0,0,0,0,0,0,0,0,0,0,0,0,0,0
R267154938,0,0,0,0,0,0,0,0,0,0,0,1,0,0,0,0,0,0,0,0,0
R267166216,0,0,0,0,0,0,0,0,0,0,0,0,0,0,0,0,0,0,0,0,0
R267170418,0,0,0,0,0,0,0,0,0,0,0,0,0,0,0,0,0,0,0,0,0
R267185473,0,0,0,0,0,0,0,0,0,0,0,1,0,0,0,0,0,0,0,0,0
R267249834,0,0,0,0,0,0,0,0,0,0,0,1,0,0,0,0,0,0,0,0,0
R267258316,0,0,0,0,0,0,1,1,0,0,0,0,0,0,1,0,0,0,0,0,0
R267265594,0,0,0,0,0,0,0,0,0,0,0,0,0,0,0,0,0,0,0,0,0
R267281444,0,0,0,0,0,0,0,0,0,0,0,0,0,0,0,0,0,0,0,0,0
R267284141,0,0,0,0,0,0,0,0,0,0,0,0,0,0,0,0,0,0,0,0,0
R267313617,0,0,0,0,0,0,0,0,0,0,0,0,0,0,0,0,0,0,0,0,0
R267371308,0,0,0,0,0,0,0,0,0,0,0,0,0,0,0,0,0,0,0,0,0
R267417135,0,0,0,0,0,0,0,0,0,0,0,0,0,0,0,0,0,0,0,0,0
R267424772,0,0,0,0,0,0,0,0,0,0,0,0,0,0,0,0,0,0,0,0,0
R267443478,0,0,0,0,0,0,0,0,0,0,0,0,0,0,0,0,0,0,0,0,0
R267446615,0,0,0,0,0,0,0,0,0,0,0,0,0,0,1,0,0,0,0,0,0
R267451620,0,0,0,0,0,0,1,1,0,0,0,0,0,0,0,0,0,0,0,0,0
R267464373,0,0,0,0,0,0,0,0,0,0,0,0,0,0,0,0,0,0,0,0,0
R267465917,0,0,0,0,0,0,0,0,0,0,0,0,0,0,0,0,0,0,0,0,0
R267467917,0,0,0,0,0,0,1,1,0,0,0,1,0,0,0,0,0,0,0,0,0
R267494178,0,0,0,0,0,0,0,0,0,0,0,0,0,0,0,0,0,0,0,0,0
R267503566,0,0,0,0,0,0,0,1,0,0,0,1,0,1,1,0,0,0,0,0,0
R267524724,0,0,0,0,0,0,0,0,0,0,0,0,0,0,0,1,0,0,0,1,0
R267545854,0,0,0,0,0,0,0,1,0,0,0,0,0,1,0,1,1,0,0,1,0
R267555641,0,0,0,0,0,0,0,0,0,0,0,0,0,0,0,0,0,0,0,0,0
R267667173,0,0,0,0,0,0,0,0,0,0,0,0,0,0,1,0,0,0,1,0,0
R267741851,0,0,0,0,0,0,0,0,0,0,0,0,0,0,0,0,0,0,0,0,0
R267775440,0,0,0,0,0,0,0,0,0,0,0,0,0,0,0,0,0,0,0,0,0
R267793591,0,0,0,0,0,0,0,0,0,0,0,0,0,0,0,0,0,0,0,0,0
R267810650,0,0,0,0,0,0,0,0,0,0,0,1,0,0,0,0,0,0,0,0,0
R267838801,0,0,0,0,0,0,0,0,0,0,0,0,0,0,0,0,0,0,0,0,0
R267850370,0,0,0,0,0,0,1,1,0,1,0,0,0,0,0,1,1,0,0,1,0
R267876373,0,0,0,0,0,0,0,0,0,0,0,0,0,0,0,0,0,0,0,0,0
R267903033,0,0,0,0,0,0,0,0,0,0,0,0,0,0,0,0,0,0,0,0,0
R267925122,0,0,0,0,0,0,0,0,0,0,0,0,0,0,0,0,0,0,0,0,0
R267959804,0,0,0,0,0,0,0,0,0,0,0,0,0,0,0,0,0,0,0,0,0
R267964577,0,0,0,0,0,0,0,0,0,0,0,0,0,0,0,0,0,0,0,0,0
R268014238,0,0,0,0,0,0,0,0,0,0,0,0,0,0,0,0,0,0,0,0,0
R268015474,0,0,0,0,0,0,0,0,0,0,0,0,0,0,0,0,0,0,0,0,0
R268056264,0,0,0,0,0,0,0,0,0,0,0,1,0,0,0,0,0,0,0,0,0
R268089849,0,0,0,0,0,0,0,0,0,0,0,1,0,0,0,0,0,0,0,0,0
R268112723,0,0,0,0,0,0,1,1,0,0,0,1,0,0,0,0,0,0,0,0,0
R268138578,0,0,0,0,0,0,0,0,0,0,0,0,0,0,0,1,0,0,0,1,0
R268142310,0,0,0,0,0,0,0,0,0,0,0,0,0,0,0,0,0,0,0,0,0
R268196085,0,0,0,0,0,0,0,0,0,0,0,0,0,0,0,0,0,0,0,0,0
R268237237,0,0,0,0,0,0,0,0,0,0,0,0,0,0,0,0,0,0,0,0,0
R268247810,0,0,0,0,0,0,0,0,0,0,0,0,0,0,0,0,0,0,0,0,0
R268259587,0,0,0,0,0,0,0,0,0,0,0,1,0,0,0,0,1,0,0,1,0
R268272257,0,0,0,0,0,0,0,0,0,0,0,0,0,0,1,0,0,0,0,0,0
R268298487,0,0,0,0,0,0,1,1,0,1,0,1,0,0,1,1,0,0,0,0,0
R268316177,0,0,0,0,0,0,0,0,0,0,0,0,0,0,0,0,0,0,0,0,0
R268348999,0,0,0,0,0,0,0,0,0,0,0,0,0,0,0,0,0,0,0,0,0
R268366483,0,0,0,0,0,0,1,1,0,1,0,0,0,0,0,1,0,0,0,0,0
R268378882,0,0,0,0,0,0,0,0,0,0,0,1,0,0,1,0,0,0,0,0,0
R268380027,0,0,0,0,0,0,1,1,0,0,0,1,0,0,1,0,0,0,1,0,0
R268381664,0,0,0,0,0,0,0,0,0,0,0,0,0,0,0,0,0,0,0,0,0
R268390115,0,0,0,0,0,0,0,0,0,0,0,1,0,0,0,0,0,0,0,0,0
R268405255,0,0,0,0,0,0,0,0,0,0,0,0,0,0,0,0,0,0,0,0,0
R268409650,0,0,0,0,0,0,0,0,0,0,0,0,0,0,0,0,0,0,0,0,0
R268415441,0,0,0,0,0,0,0,0,0,0,0,0,0,0,0,0,0,0,0,0,0
R268418052,0,0,0,0,0,0,0,0,0,0,0,1,0,0,0,0,0,0,0,0,0
R268425925,0,0,0,0,0,0,0,1,0,0,0,1,0,0,1,0,0,0,1,0,0
R268427844,0,0,0,0,0,0,1,1,0,0,0,1,0,0,1,0,0,0,0,0,0
R268435864,0,0,0,0,0,0,0,0,0,0,0,0,0,0,0,0,0,0,0,0,0
R268454342,0,0,0,0,0,0,0,0,0,0,0,0,0,0,0,0,0,0,0,0,0
R268479194,0,0,0,0,0,0,0,0,0,0,0,0,0,0,0,0,0,0,0,0,0
R268491237,0,0,0,0,0,0,0,0,0,0,0,1,0,0,0,0,0,0,0,0,0
R268498203,0,0,0,0,0,0,0,0,0,0,0,0,0,0,0,0,0,0,0,0,0
R268513044,0,0,0,0,0,0,0,0,0,0,0,0,0,0,0,0,0,0,0,0,0
R268560970,0,0,0,0,0,0,0,0,0,0,0,0,0,0,0,0,0,0,0,0,0
R268561247,0,0,0,0,0,0,0,0,0,0,0,0,0,0,0,0,0,0,0,0,0
R268568514,0,0,0,0,0,0,0,0,0,0,0,0,0,0,0,0,0,0,0,0,0
R268625105,0,0,0,0,0,0,0,0,0,0,0,0,0,0,0,0,0,0,0,0,0
R268638937,0,0,0,0,0,0,0,0,0,0,0,0,0,0,0,0,0,0,0,0,0
R268656610,0,0,0,0,0,0,0,0,0,0,0,0,0,0,0,0,0,0,0,0,0
R268672035,0,0,0,0,0,0,0,0,0,0,0,0,0,0,0,0,0,0,0,0,0
R268729007,0,0,0,0,0,0,1,1,0,0,0,0,0,0,0,0,0,0,0,0,0
R268767639,0,0,0,0,0,0,0,0,0,0,0,1,0,0,0,0,0,0,0,0,0
R268809307,0,0,0,0,0,0,0,0,0,0,0,0,0,0,0,0,0,0,0,0,0
R268832955,0,0,0,0,0,0,0,0,0,0,0,0,0,0,0,0,0,0,0,0,0
R268838682,0,0,0,0,0,0,0,0,0,0,0,0,0,0,1,0,0,0,1,0,0
R268856856,0,0,0,0,0,0,0,0,0,0,0,0,0,0,0,0,0,0,0,0,0
R268867448,0,0,0,0,0,0,0,0,0,0,0,0,0,0,0,0,0,0,0,0,0
R268882046,0,0,0,0,0,0,0,0,0,0,0,0,0,0,0,0,0,0,0,0,0
R268883477,0,0,0,0,0,0,0,0,0,0,0,0,0,0,0,0,0,0,0,0,0
R268920642,0,0,0,0,0,0,0,0,0,0,0,0,0,0,0,0,0,0,0,0,0
R268934203,0,0,0,0,0,0,0,0,0,0,0,0,0,0,0,0,0,0,0,0,0
R269016737,0,0,0,0,0,0,0,0,0,0,0,0,0,0,0,1,0,0,0,0,0
R269019964,0,0,0,0,0,0,0,0,0,0,0,0,0,0,0,1,0,0,0,0,0
R269029233,0,0,0,0,0,0,0,0,0,0,0,0,0,0,0,0,0,0,0,0,0
R269052321,0,0,0,0,0,0,0,0,0,0,0,1,0,0,0,0,0,0,0,0,0
R269055436,0,0,0,0,0,0,0,0,0,0,0,0,0,0,1,0,0,0,0,0,0
R269059784,0,0,0,0,0,0,0,0,0,0,0,0,0,0,0,0,1,0,0,1,0
R269076461,0,0,0,0,0,0,0,0,0,0,0,0,0,0,0,0,0,0,0,0,0
R269085702,0,0,0,0,0,0,0,0,0,0,0,0,0,0,0,0,0,0,0,0,0
R269092834,0,0,0,0,0,0,0,0,0,0,0,0,0,0,0,0,0,0,0,0,0
R269106713,0,0,0,0,0,0,0,0,0,0,0,0,0,0,0,0,0,0,0,0,0
R269110700,0,0,0,0,0,0,0,0,0,0,0,1,0,0,0,0,0,0,0,0,0
R269155102,0,0,0,0,0,0,0,0,0,0,0,0,0,0,0,0,0,0,0,0,0
R269168833,0,0,0,0,0,0,0,0,0,0,0,0,0,0,1,0,0,0,1,0,0
R269174664,0,0,0,0,0,0,0,0,0,0,0,0,0,0,0,0,0,0,0,0,0
R269207005,0,0,0,0,0,0,0,0,0,0,0,0,0,0,0,0,0,0,0,0,0
R269214564,0,0,0,0,0,0,0,0,0,0,0,0,0,0,0,0,0,0,0,0,0
R269215932,0,0,0,0,0,0,0,0,0,0,0,0,0,0,0,0,0,0,0,0,0
R269218779,0,0,0,0,0,0,1,1,0,0,0,1,0,0,1,1,1,0,0,1,0
R269219740,0,0,0,0,0,0,0,0,0,0,0,1,0,0,0,0,0,0,0,0,0
R269242781,0,0,0,0,0,0,0,0,0,0,0,0,0,0,0,0,0,0,0,0,0
R269264191,0,0,0,0,0,0,0,0,0,0,0,0,0,0,0,0,0,0,0,0,0
R269289153,0,0,0,0,0,0,0,0,0,0,0,0,0,0,0,0,0,0,0,1,0
R269353723,0,0,0,0,0,0,0,0,0,0,0,0,0,0,0,0,0,0,0,0,0
R269359250,0,0,0,0,0,0,0,0,0,0,0,0,0,0,0,0,0,0,0,0,0
R269368852,0,0,0,0,0,0,0,0,0,0,0,0,0,0,0,0,0,0,0,0,0
R269439663,0,0,0,0,0,0,0,0,0,0,0,0,0,0,0,0,0,0,0,0,0
R269454542,0,0,0,0,0,0,0,0,0,0,0,0,0,0,0,0,0,0,0,0,0
R269455791,0,0,0,0,0,0,0,0,0,0,0,0,0,0,0,0,0,0,0,0,0
R269494457,0,0,0,0,0,0,0,0,0,0,0,0,0,0,0,0,0,0,0,0,0
R269512556,0,0,0,0,0,0,0,0,0,0,0,0,0,0,0,0,0,0,0,0,0
R269519913,0,0,0,0,0,0,0,0,0,0,0,0,0,0,0,0,0,0,0,0,0
R269522028,0,0,0,0,0,0,0,0,0,0,0,0,0,0,0,0,0,0,0,0,0
R269544866,0,0,0,0,0,0,0,0,0,0,0,0,0,0,0,0,0,0,0,0,0
R269596280,0,0,0,0,0,0,0,1,0,1,0,0,0,0,1,1,0,0,0,1,0
R269611601,0,0,0,0,0,0,0,0,0,0,0,0,0,0,0,0,0,0,0,0,0
R269642775,0,0,0,0,0,0,0,0,0,0,0,0,0,0,0,0,0,0,0,0,0
R269655540,0,0,0,0,0,0,1,1,0,1,0,1,0,0,1,1,0,0,1,0,0
R269673625,0,0,0,0,0,0,0,0,0,0,0,0,0,0,1,0,0,0,1,0,0
R269676849,0,0,0,0,0,0,0,0,0,0,0,0,0,0,0,0,0,0,0,0,0
R269701302,0,0,0,0,0,0,0,1,0,0,0,1,0,1,0,1,0,0,0,0,0
R269722768,0,0,0,0,0,0,0,0,0,0,0,0,0,0,0,0,0,0,0,0,0
R269740766,0,0,0,0,0,0,0,0,0,0,0,0,0,0,0,0,0,0,0,0,0
R269756846,0,0,0,0,0,0,0,0,0,0,0,0,0,0,0,0,0,0,0,0,0
R269760002,0,0,0,0,0,0,1,1,0,1,0,0,0,0,0,1,0,0,0,0,0
R269762510,0,0,0,0,0,0,0,0,0,0,0,0,0,0,0,0,0,0,0,0,0
R269826495,0,0,0,0,0,0,1,1,0,1,0,0,0,0,0,1,0,0,0,0,0
R269833495,0,0,0,0,0,0,0,0,0,0,0,0,0,0,0,0,0,0,0,0,0
R269834231,0,0,0,0,0,0,0,0,0,0,0,0,0,0,0,0,0,0,0,0,0
R269839254,0,0,0,0,0,0,0,0,0,0,0,0,0,0,0,0,0,0,0,0,0
R269907484,0,0,0,0,0,0,0,0,0,0,0,0,0,0,0,0,0,0,0,0,0
R269908753,0,0,0,0,0,0,0,1,0,0,0,0,0,1,0,0,0,0,0,0,0
R269944530,0,0,0,0,0,0,0,0,0,0,0,0,0,0,0,0,0,0,0,0,0
R269956709,0,0,0,0,0,0,0,0,0,0,0,0,0,0,1,0,0,0,0,0,0
R269977225,0,0,0,0,0,0,0,1,0,0,0,1,0,1,0,1,0,0,0,0,0
R269983718,0,0,0,0,0,0,0,0,0,0,0,0,0,0,0,0,0,0,0,0,0
R270008854,0,0,0,0,0,0,1,1,0,0,0,0,0,0,1,0,0,0,0,0,0
R270019658,0,0,0,0,0,0,0,1,0,0,0,1,0,0,0,1,0,0,0,0,0
R270022589,0,0,0,0,0,0,0,0,0,0,0,0,0,0,0,0,0,0,0,0,0
R270031532,0,0,0,0,0,0,0,0,0,0,0,0,0,0,0,0,0,0,0,0,0
R270053014,0,0,0,0,0,0,0,0,0,0,0,0,0,0,0,1,0,0,0,0,0
R270053199,0,0,0,0,0,0,0,0,0,0,0,0,0,0,0,0,0,0,0,0,0
R270062697,0,0,0,0,0,0,0,0,0,0,0,1,0,0,0,0,0,0,0,0,0
R270073157,0,0,0,0,0,0,0,0,0,0,0,0,0,0,0,0,0,0,0,0,0
R270097352,0,0,0,0,0,0,0,0,0,0,0,0,0,0,0,0,0,0,0,0,0
R270111115,0,0,0,0,0,0,0,0,0,0,0,0,0,0,0,0,0,0,0,0,0
R270128949,0,0,0,0,0,0,0,0,0,0,0,0,0,0,0,0,0,0,0,0,0
R270149066,0,0,0,0,0,0,0,0,0,0,0,0,0,0,0,0,0,0,0,0,0
R270180163,0,0,0,0,0,0,1,1,0,0,0,1,0,0,0,0,0,0,0,0,0
R270211582,0,0,0,0,0,0,0,0,0,0,0,0,0,0,0,0,0,0,0,0,0
R270236389,0,0,0,0,0,0,0,0,0,0,0,0,0,0,0,0,0,0,0,0,0
R270244497,0,0,0,0,0,0,0,0,0,0,0,0,0,0,0,1,0,0,0,0,0
R270257876,0,0,0,0,0,0,0,0,0,0,0,0,0,0,0,0,0,0,0,0,0
R270257915,0,0,0,0,0,0,0,0,0,0,0,0,0,0,0,0,0,0,0,0,0
R270272772,0,0,0,0,0,0,0,0,0,0,0,1,0,0,1,1,0,0,0,0,0
R270292600,0,0,0,0,0,0,0,0,0,0,0,0,0,0,0,0,0,0,0,0,0
R270313148,0,0,0,0,0,0,0,0,0,0,0,0,0,0,0,0,0,0,0,0,0
R270330054,0,0,0,0,0,0,0,0,0,0,0,0,0,0,0,0,0,0,0,0,0
R270342139,0,0,0,0,0,0,0,0,0,0,0,0,0,0,1,0,0,0,1,0,0
R270348843,0,0,0,0,0,0,0,0,0,0,0,0,0,0,0,0,0,0,0,0,0
R270378919,0,0,0,0,0,0,0,0,0,0,0,1,0,0,0,0,0,0,0,1,0
R270390685,0,0,0,0,0,0,0,0,0,0,0,0,0,0,0,1,0,0,0,0,0
R270401949,0,0,0,0,0,0,0,0,0,0,0,0,0,0,0,0,0,0,0,0,0
R270408216,0,0,0,0,0,0,1,1,0,0,0,0,0,0,1,0,1,0,1,1,0
R270417219,0,0,0,0,0,0,0,0,0,0,0,0,0,0,0,0,0,0,0,0,0
R270456837,0,0,0,0,0,0,0,0,0,0,0,0,0,0,0,0,0,0,0,0,0
R270461192,0,0,0,0,0,0,0,0,0,0,0,1,0,0,0,0,0,0,0,0,0
R270492010,0,0,0,0,0,0,0,0,0,0,0,0,0,0,0,0,0,0,0,0,0
R270503295,0,0,0,0,0,0,0,0,0,0,0,0,0,0,0,0,0,0,0,0,0
R270507236,0,0,0,0,0,0,0,0,0,0,0,0,0,0,0,0,0,0,0,0,0
R270514410,0,0,0,0,0,0,0,1,0,1,0,0,0,0,0,1,0,0,0,0,0
R270543526,0,0,0,0,0,0,1,1,0,1,0,0,0,0,1,1,0,0,1,0,0
R270546546,0,0,0,0,0,0,0,0,0,0,0,0,0,0,0,0,0,0,0,0,0
R270584487,0,0,0,0,0,0,0,0,0,0,0,0,0,0,0,0,0,0,0,0,0
R270668365,0,0,0,0,0,0,0,0,0,0,0,1,0,0,0,0,0,0,0,0,0
R270685419,0,0,0,0,0,0,0,0,0,0,0,0,0,0,0,0,0,0,0,0,0
R270693728,0,0,0,0,0,0,0,0,0,0,0,0,0,0,0,0,0,0,0,0,0
R270693978,0,0,0,0,0,0,0,0,0,0,0,0,0,0,0,0,0,0,0,0,0
R270694822,0,0,0,0,0,0,1,1,0,1,0,0,0,0,1,1,0,0,1,0,0
R270697919,0,0,0,0,0,0,0,0,0,0,0,0,0,0,0,0,0,0,0,0,0
R270761451,0,0,0,0,0,0,0,0,0,0,0,0,0,0,0,0,0,0,0,0,0
R270794136,0,0,0,0,0,0,0,0,0,0,0,0,0,0,0,0,0,0,0,0,0
R270804551,0,0,0,0,0,0,0,0,0,0,0,0,0,0,0,0,0,0,0,0,0
R270816141,0,0,0,0,0,0,0,0,0,0,0,0,0,0,0,0,0,0,0,0,0
R270822203,0,0,0,0,0,0,0,0,0,0,0,0,0,0,0,0,0,0,0,0,0
R270823838,0,0,0,0,0,0,0,0,0,0,0,0,0,0,0,0,0,0,0,0,0
R270825134,0,0,0,0,0,0,0,0,0,0,0,0,0,0,0,0,0,0,0,0,0
R270828373,0,0,0,0,0,0,0,0,0,0,0,0,0,0,0,0,0,0,0,0,0
R270832056,0,0,0,0,0,0,0,0,0,0,0,0,0,0,0,0,0,0,0,0,0
R270860966,0,0,0,0,0,0,0,0,0,0,0,0,0,0,0,0,0,0,0,0,0
R270880282,0,0,0,0,0,0,0,0,0,0,0,0,0,0,0,0,0,0,0,0,0
R270883588,0,0,0,0,0,0,0,0,0,0,0,0,0,0,0,0,0,0,0,0,0
R270913170,0,0,0,0,0,0,0,0,0,0,0,1,0,0,0,1,0,0,0,0,0
R270933115,0,0,0,0,0,0,0,0,0,0,0,0,0,0,0,0,0,0,0,0,0
R270955301,0,0,0,0,0,0,0,0,0,0,0,0,0,0,0,0,0,0,0,0,0
R271005901,0,0,0,0,0,0,0,0,0,0,0,0,0,0,0,0,0,0,0,0,0
R271013022,0,0,0,0,0,0,0,0,0,0,0,0,0,0,1,0,0,0,1,0,0
R271069060,0,0,0,0,0,0,0,0,0,0,0,0,0,0,0,0,0,0,0,0,0
R271087573,0,0,0,0,0,0,0,0,0,0,0,0,0,0,0,1,0,0,0,0,0
R271096223,0,0,0,0,0,0,0,0,0,0,0,0,0,0,0,0,0,0,0,0,0
R271115438,0,0,0,0,0,0,0,0,0,0,0,0,0,0,0,0,0,0,0,0,0
R271125359,0,0,0,0,0,0,0,0,0,0,0,0,0,0,0,0,0,0,0,0,0
R271141501,0,0,0,0,0,0,0,0,0,0,0,0,0,0,0,1,0,0,0,0,0
R271160264,0,0,0,0,0,0,0,0,0,0,0,1,0,0,0,0,0,0,0,0,0
R271189904,0,0,0,0,0,0,0,0,0,0,0,0,0,0,1,0,0,0,1,0,0
R271215872,0,0,0,0,0,0,0,0,0,0,0,1,0,0,1,0,0,0,0,0,0
R271243183,0,0,0,0,0,0,0,0,0,0,0,0,0,0,0,0,0,0,0,0,0
R271261196,0,0,0,0,0,0,0,0,0,0,0,0,0,0,0,0,0,0,0,0,0
R271266115,0,0,0,0,0,0,0,0,0,0,0,0,0,0,0,0,0,0,0,0,0
R271292395,0,0,0,0,0,0,0,0,0,0,0,0,0,0,0,0,0,0,0,0,0
R271369571,0,0,0,0,0,0,0,0,0,0,0,0,0,0,0,0,0,0,0,0,0
R271379473,0,0,0,0,0,0,0,0,0,0,0,0,0,0,0,0,0,0,0,0,0
R271383584,0,0,0,0,0,0,0,0,0,0,0,0,0,0,0,0,0,0,0,0,0
R271390903,0,0,0,0,0,0,1,1,0,0,0,0,0,0,0,0,0,0,0,0,0
R271395479,0,0,0,0,0,0,0,0,0,0,0,0,0,0,0,0,0,0,0,0,0
R271405975,0,0,0,0,0,0,0,0,0,0,0,0,0,0,0,0,0,0,0,0,0
R271408462,0,0,0,0,0,0,0,0,0,0,0,0,0,0,0,0,0,0,0,0,0
R271424777,0,0,0,0,0,0,0,1,0,0,0,1,0,0,0,0,0,0,0,0,0
R271429366,0,0,0,0,0,0,0,0,0,0,0,0,0,0,0,0,0,0,0,0,0
R271433498,0,0,0,0,0,0,0,0,0,0,0,0,0,0,0,0,0,0,0,0,0
R271461381,0,0,0,0,0,0,0,0,0,0,0,1,0,0,0,0,0,0,0,0,0
R271463839,0,0,0,0,0,0,0,0,0,0,0,0,0,0,0,0,0,0,0,0,0
R271475426,0,0,0,0,0,0,0,0,0,0,0,0,0,0,0,0,0,0,0,0,0
R271486751,0,0,0,0,0,0,1,1,0,1,0,0,0,0,0,1,0,0,0,0,0
R271489480,0,0,0,0,0,0,0,0,0,0,0,1,0,0,0,0,0,0,0,0,0
R271490418,0,0,0,0,0,0,0,0,0,0,0,0,0,0,0,0,0,0,0,0,0
R271495736,0,0,0,0,0,0,0,0,0,0,0,0,0,0,0,0,0,0,0,0,0
R271522063,0,0,0,0,0,0,0,0,0,0,0,0,0,0,0,0,0,0,0,0,0
R271536729,0,0,0,0,0,0,0,0,0,0,0,0,0,0,0,0,0,0,0,0,0
R271575682,0,0,0,0,0,0,1,1,0,1,0,0,0,0,1,1,0,0,1,0,0
R271595771,0,0,0,0,0,0,0,0,0,0,0,1,0,0,0,0,0,0,0,0,0
R271614851,0,0,0,0,0,0,0,0,0,0,0,0,0,0,0,0,0,0,0,0,0
R271617234,0,0,0,0,0,0,0,0,0,0,0,0,0,0,0,0,0,0,0,0,0
R271640834,0,0,0,0,0,0,0,0,0,0,0,0,0,0,0,0,0,0,0,0,0
R271659300,0,0,0,0,0,0,0,0,0,0,0,1,0,0,1,0,0,0,1,0,0
R271678608,0,0,0,0,0,0,0,0,0,0,0,1,0,0,0,0,0,0,0,0,0
R271683875,0,0,0,0,0,0,0,0,0,0,0,0,0,0,0,0,0,0,0,0,0
R271686745,0,0,0,0,0,0,0,0,0,0,0,0,0,0,0,0,0,0,0,0,0
R271737157,0,0,0,0,0,0,1,1,0,0,0,0,0,0,1,0,0,0,0,0,0
R271756672,0,0,0,0,0,0,0,0,0,0,0,0,0,0,0,0,0,0,0,0,0
R271790835,0,0,0,0,0,0,1,1,0,1,0,0,0,0,1,1,0,0,1,1,0
R271798856,0,0,0,0,0,0,0,0,0,0,0,0,0,0,0,0,0,0,0,0,0
R271819498,0,0,0,0,0,0,0,0,0,0,0,0,0,0,0,0,0,0,0,0,0
R271836788,0,0,0,0,0,0,0,0,0,0,0,0,0,0,0,0,0,0,0,0,0
R271837113,0,0,0,0,0,0,0,0,0,0,0,1,0,0,0,1,0,0,0,0,0
R271840196,0,0,0,0,0,0,0,0,0,0,0,0,0,0,0,0,0,0,0,0,0
R271861043,0,0,0,0,0,0,0,0,0,0,0,0,0,0,0,0,0,0,0,0,0
R271863910,0,0,0,0,0,0,0,0,0,0,0,0,0,0,0,0,0,0,0,0,0
R271869075,0,0,0,0,0,0,0,0,0,0,0,0,0,0,0,0,0,0,0,0,0
R271877346,0,0,0,0,0,0,0,0,0,0,0,0,0,0,0,0,0,0,0,0,0
R271882325,0,0,0,0,0,0,0,0,0,0,0,1,0,0,0,0,0,0,0,0,0
R271941391,0,0,0,0,0,0,0,0,0,0,0,0,0,0,0,0,0,0,0,0,0
R271982202,0,0,0,0,0,0,0,0,0,0,0,0,0,0,0,0,0,0,0,0,0
R271988284,0,0,0,0,0,0,0,0,0,0,0,0,0,0,0,0,0,0,0,0,0
R272001715,0,0,0,0,0,0,1,1,0,1,0,0,0,0,0,1,0,0,0,0,0
R272026434,0,0,0,0,0,0,0,0,0,0,0,0,0,0,0,0,0,0,0,0,0
R272032618,0,0,0,0,0,0,0,0,0,0,0,0,0,0,0,0,0,0,0,0,0
R272071996,0,0,0,0,0,0,0,1,0,0,0,1,0,0,0,0,0,0,0,0,0
R272096443,0,0,0,0,0,0,0,0,0,0,0,0,0,0,0,0,0,0,0,1,0
R272099259,0,0,0,0,0,0,0,0,0,0,0,0,0,0,0,0,0,0,0,0,0
R272099456,0,0,0,0,0,0,0,0,0,0,0,0,0,0,0,0,0,0,0,0,0
R272104333,0,0,0,0,0,0,1,1,0,0,0,0,0,0,1,1,0,0,1,1,0
R272139831,0,0,0,0,0,0,0,0,0,0,0,0,0,0,0,0,0,0,0,0,0
R272170099,0,0,0,0,0,0,0,0,0,0,0,1,0,0,0,0,0,0,0,0,0
R272207950,0,0,0,0,0,0,0,0,0,0,0,0,0,0,1,0,1,0,1,1,0
R272216527,0,0,0,0,0,0,0,0,0,0,0,0,0,0,0,0,0,0,0,0,0
R272250698,0,0,0,0,0,0,0,0,0,0,0,0,0,0,0,0,0,0,0,0,0
R272301277,0,0,0,0,0,0,0,1,0,0,0,1,0,0,0,1,0,0,0,0,0
R272322486,0,0,0,0,0,0,0,0,0,0,0,0,0,0,0,0,0,0,0,0,0
R272343029,0,0,0,0,0,0,0,0,0,0,0,0,0,0,0,0,0,0,0,0,0
R272391103,0,0,0,0,0,0,0,0,0,0,0,0,0,0,0,0,0,0,0,0,0
R272392188,0,0,0,0,0,0,0,0,0,0,0,0,0,0,0,0,0,0,0,0,0
R272415216,0,0,0,0,0,0,0,0,0,0,0,0,0,0,0,0,0,0,0,0,0
R272432938,0,0,0,0,0,0,0,0,0,0,0,0,0,0,0,0,0,0,0,0,0
R272444235,0,0,0,0,0,0,0,0,0,0,0,0,0,0,0,0,0,0,0,0,0
R272455721,0,0,0,0,0,0,0,0,0,0,0,1,0,0,0,1,0,0,0,0,0
R272480037,0,0,0,0,0,0,0,0,0,0,0,0,0,0,0,0,0,0,0,0,0
R272494233,0,0,0,0,0,0,1,1,0,0,0,0,0,0,0,0,0,0,0,0,0
R272525846,0,0,0,0,0,0,0,0,0,0,0,0,0,0,0,0,0,0,0,0,0
R272551707,0,0,0,0,0,0,0,0,0,0,0,0,0,0,0,0,0,0,0,0,0
R272561576,0,0,0,0,0,0,0,0,0,1,0,0,0,0,1,1,0,0,1,0,0
R272562485,0,0,0,0,0,0,0,0,0,0,0,0,0,0,0,0,0,0,0,0,0
R272588927,0,0,0,0,0,0,0,0,0,0,0,0,0,0,0,0,0,0,0,0,0
R272615391,0,0,0,0,0,0,0,0,0,0,0,0,0,0,0,0,0,0,0,0,0
R272617260,0,0,0,0,0,0,0,0,0,0,0,0,0,0,0,0,0,0,0,1,0
R272623859,0,0,0,0,0,0,1,1,0,0,0,1,0,0,0,0,0,0,0,0,0
R272643211,0,0,0,0,0,0,0,1,0,0,0,1,0,1,0,0,0,0,0,0,0
R272643776,0,0,0,0,0,0,0,0,0,0,0,0,0,0,0,0,0,0,0,0,0
R272648040,0,0,0,0,0,0,1,1,0,1,0,1,0,0,1,1,0,0,0,0,0
R272649181,0,0,0,0,0,0,0,0,0,0,0,1,0,0,0,0,1,0,0,1,0
R272708926,0,0,0,0,0,0,0,0,0,0,0,0,0,0,1,0,1,0,0,1,0
R272719451,0,0,0,0,0,0,0,0,0,0,0,0,0,0,1,0,0,0,0,0,0
R272725389,0,0,0,0,0,0,0,0,0,0,0,0,0,0,0,0,0,0,0,0,0
R272746557,0,0,0,0,0,0,0,0,0,0,0,1,0,0,0,0,0,0,0,0,0
R272748930,0,0,0,0,0,0,0,0,0,0,0,0,0,0,0,0,0,0,0,0,0
R272757434,0,0,0,0,0,0,0,0,0,0,0,0,0,0,0,0,0,0,0,0,0
R272770687,0,0,0,0,0,0,0,0,0,0,0,0,0,0,0,0,0,0,0,0,0
R272776050,0,0,0,0,0,0,0,0,0,0,0,0,0,0,0,0,0,0,0,0,0
R272786375,0,0,0,0,0,0,1,1,0,0,0,1,0,0,0,0,0,0,0,0,0
R272794865,0,0,0,0,0,0,0,0,0,0,0,0,0,0,1,0,0,0,1,0,0
R272799808,0,0,0,0,0,0,0,0,0,0,0,0,0,0,0,0,0,0,0,0,0
R272820820,0,0,0,0,0,0,0,1,0,0,0,1,0,1,0,0,0,0,0,0,0
R272853915,0,0,0,0,0,0,0,0,0,0,0,0,0,0,0,0,0,0,0,0,0
R272906612,0,0,0,0,0,0,0,0,0,0,0,0,0,0,0,0,0,0,0,0,0
R272958327,0,0,0,0,0,0,0,0,0,0,0,0,0,0,0,0,0,0,0,0,0
R272965872,0,0,0,0,0,0,0,0,0,0,0,0,0,0,0,0,0,0,0,0,0
R272972958,0,0,0,0,0,0,0,0,0,0,0,0,0,0,0,0,0,0,0,0,0
R272973042,0,0,0,0,0,0,0,0,0,0,0,0,0,0,0,0,0,0,0,0,0
R273004846,0,0,0,0,0,0,0,0,0,0,0,0,0,0,1,0,0,0,0,0,0
R273051797,0,0,0,0,0,0,0,0,0,1,0,1,0,0,0,1,0,0,0,0,0
R273065336,0,0,0,0,0,0,0,0,0,0,0,0,0,0,0,0,0,0,0,0,0
R273073161,0,0,0,0,0,0,0,0,0,0,0,1,0,0,0,0,0,0,0,0,0
R273111173,0,0,0,0,0,0,0,0,0,0,0,0,0,0,0,0,0,0,0,0,0
R273120031,0,0,0,0,0,0,0,0,0,0,0,0,0,0,0,0,0,0,0,0,0
R273153308,0,0,0,0,0,0,0,0,0,0,0,0,0,0,0,0,0,0,0,0,0
R273184930,0,0,0,0,0,0,0,0,0,0,0,0,0,0,0,0,0,0,0,0,0
R273186162,0,0,0,0,0,0,0,0,0,0,0,0,0,0,0,0,0,0,0,0,0
R273204284,0,0,0,0,0,0,0,0,0,0,0,0,0,0,0,0,0,0,0,0,0
R273229782,0,0,0,0,0,0,0,0,0,0,0,0,0,0,0,0,0,0,0,1,0
R273254681,0,0,0,0,0,0,1,1,0,0,0,0,0,0,0,0,0,0,0,0,0
R273263093,0,0,0,0,0,0,1,1,0,1,0,0,0,0,1,1,0,0,0,0,0
R273281645,0,0,0,0,0,0,0,0,0,0,0,0,0,0,0,0,0,0,0,0,0
R273287043,0,0,0,0,0,0,1,1,0,0,0,0,0,0,1,0,0,0,1,0,0
R273288486,0,0,0,0,0,0,1,1,0,0,0,1,0,0,0,0,0,0,0,0,0
R273291935,0,0,0,0,0,0,0,0,0,1,0,0,0,0,1,1,0,0,0,0,0
R273294867,0,0,0,0,0,0,0,0,0,0,0,0,0,0,0,0,0,0,0,0,0
R273310625,0,0,0,0,0,0,0,0,0,0,0,0,0,0,0,0,0,0,0,0,0
R273314315,0,0,0,0,0,0,0,0,0,0,0,0,0,0,0,0,0,0,0,0,0
R273373841,0,0,0,0,0,0,0,0,0,0,0,0,0,0,0,1,0,0,0,0,0
R273397663,0,0,0,0,0,0,0,0,0,0,0,0,0,0,0,0,0,0,0,0,0
R273415649,0,0,0,0,0,0,0,0,0,0,0,1,0,0,0,0,0,0,0,0,0
R273421163,0,0,0,0,0,0,0,0,0,0,0,0,0,0,0,0,0,0,0,0,0
R273456066,0,0,0,0,0,0,1,1,0,0,0,1,0,1,0,0,0,0,0,0,0
R273457970,0,0,0,0,0,0,0,0,0,0,0,0,0,0,0,0,0,0,0,0,0
R273473378,0,0,0,0,0,0,0,0,0,0,0,0,0,0,0,0,0,0,0,0,0
R273485253,0,0,0,0,0,0,0,0,0,0,0,0,0,0,0,0,0,0,0,0,0
R273491863,0,0,0,0,0,0,0,0,0,0,0,0,0,0,0,0,0,0,0,0,0
R273495989,0,0,0,0,0,0,0,0,0,0,0,0,0,0,0,0,0,0,0,0,0
R273499560,0,0,0,0,0,0,0,0,0,0,0,0,0,0,0,0,0,0,0,0,0
R273501882,0,0,0,0,0,0,0,0,0,0,0,0,0,0,0,0,0,0,0,1,0
R273510908,0,0,0,0,0,0,0,0,0,0,0,0,0,0,0,1,0,0,0,0,0
R273533666,0,0,0,0,0,0,0,0,0,0,0,0,0,0,0,0,0,0,0,0,0
R273563587,0,0,0,0,0,0,0,0,0,0,0,0,0,0,0,0,0,0,0,0,0
R273571681,0,0,0,0,0,0,0,0,0,0,0,0,0,0,0,0,0,0,0,0,0
R273589744,0,0,0,0,0,0,0,0,0,0,0,1,0,0,0,0,0,0,0,0,0
R273591317,0,0,0,0,0,0,0,0,0,0,0,0,0,0,0,0,0,0,0,0,0
R273654347,0,0,0,0,0,0,0,0,0,0,0,0,0,0,0,0,0,0,0,0,0
R273661420,0,0,0,0,0,0,0,0,0,0,0,0,0,0,0,0,0,0,0,0,0
R273674451,0,0,0,0,0,0,0,0,0,0,0,0,0,0,0,0,0,0,0,0,0
R273698827,0,0,0,0,0,0,0,0,0,0,0,0,0,0,0,0,0,0,0,0,0
R273703591,0,0,0,0,0,0,0,0,0,0,0,0,0,0,0,0,0,0,0,0,0
R273706899,0,0,0,0,0,0,0,0,0,0,0,0,0,0,0,0,0,0,0,0,0
R273706937,0,0,0,0,0,0,0,0,0,0,0,0,0,0,0,0,0,0,0,0,0
R273708276,0,0,0,0,0,0,0,0,0,0,0,0,0,0,0,0,0,0,0,0,0
R273770619,0,0,0,0,0,0,0,0,0,0,0,0,0,0,0,0,0,0,0,0,0
R273800528,0,0,0,0,0,0,0,0,0,0,0,0,0,0,0,0,0,0,0,0,0
R273815152,0,0,0,0,0,0,0,0,0,0,0,0,0,0,0,0,0,0,0,0,0
R273828135,0,0,0,0,0,0,0,0,0,0,0,0,0,0,0,0,0,0,0,0,0
R273841954,0,0,0,0,0,0,0,0,0,0,0,0,0,0,0,0,0,0,0,0,0
R273844694,0,0,0,0,0,0,0,0,0,0,0,0,0,0,0,0,0,0,0,0,0
R273944418,0,0,0,0,0,0,0,0,0,0,0,0,0,0,1,0,0,0,1,0,0
R273949869,0,0,0,0,0,0,0,0,0,0,0,0,0,0,0,0,0,0,0,0,0
R273949891,0,0,0,0,0,0,1,1,0,0,0,1,0,0,0,0,0,0,0,0,0
R273963498,0,0,0,0,0,0,0,0,0,0,0,0,0,0,0,0,0,0,0,0,0
R273972866,0,0,0,0,0,0,0,0,0,0,0,0,0,0,0,0,0,0,0,0,0
R273992302,0,0,0,0,0,0,0,0,0,0,0,1,0,0,1,0,0,0,1,0,0
R273993252,0,0,0,0,0,0,0,0,0,0,0,0,0,0,1,0,0,0,0,1,0
R274042169,0,0,0,0,0,0,0,0,0,0,0,0,0,0,0,0,0,0,0,0,0
R274056923,0,0,0,0,0,0,0,0,0,0,0,0,0,0,0,0,0,0,0,0,0
R274062932,0,0,0,0,0,0,0,0,0,0,0,0,0,0,0,0,0,0,0,0,0
R274091725,0,0,0,0,0,0,0,0,0,0,0,0,0,0,0,0,0,0,0,0,0
R274101896,0,0,0,0,0,0,0,0,0,0,0,1,0,0,0,0,0,0,0,1,0
R274112109,0,0,0,0,0,0,0,1,0,0,0,1,0,0,0,0,1,0,0,1,0
R274115417,0,0,0,0,0,0,0,0,0,0,0,1,0,0,0,0,0,0,0,0,0
R274137723,0,0,0,0,0,0,0,0,0,0,0,0,0,0,0,0,0,0,0,0,0
R274141469,0,0,0,0,0,0,0,0,0,0,0,0,0,0,0,0,0,0,0,0,0
R274204803,0,0,0,0,0,0,0,0,0,0,0,0,0,0,0,0,0,0,0,0,0
R274234160,0,0,0,0,0,0,0,1,0,0,0,0,0,1,0,1,0,0,0,0,0
R274256205,0,0,0,0,0,0,0,0,0,0,0,0,0,0,0,0,0,0,0,1,0
R274259880,0,0,0,0,0,0,0,0,0,0,0,0,0,0,0,0,0,0,0,0,0
R274262230,0,0,0,0,0,0,0,0,0,0,0,0,0,0,0,0,0,0,0,1,0
R274266060,0,0,0,0,0,0,0,0,0,0,0,0,0,0,0,0,0,0,0,0,0
R274273797,0,0,0,0,0,0,0,0,0,0,0,0,0,0,0,0,0,0,0,0,0
R274288285,0,0,0,0,0,0,0,0,0,0,0,0,0,0,0,0,0,0,0,0,0
R274309546,0,0,0,0,0,0,0,0,0,0,0,0,0,0,0,0,0,0,0,0,0
R274327180,0,0,0,0,0,0,1,1,0,0,0,0,0,0,0,0,0,0,0,0,0
R274343756,0,0,0,0,0,0,0,0,0,0,0,1,0,0,0,0,0,0,0,0,0
R274348969,0,0,0,0,0,0,0,0,0,0,0,1,0,0,0,0,0,0,0,0,0
R274363603,0,0,0,0,0,0,0,0,0,0,0,1,0,0,0,0,0,0,0,1,0
R274364603,0,0,0,0,0,0,0,0,0,0,0,0,0,0,0,0,0,0,0,0,0
R274402121,0,0,0,0,0,0,0,0,0,0,0,0,0,0,0,1,0,0,0,0,0
R274415155,0,0,0,0,0,0,0,0,0,0,0,0,0,0,0,0,0,0,0,0,0
R274470044,0,0,0,0,0,0,0,1,0,0,0,0,0,0,0,0,0,0,0,0,0
R274478259,0,0,0,0,0,0,0,0,0,0,0,0,0,0,0,0,0,0,0,0,0
R274544227,0,0,0,0,0,0,0,0,0,0,0,1,0,0,0,0,0,0,0,0,0
R274547894,0,0,0,0,0,0,0,0,0,0,0,0,0,0,0,0,0,0,0,0,0
R274555581,0,0,0,0,0,0,1,1,0,1,0,0,0,0,1,1,0,0,1,0,0
R274615314,0,0,0,0,0,0,0,0,0,0,0,0,0,0,0,0,0,0,0,0,0
R274626108,0,0,0,0,0,0,0,0,0,0,0,1,0,0,1,0,0,0,0,0,0
R274653480,0,0,0,0,0,0,0,0,0,0,0,0,0,0,1,0,0,0,0,0,0
R274689189,0,0,0,0,0,0,0,0,0,0,0,0,0,0,0,0,0,0,0,0,0
R274717359,0,0,0,0,0,0,0,0,0,0,0,0,0,0,0,0,0,0,0,0,0
R274745474,0,0,0,0,0,0,0,0,0,0,0,0,0,0,0,0,0,0,0,0,0
R274789061,0,0,0,0,0,0,0,0,0,0,0,0,0,0,1,0,0,0,1,0,0
R274812860,0,0,0,0,0,0,0,0,0,0,0,0,0,0,0,0,0,0,0,0,0
R274829577,0,0,0,0,0,0,0,0,0,0,0,0,0,0,0,1,0,0,0,0,0
R274869574,0,0,0,0,0,0,0,0,0,0,0,0,0,0,0,0,0,0,0,0,0
R274893496,0,0,0,0,0,0,0,0,0,0,0,0,0,0,0,0,0,0,0,0,0
R274944884,0,0,0,0,0,0,0,0,0,0,0,0,0,0,0,0,0,0,0,0,0
R274987939,0,0,0,0,0,0,0,0,0,0,0,0,0,0,0,0,0,0,0,0,0
R274999319,0,0,0,0,0,0,0,0,0,0,0,0,0,0,0,1,0,0,0,0,0
R275001587,0,0,0,0,0,0,0,0,0,0,0,0,0,0,0,0,0,0,0,0,0
R275018631,0,0,0,0,0,0,0,0,0,0,0,0,0,0,0,0,0,0,0,0,0
R275048235,0,0,0,0,0,0,0,0,0,0,0,0,0,0,0,0,0,0,0,0,0
R275097266,0,0,0,0,0,0,0,0,0,0,0,0,0,0,0,1,0,0,0,0,0
R275105982,0,0,0,0,0,0,0,0,0,0,0,1,0,0,0,0,0,0,0,0,0
R275147932,0,0,0,0,0,0,0,0,0,0,0,0,0,0,0,0,0,0,0,0,0
R275167294,0,0,0,0,0,0,0,0,0,0,0,0,0,0,0,0,0,0,0,0,0
R275178339,0,0,0,0,0,0,0,0,0,0,0,0,0,0,1,0,0,0,0,0,0
R275196154,0,0,0,0,0,0,0,0,0,0,0,0,0,0,0,0,0,0,0,0,0
R275196699,0,0,0,0,0,0,0,0,0,0,0,1,0,0,0,0,0,0,0,0,0
R275199899,0,0,0,0,0,0,0,0,0,0,0,0,0,0,0,0,0,0,0,0,0
R275242686,0,0,0,0,0,0,0,1,0,0,0,0,0,0,0,1,0,0,0,0,0
R275284381,0,0,0,0,0,0,0,0,0,0,0,0,0,0,1,1,0,0,0,0,0
R275285986,0,0,0,0,0,0,0,0,0,0,0,0,0,0,0,0,0,0,0,0,0
R275302008,0,0,0,0,0,0,0,1,0,0,0,1,0,1,1,1,0,0,1,0,0
R275330683,0,0,0,0,0,0,0,1,0,0,0,1,0,1,0,1,0,0,0,0,0
R275357358,0,0,0,0,0,0,0,0,0,0,0,0,0,0,0,0,0,0,0,0,0
R275375650,0,0,0,0,0,0,1,1,0,0,0,1,0,0,1,0,0,0,0,0,0
R275381573,0,0,0,0,0,0,0,0,0,0,0,0,0,0,0,0,0,0,0,0,0
R275399077,0,0,0,0,0,0,0,0,0,0,0,0,0,0,0,0,0,0,0,0,0
R275442758,0,0,0,0,0,0,0,0,0,0,0,0,0,0,0,0,0,0,0,0,0
R275448259,0,0,0,0,0,0,0,0,0,0,0,0,0,0,0,0,0,0,0,0,0
R275456115,0,0,0,0,0,0,0,0,0,0,0,0,0,0,0,0,0,0,0,0,0
R275473787,0,0,0,0,0,0,0,1,0,0,0,1,0,0,1,0,0,0,0,0,0
R275529835,0,0,0,0,0,0,0,0,0,0,0,0,0,0,0,0,0,0,0,0,0
R275568853,0,0,0,0,0,0,0,0,0,0,0,0,0,0,0,0,0,0,0,0,0
R275583115,0,0,0,0,0,0,0,0,0,0,0,0,0,0,0,0,0,0,0,0,0
R275586644,0,0,0,0,0,0,0,0,0,0,0,0,0,0,0,0,0,0,0,0,0
R275591072,0,0,0,0,0,0,0,0,0,0,0,0,0,0,0,0,0,0,0,0,0
R275591449,0,0,0,0,0,0,1,1,0,0,0,0,0,0,0,0,0,0,0,0,0
R275597085,0,0,0,0,0,0,0,0,0,0,0,0,0,0,0,1,0,0,0,0,0
R275599576,0,0,0,0,0,0,0,0,0,0,0,0,0,0,0,0,0,0,0,0,0
R275600471,0,0,0,0,0,0,0,0,0,0,0,0,0,0,0,0,0,1,0,0,0
R275665554,0,0,0,0,0,0,0,0,0,0,0,0,0,0,0,0,0,0,0,0,0
R275667311,0,0,0,0,0,0,1,1,0,1,0,0,0,0,1,1,0,0,1,0,0
R275668244,0,0,0,0,0,0,0,0,0,0,0,0,0,0,0,0,0,0,0,0,0
R275675938,0,0,0,0,0,0,0,0,0,0,0,0,0,0,0,1,0,0,0,0,0
R275696468,0,0,0,0,0,0,0,0,0,0,0,0,0,0,0,1,0,0,0,0,0
R275707442,0,0,0,0,0,0,0,0,0,0,0,0,0,0,0,1,0,0,0,0,0
R275709753,0,0,0,0,0,0,0,0,0,0,0,0,0,0,1,0,0,0,0,0,0
R275719572,0,0,0,0,0,0,0,0,0,0,0,1,0,0,0,0,0,0,0,0,0
R275738667,0,0,0,0,0,0,0,0,0,0,0,1,0,0,1,0,0,0,1,0,0
R275743272,0,0,0,0,0,0,0,0,0,0,0,1,0,0,0,0,0,0,0,0,0
R275752396,0,0,0,0,0,0,0,0,0,0,0,0,0,0,0,0,0,0,0,0,0
R275777253,0,0,0,0,0,0,0,0,0,0,0,0,0,0,0,0,0,0,0,0,0
R275810908,0,0,0,0,0,0,0,0,0,0,0,0,0,0,0,0,0,0,0,0,0
R275846559,0,0,0,0,0,0,0,0,0,0,0,0,0,0,0,0,0,0,0,0,0
R275904235,0,0,0,0,0,0,0,0,0,0,0,0,0,0,0,0,0,0,0,0,0
R275948836,0,0,0,0,0,0,0,0,0,0,0,0,0,0,0,0,0,0,0,0,0
R275956077,0,0,0,0,0,0,0,0,0,0,0,0,0,0,0,0,0,0,0,1,0
R275964197,0,0,0,0,0,0,0,0,0,0,0,0,0,0,0,0,0,0,0,0,0
R275972576,0,0,0,0,0,0,0,0,0,0,0,0,0,0,1,0,0,0,0,0,0
R275975519,0,0,0,0,0,0,0,0,0,0,0,0,0,0,0,0,0,0,0,0,0
R275998627,0,0,0,0,0,0,0,0,0,0,0,0,0,0,0,0,0,0,0,0,0
R275999733,0,0,0,0,0,0,0,0,0,0,0,0,0,0,0,0,0,0,0,0,0
R276004239,0,0,0,0,0,0,0,0,0,0,0,0,0,0,1,0,0,0,0,0,0
R276012719,0,0,0,0,0,0,0,0,0,0,0,0,0,0,1,0,0,0,1,0,0
R276040493,0,0,0,0,0,0,0,1,0,0,0,0,0,0,0,1,0,0,0,0,0
R276085250,0,0,0,0,0,0,0,0,0,0,0,0,0,0,0,0,0,0,0,1,0
R276095851,0,0,0,0,0,0,0,0,0,0,0,0,0,0,0,0,0,0,0,0,0
R276101277,0,0,0,0,0,0,0,0,0,0,0,0,0,0,0,0,0,0,0,0,0
R276119492,0,0,0,0,0,0,0,0,0,0,0,0,0,0,0,0,0,0,0,0,0
R276155953,0,0,0,0,0,0,0,0,0,0,0,0,0,0,0,0,0,0,0,0,0
R276167805,0,0,0,0,0,0,0,0,0,0,0,0,0,0,0,0,0,0,0,0,0
R276174882,0,0,0,0,0,0,1,1,0,1,0,0,0,0,1,1,0,0,0,0,0
R276177195,0,0,0,0,0,0,0,0,0,0,0,0,0,0,0,0,0,0,0,0,0
R276194397,0,0,0,0,0,0,0,0,0,0,0,0,0,0,0,0,0,0,0,0,0
R276247808,0,0,0,0,0,0,0,0,0,0,0,1,0,0,0,0,0,0,0,0,0
R276296862,0,0,0,0,0,0,0,0,0,0,0,0,0,0,0,0,0,0,0,0,0
R276305396,0,0,0,0,0,0,1,1,0,0,0,1,0,0,0,1,1,0,0,1,0
R276307816,0,0,0,0,0,0,1,1,0,0,0,1,0,0,1,0,0,0,1,0,0
R276333112,0,0,0,0,0,0,1,1,0,0,0,0,0,0,0,0,0,0,0,0,0
R276337115,0,0,0,0,0,0,0,0,0,0,0,0,0,0,0,0,0,0,0,0,0
R276337531,0,0,0,0,0,0,0,0,0,0,0,0,0,0,0,0,0,0,0,0,0
R276349491,0,0,0,0,0,0,0,0,0,0,0,0,0,0,1,0,0,0,1,0,0
R276356259,0,0,0,0,0,0,0,0,0,0,0,0,0,0,0,0,0,0,0,0,0
R276376042,0,0,0,0,0,0,0,0,0,0,0,0,0,0,0,0,0,0,0,0,0
R276385623,0,0,0,0,0,0,0,0,0,0,0,0,0,0,0,0,0,0,0,0,0
R276399765,0,0,0,0,0,0,0,0,0,0,0,0,0,0,0,0,0,0,0,0,0
R276411570,0,0,0,0,0,0,0,0,0,0,0,0,0,0,0,0,0,0,0,0,0
R276422416,0,0,0,0,0,0,0,0,0,0,0,0,0,0,0,0,0,0,0,0,0
R276431124,0,0,0,0,0,0,0,0,0,0,0,1,0,0,0,0,0,0,0,0,0
R276449288,0,0,0,0,0,0,0,0,0,0,0,0,0,0,0,0,0,0,0,0,0
R276451535,0,0,0,0,0,0,0,0,0,0,0,0,0,0,0,0,0,0,0,0,0
R276463653,0,0,0,0,0,0,0,0,0,0,0,0,0,0,0,0,0,0,0,0,0
R276523751,0,0,0,0,0,0,0,0,0,0,0,0,0,0,0,0,0,0,0,0,0
R276532001,0,0,0,0,0,0,0,0,0,0,0,0,0,0,0,0,0,0,0,0,0
R276545775,0,0,0,0,0,0,0,0,0,0,0,0,0,0,1,0,0,0,1,0,0
R276562091,0,0,0,0,0,0,0,0,0,0,0,0,0,0,0,0,0,0,0,0,0
R276614163,0,0,0,0,0,0,0,0,0,0,0,0,0,0,0,0,0,0,0,0,0
R276616697,0,0,0,0,0,0,0,0,0,0,0,0,0,0,0,0,0,0,0,0,0
R276621342,0,0,0,0,0,0,1,1,0,0,0,1,0,0,0,0,0,0,0,0,0
R276628689,0,0,0,0,0,0,0,0,0,0,0,1,0,0,0,1,0,0,0,0,0
R276646210,0,0,0,0,0,0,0,0,0,0,0,0,0,0,0,0,0,0,0,0,0
R276654823,0,0,0,0,0,0,0,0,0,0,0,0,0,0,0,0,0,0,0,1,0
R276654886,0,0,0,0,0,0,0,0,0,0,0,0,0,0,0,0,0,0,0,0,0
R276700848,0,0,0,0,0,0,0,0,0,0,0,0,0,0,0,0,0,0,0,0,0
R276763729,0,0,0,0,0,0,0,0,0,0,0,0,0,0,1,0,0,0,0,1,0
R276770020,0,0,0,0,0,0,0,0,0,0,0,0,0,0,0,0,0,0,0,0,0
R276775122,0,0,0,0,0,0,0,0,0,0,0,0,0,0,0,0,0,0,0,0,0
R276794323,0,0,0,0,0,0,0,0,0,0,0,0,0,0,0,1,0,0,0,0,0
R276801186,0,0,0,0,0,0,0,0,0,0,0,0,0,0,0,0,0,0,0,0,0
R276804726,0,0,0,0,0,0,0,0,0,0,0,1,0,0,0,0,0,0,0,0,0
R276815920,0,0,0,0,0,0,0,0,0,0,0,0,0,0,0,1,0,0,0,0,0
R276871293,0,0,0,0,0,0,0,0,0,0,0,1,0,0,0,0,0,0,0,0,0
R276905670,0,0,0,0,0,0,0,0,0,0,0,0,0,0,0,0,0,0,0,0,0
R276914456,0,0,0,0,0,0,0,0,0,0,0,0,0,0,0,0,0,0,0,0,0
R276921181,0,0,0,0,0,0,0,0,0,0,0,0,0,0,0,0,0,0,0,0,0
R276921800,0,0,0,0,0,0,1,1,0,1,0,0,0,0,1,1,1,0,1,1,0
R276939719,0,0,0,0,0,0,0,0,0,0,0,0,0,0,0,0,0,0,0,0,0
R276946114,0,0,0,0,0,0,0,0,0,0,0,1,0,0,0,0,0,0,0,0,0
R276947199,0,0,0,0,0,0,0,0,0,0,0,0,0,0,0,0,0,0,0,0,0
R277038962,0,0,0,0,0,0,0,0,0,0,0,0,0,0,0,0,0,0,0,0,0
R277046659,0,0,0,0,0,0,0,0,0,0,0,0,0,0,0,0,0,0,0,0,0
R277073128,0,0,0,0,0,0,0,0,0,0,0,0,0,0,0,0,0,0,0,0,0
R277087970,0,0,0,0,0,0,0,0,0,0,0,1,0,0,0,0,0,0,0,1,0
R277103432,0,0,0,0,0,0,1,1,0,0,0,0,0,0,0,1,1,0,0,1,0
R277106650,0,0,0,0,0,0,0,0,0,0,0,0,0,0,0,0,0,0,0,0,0
R277123969,0,0,0,0,0,0,0,0,0,0,0,0,0,0,0,0,0,0,0,0,0
R277143437,0,0,0,0,0,0,0,0,0,0,0,0,0,0,0,0,0,0,0,0,0
R277150440,0,0,0,0,0,0,0,0,0,0,0,0,0,0,0,0,0,0,0,0,0
R277161792,0,0,0,0,0,0,0,0,0,0,0,0,0,0,0,0,0,0,0,0,0
R277168725,0,0,0,0,0,0,0,0,0,0,0,0,0,0,0,0,0,0,0,0,0
R277180870,0,0,0,0,0,0,0,0,0,0,0,0,0,0,0,0,0,0,0,0,0
R277182871,0,0,0,0,0,0,0,0,0,0,0,1,0,0,0,0,0,0,0,0,0
R277207030,0,0,0,0,0,0,0,0,0,0,0,0,0,0,0,0,0,0,0,0,0
R277215722,0,0,0,0,0,0,0,0,0,0,0,0,0,0,0,0,0,0,0,0,0
R277219331,0,0,0,0,0,0,0,0,0,0,0,1,0,0,0,0,0,0,0,0,0
R277266701,0,0,0,0,0,0,0,0,0,0,0,1,0,0,0,0,0,0,0,0,0
R277284856,0,0,0,0,0,0,0,0,0,0,0,0,0,0,1,0,0,0,1,0,0
R277313774,0,0,0,0,0,0,0,0,0,0,0,0,0,0,1,0,0,0,1,0,0
R277322184,0,0,0,0,0,0,0,0,0,0,0,0,0,0,0,0,0,0,0,0,0
R277329930,0,0,0,0,0,0,0,0,0,0,0,0,0,0,0,0,0,0,0,0,0
R277341337,0,0,0,0,0,0,0,0,0,0,0,0,0,0,0,0,1,0,0,1,0
R277342737,0,0,0,0,0,0,0,0,0,0,0,0,0,0,0,0,0,0,0,0,0
R277361864,0,0,0,0,0,0,0,0,0,0,0,1,0,0,0,0,0,0,0,0,0
R277365744,0,0,0,0,0,0,0,0,0,0,0,0,0,0,0,0,0,0,0,0,0
R277366225,0,0,0,0,0,0,0,0,0,0,0,0,0,0,0,0,0,0,0,0,0
R277373049,0,0,0,0,0,0,0,0,0,0,0,0,0,0,0,0,0,0,0,0,0
R277380526,0,0,0,0,0,0,0,0,0,0,0,1,0,0,0,0,0,0,0,0,0
R277396940,0,0,0,0,0,0,0,0,0,0,0,0,0,0,0,0,0,0,0,0,0
R277399692,0,0,0,0,0,0,0,0,0,0,0,0,0,0,0,0,0,0,0,0,0
R277409340,0,0,0,0,0,0,0,0,0,0,0,0,0,0,0,0,0,0,0,0,0
R277428806,0,0,0,0,0,0,1,1,0,0,0,1,0,0,1,1,0,0,1,0,0
R277468074,0,0,0,0,0,0,0,0,0,0,0,0,0,0,0,0,0,0,0,0,0
R277470558,0,0,0,0,0,0,0,0,0,0,0,0,0,0,0,0,0,0,0,0,0
R277487464,0,0,0,0,0,0,0,0,0,0,0,1,0,0,0,0,0,0,0,0,0
R277517833,0,0,0,0,0,0,0,0,0,0,0,0,0,0,0,0,0,0,0,0,0
R277530589,0,0,0,0,0,0,0,0,0,0,0,0,0,0,0,0,0,0,0,0,0
R277532628,0,0,0,0,0,0,0,0,0,0,0,1,0,0,0,0,0,0,0,0,0
R277556696,0,0,0,0,0,0,0,0,0,0,0,0,0,0,0,0,0,0,0,0,0
R277622105,0,0,0,0,0,0,0,1,0,0,0,1,0,0,0,0,0,0,0,0,0
R277623580,0,0,0,0,0,0,0,0,0,0,0,0,0,0,1,0,0,0,1,0,0
R277645823,0,0,0,0,0,0,0,0,0,0,0,0,0,0,0,0,0,0,0,0,0
R277701365,0,0,0,0,0,0,0,0,0,0,0,0,0,0,0,0,0,0,0,0,0
R277714191,0,0,0,0,0,0,0,0,0,0,0,0,0,0,1,0,0,0,1,0,0
R277737553,0,0,0,0,0,0,0,0,0,0,0,0,0,0,0,0,0,0,0,0,0
R277758576,0,0,0,0,0,0,0,1,0,0,0,1,0,1,0,0,0,0,0,0,0
R277764213,0,0,0,0,0,0,0,0,0,0,0,0,0,0,0,0,0,0,0,0,0
R277831705,0,0,0,0,0,0,0,0,0,0,0,0,0,0,0,0,0,0,0,0,0
R277862798,0,0,0,0,0,0,0,1,0,0,0,1,0,1,0,0,0,0,0,0,0
R277872340,0,0,0,0,0,0,0,0,0,0,0,0,0,0,0,0,0,0,0,0,0
R277888274,0,0,0,0,0,0,0,0,0,0,0,0,0,0,0,0,0,0,0,0,0
R277895183,0,0,0,0,0,0,0,0,0,0,0,0,0,0,0,0,0,0,0,0,0
R277899404,0,0,0,0,0,0,0,0,0,0,0,0,0,0,0,0,0,0,0,0,0
R277945328,0,0,0,0,0,0,0,0,0,0,0,0,0,0,0,0,0,0,0,0,0
R277963823,0,0,0,0,0,0,1,1,0,0,0,0,0,0,0,0,0,0,0,0,0
R277996486,0,0,0,0,0,0,0,0,0,0,0,0,0,0,0,0,0,0,0,0,0
R277997555,0,0,0,0,0,0,0,0,0,0,0,0,0,0,0,0,0,0,0,0,0
R278000064,0,0,0,0,0,0,0,0,0,0,0,1,0,0,0,0,0,0,0,0,0
R278013207,0,0,0,0,0,0,0,0,0,0,0,0,0,0,0,0,0,0,0,0,0
R278024966,0,0,0,0,0,0,0,0,0,0,0,0,0,0,1,0,0,0,1,0,0
R278029498,0,0,0,0,0,0,0,0,0,0,0,0,0,0,0,0,0,0,0,0,0
R278046161,0,0,0,0,0,0,0,0,0,0,0,0,0,0,0,0,0,0,0,0,0
R278048809,0,0,0,0,0,0,0,0,0,0,0,0,0,0,1,0,0,0,0,1,0
R278062346,0,0,0,0,0,0,0,0,0,0,0,0,0,0,0,0,0,0,0,0,0
R278066293,0,0,0,0,0,0,0,0,0,0,0,1,0,0,0,0,0,0,0,0,0
R278066319,0,0,0,0,0,0,0,0,0,0,0,1,0,0,0,0,0,0,0,0,0
R278066518,0,0,0,0,0,0,0,0,0,0,0,0,0,0,1,0,0,0,0,0,0
R278109659,0,0,0,0,0,0,0,0,0,0,0,0,0,0,0,0,0,0,0,1,0
R278112725,0,0,0,0,0,0,0,0,0,0,0,0,0,0,0,0,0,0,0,0,0
R278143303,0,0,0,0,0,0,0,0,0,0,0,0,0,0,0,0,0,0,0,0,0
R278171363,0,0,0,0,0,0,0,0,0,0,0,0,0,0,0,0,0,0,0,0,0
R278199186,0,0,0,0,0,0,0,0,0,0,0,0,0,0,1,0,0,0,0,0,0
R278204685,0,0,0,0,0,0,0,0,0,0,0,1,0,0,0,0,0,0,0,0,0
R278227969,0,0,0,0,0,0,0,0,0,0,0,0,0,0,0,0,0,0,0,0,0
R278265141,0,0,0,0,0,0,0,1,0,0,0,1,0,0,0,0,0,0,0,0,0
R278281454,0,0,0,0,0,0,0,0,0,0,0,0,0,0,1,0,0,0,0,0,0
R278315144,0,0,0,0,0,0,0,0,0,0,0,0,0,0,0,0,0,0,0,0,0
R278316582,0,0,0,0,0,0,0,0,0,0,0,1,0,0,0,0,0,0,0,0,0
R278327724,0,0,0,0,0,0,1,1,0,0,0,1,0,0,1,0,0,0,1,0,0
R278339507,0,0,0,0,0,0,0,0,0,0,0,0,0,0,0,0,0,0,0,0,0
R278421046,0,0,0,0,0,0,0,0,0,0,0,0,0,0,0,0,0,0,0,0,0
R278421489,0,0,0,0,0,0,0,1,0,0,0,1,0,0,0,1,0,0,0,0,0
R278431179,0,0,0,0,0,0,0,0,0,0,0,0,0,0,0,0,0,0,0,0,0
R278461387,0,0,0,0,0,0,0,0,0,0,0,0,0,0,0,0,0,0,0,0,0
R278464422,0,0,0,0,0,0,0,0,0,0,0,1,0,0,0,0,0,0,0,0,0
R278465786,0,0,0,0,0,0,0,0,0,0,0,0,0,0,0,1,0,0,0,0,0
R278477613,0,0,0,0,0,0,0,0,0,0,0,0,0,0,0,0,0,0,0,0,0
R278521131,0,0,0,0,0,0,0,0,0,0,0,0,0,0,0,0,0,0,0,1,0
R278562073,0,0,0,0,0,0,1,1,0,0,0,0,0,0,0,0,0,0,0,0,0
R278571514,0,0,0,0,0,0,0,0,0,0,0,1,0,0,0,0,0,0,0,0,0
R278573602,0,0,0,0,0,0,0,1,0,0,0,0,0,0,0,0,0,0,0,0,0
R278591700,0,0,0,0,0,0,0,0,0,0,0,0,0,0,0,0,0,0,0,0,0
R278645724,0,0,0,0,0,0,0,0,0,0,0,0,0,0,0,0,0,0,0,0,0
R278664834,0,0,0,0,0,0,0,0,0,0,0,0,0,0,0,0,0,0,0,0,0
R278696175,0,0,0,0,0,0,0,0,0,0,0,0,0,0,0,0,0,0,0,0,0
R278700847,0,0,0,0,0,0,0,0,0,0,0,0,0,0,0,0,0,0,0,0,0
R278708920,0,0,0,0,0,0,0,0,0,0,0,0,0,0,0,0,0,0,0,0,0
R278715602,0,0,0,0,0,0,0,0,0,0,0,0,0,0,0,0,0,0,0,0,0
R278716142,0,0,0,0,0,0,0,0,0,0,0,0,0,0,0,0,0,0,0,0,0
R278722639,0,0,0,0,0,0,0,0,0,0,0,0,0,0,0,0,0,0,0,0,0
R278722819,0,0,0,0,0,0,0,0,0,0,0,0,0,0,0,0,0,0,0,0,0
R278740564,0,0,0,0,0,0,0,0,0,0,0,1,0,0,1,0,0,0,1,0,0
R278758675,0,0,0,0,0,0,0,0,0,0,0,0,0,0,0,0,0,0,0,0,0
R278759203,0,0,0,0,0,0,0,0,0,0,0,0,0,0,0,0,0,0,0,0,0
R278759397,0,0,0,0,0,0,0,0,0,0,0,0,0,0,0,0,0,0,0,0,0
R278794231,0,0,0,0,0,0,0,0,0,0,0,0,0,0,0,0,0,0,0,0,0
R278815070,0,0,0,0,0,0,0,0,0,0,0,0,0,0,0,0,0,0,0,0,0
R278821737,0,0,0,0,0,0,0,0,0,0,0,0,0,0,0,0,0,0,0,0,0
R278841951,0,0,0,0,0,0,0,0,0,0,0,0,0,0,0,0,0,0,0,0,0
R278861188,0,0,0,0,0,0,0,0,0,0,0,0,0,0,0,0,0,0,0,0,0
R278866590,0,0,0,0,0,0,0,0,0,0,0,0,0,0,0,0,0,0,0,0,0
R278872072,0,0,0,0,0,0,1,1,0,0,0,1,0,0,0,0,0,0,0,0,0
R278909796,0,0,0,0,0,0,0,0,0,0,0,0,0,0,0,0,0,0,0,0,0
R278917205,0,0,0,0,0,0,0,1,0,0,0,0,0,1,1,0,0,0,0,0,0
R278956986,0,0,0,0,0,0,0,0,0,0,0,0,0,0,0,0,0,0,0,0,0
R278966881,0,0,0,0,0,0,0,0,0,0,0,0,0,0,0,1,0,0,0,0,0
R278968622,0,0,0,0,0,0,0,0,0,0,0,0,0,0,0,0,0,0,0,0,0
R278971799,0,0,0,0,0,0,0,0,0,0,0,0,0,0,0,0,0,0,0,0,0
R278980506,0,0,0,0,0,0,0,0,0,0,0,0,0,0,0,0,0,0,0,0,0
R279019571,0,0,0,0,0,0,0,0,0,0,0,0,0,0,0,0,0,0,0,0,0
R279036306,0,0,0,0,0,0,0,1,0,0,0,1,0,0,0,0,0,0,0,0,0
R279074766,0,0,0,0,0,0,0,0,0,0,0,1,0,0,0,0,0,0,0,1,0
R279114920,0,0,0,0,0,0,1,1,0,0,0,1,0,0,0,0,0,0,0,1,0
R279127684,0,0,0,0,0,0,0,0,0,0,0,0,0,0,0,0,0,0,0,0,0
R279135337,0,0,0,0,0,0,0,1,0,0,0,0,0,0,0,0,0,0,0,0,0
R279151493,0,0,0,0,0,0,0,0,0,0,0,1,0,0,0,0,0,0,0,0,0
R279168121,0,0,0,0,0,0,1,1,0,0,0,0,0,0,1,0,0,0,0,0,0
R279186632,0,0,0,0,0,0,0,0,0,0,0,0,0,0,0,0,0,0,0,0,0
R279212357,0,0,0,0,0,0,0,0,0,0,0,0,0,0,0,0,0,0,0,0,0
R279239709,0,0,0,0,0,0,1,1,0,0,0,1,0,0,0,0,0,0,0,0,0
R279322081,0,0,0,0,0,0,0,0,0,0,0,0,0,0,0,0,0,0,0,0,0
R279326096,0,0,0,0,0,0,0,0,0,0,0,0,0,0,0,0,0,0,0,0,0
R279337691,0,0,0,0,0,0,1,1,0,0,0,1,0,0,0,1,0,0,0,0,0
R279354356,0,0,0,0,0,0,0,0,0,0,0,0,0,0,0,0,0,0,0,0,0
R279357364,0,0,0,0,0,0,0,0,0,0,0,0,0,0,0,0,0,0,0,0,0
R279376084,0,0,0,0,0,0,0,0,0,0,0,0,0,0,0,0,0,0,0,0,0
R279380154,0,0,0,0,0,0,0,0,0,0,0,0,0,0,0,0,0,0,0,0,0
R279412458,0,0,0,0,0,0,0,0,0,0,0,0,0,0,0,0,0,0,0,0,0
R279491222,0,0,0,0,0,0,0,0,0,0,0,1,0,0,1,0,0,0,0,0,0
R279498925,0,0,0,0,0,0,0,0,0,0,0,0,0,0,0,0,0,0,0,0,0
R279501935,0,0,0,0,0,0,0,0,0,0,0,0,0,0,0,0,0,0,0,0,0
R279503777,0,0,0,0,0,0,0,0,0,0,0,0,0,0,0,0,0,0,0,0,0
R279509303,0,0,0,0,0,0,0,0,0,0,0,0,0,0,0,0,0,0,0,0,0
R279521259,0,0,0,0,0,0,0,0,0,0,0,0,0,0,0,0,0,0,0,0,0
R279557553,0,0,0,0,0,0,0,0,0,0,0,1,0,0,0,0,0,0,0,0,0
R279561558,0,0,0,0,0,0,0,0,0,0,0,1,0,0,0,0,0,0,0,0,0
R279575003,0,0,0,0,0,0,0,0,0,0,0,0,0,0,0,0,0,0,0,0,0
R279601674,0,0,0,0,0,0,0,0,0,0,0,0,0,0,1,0,0,0,1,0,0
R279604345,0,0,0,0,0,0,0,0,0,0,0,0,0,0,0,0,0,0,0,0,0
R279626584,0,0,0,0,0,0,0,0,0,0,0,0,0,0,0,0,0,0,0,0,0
R279632429,0,0,0,0,0,0,0,0,0,0,0,0,0,0,0,0,0,0,0,0,0
R279635624,0,0,0,0,0,0,0,0,0,0,0,0,0,0,0,0,0,0,0,0,0
R279644610,0,0,0,0,0,0,0,0,0,0,0,0,0,0,0,0,0,0,0,0,0
R279646401,0,0,0,0,0,0,0,0,0,0,0,0,0,0,0,0,0,0,0,0,0
R279655533,0,0,0,0,0,0,0,0,0,0,0,0,0,0,0,0,0,0,0,0,0
R279670460,0,0,0,0,0,0,0,0,0,0,0,0,0,0,0,0,0,0,0,0,0
R279678941,0,0,0,0,0,0,0,0,0,0,0,0,0,0,0,0,0,0,0,0,0
R279679546,0,0,0,0,0,0,0,0,0,0,0,1,0,0,0,1,0,0,0,0,0
R279761124,0,0,0,0,0,0,0,0,0,0,0,0,0,0,0,0,0,0,0,0,0
R279776381,0,0,0,0,0,0,0,0,0,0,0,0,0,0,0,0,0,0,0,0,0
R279785395,0,0,0,0,0,0,0,0,0,0,0,0,0,0,0,0,0,0,0,0,0
R279790346,0,0,0,0,0,0,0,0,0,0,0,1,0,0,1,0,0,0,1,0,0
R279794390,0,0,0,0,0,0,0,0,0,0,0,0,0,0,0,0,0,0,0,0,0
R279827806,0,0,0,0,0,0,0,0,0,0,0,0,0,0,0,0,0,0,0,0,0
R279834839,0,0,0,0,0,0,0,0,0,0,0,0,0,0,0,0,0,0,0,0,0
R279838818,0,0,0,0,0,0,0,0,0,0,0,0,0,0,0,0,0,0,0,0,0
R279839716,0,0,0,0,0,0,0,0,0,0,0,0,0,0,0,0,0,0,0,0,0
R279848185,0,0,0,0,0,0,0,0,0,0,0,0,0,0,0,0,0,0,0,0,0
R279858480,0,0,0,0,0,0,0,0,0,0,0,0,0,0,0,0,0,0,0,0,0
R279873821,0,0,0,0,0,0,0,0,0,0,0,0,0,0,0,0,0,0,0,0,0
R279881068,0,0,0,0,0,0,1,1,0,0,0,1,0,0,0,0,0,0,0,0,0
R279883472,0,0,0,0,0,0,1,1,0,0,0,1,0,0,1,0,0,0,0,0,0
R279883991,0,0,0,0,0,0,0,0,0,0,0,1,0,0,0,1,1,0,0,1,0
R279889032,0,0,0,0,0,0,0,0,0,0,0,0,0,0,0,0,0,0,0,0,0
R279906258,0,0,0,0,0,0,0,1,0,0,0,0,0,0,0,0,0,0,0,0,0
R279940550,0,0,0,0,0,0,1,1,0,1,0,0,0,0,1,1,0,0,0,0,0
R279945133,0,0,0,0,0,0,0,0,0,0,0,0,0,0,0,0,0,0,0,0,0
R279951309,0,0,0,0,0,0,0,0,0,0,0,0,0,0,0,0,0,0,0,0,0
R279956600,0,0,0,0,0,0,0,0,0,0,0,0,0,0,0,0,0,0,0,0,0
R279964368,0,0,0,0,0,0,0,0,0,0,0,0,0,0,0,0,0,0,0,0,0
R279986787,0,0,0,0,0,0,0,0,0,0,0,0,0,0,0,0,0,0,0,0,0
R279987540,0,0,0,0,0,0,0,0,0,0,0,0,0,0,0,0,0,0,0,0,0
R279991152,0,0,0,0,0,0,0,0,0,0,0,0,0,0,0,0,0,0,0,1,0
R279993747,0,0,0,0,0,0,0,0,0,0,0,0,0,0,0,0,0,0,0,0,0
R280039373,0,0,0,0,0,0,0,0,0,1,0,1,0,0,0,1,0,0,0,0,0
R280039482,0,0,0,0,0,0,0,0,0,0,0,0,0,0,0,0,0,0,0,0,0
R280101739,0,0,0,0,0,0,0,0,0,0,0,0,0,0,0,0,0,0,0,0,0
R280123998,0,0,0,0,0,0,0,0,0,0,0,1,0,0,0,0,0,0,0,0,0
R280125443,0,0,0,0,0,0,1,1,0,0,0,0,0,0,0,0,0,0,0,0,0
R280135346,0,0,0,0,0,0,1,1,0,0,0,1,0,0,0,0,0,1,0,1,0
R280135891,0,0,0,0,0,0,0,0,0,0,0,0,0,0,0,0,0,0,0,0,0
R280146019,0,0,0,0,0,0,0,0,0,0,0,0,0,0,0,0,0,0,0,0,0
R280168446,0,0,0,0,0,0,0,0,0,0,0,0,0,0,0,0,0,0,0,0,0
R280172440,0,0,0,0,0,0,0,0,0,0,0,0,0,0,0,0,0,0,0,1,0
R280177562,0,0,0,0,0,0,0,0,0,0,0,0,0,0,0,0,0,0,0,0,0
R280179692,0,0,0,0,0,0,0,0,0,0,0,0,0,0,0,0,0,0,0,0,0
R280210618,0,0,0,0,0,0,0,0,0,0,0,0,0,0,1,0,0,0,1,0,0
R280228988,0,0,0,0,0,0,0,0,0,0,0,0,0,0,1,0,0,0,1,0,0
R280266430,0,0,0,0,0,0,0,0,0,0,0,0,0,0,0,0,0,0,0,0,0
R280289215,0,0,0,0,0,0,0,0,0,0,0,0,0,0,0,0,0,0,0,0,0
R280289635,0,0,0,0,0,0,0,0,0,0,0,0,0,0,0,0,0,0,0,0,0
R280302092,0,0,0,0,0,0,0,0,0,0,0,0,0,0,0,0,0,0,0,0,0
R280330416,0,0,0,0,0,0,0,0,0,0,0,0,0,0,0,0,0,0,0,0,0
R280339336,0,0,0,0,0,0,0,0,0,0,0,0,0,0,0,0,0,0,0,0,0
R280343274,0,0,0,0,0,0,0,1,0,0,0,0,0,0,0,0,0,0,0,0,0
R280393289,0,0,0,0,0,0,0,0,0,0,0,1,0,0,0,0,0,0,0,0,0
R280417904,0,0,0,0,0,0,0,0,0,0,0,0,0,0,0,0,0,0,0,0,0
R280435882,0,0,0,0,0,0,0,0,0,0,0,0,0,0,0,0,0,0,0,0,0
R280441706,0,0,0,0,0,0,0,0,0,0,0,0,0,0,0,0,0,0,0,0,0
R280519299,0,0,0,0,0,0,0,0,0,0,0,0,0,0,0,0,0,0,0,0,0
R280536287,0,0,0,0,0,0,0,0,0,0,0,1,0,0,0,0,0,0,0,0,0
R280546114,0,0,0,0,0,0,0,0,0,0,0,0,0,0,0,0,0,0,0,0,0
R280565048,0,0,0,0,0,0,0,0,0,0,0,1,0,0,0,0,0,0,0,0,0
R280575484,0,0,0,0,0,0,0,1,0,0,0,1,0,1,0,0,0,0,0,0,0
R280579242,0,0,0,0,0,0,0,0,0,0,0,1,0,0,0,0,0,0,0,0,0
R280599540,0,0,0,0,0,0,1,1,0,1,0,0,0,0,1,1,0,0,1,0,0
R280627780,0,0,0,0,0,0,0,0,0,0,0,0,0,0,0,0,0,0,0,0,0
R280672068,0,0,0,0,0,0,0,0,0,0,0,0,0,0,0,0,0,0,0,0,0
R280683041,0,0,0,0,0,0,0,1,0,0,0,1,0,1,0,0,0,0,0,0,0
R280692500,0,0,0,0,0,0,0,0,0,0,0,0,0,0,0,0,0,0,0,0,0
R280694456,0,0,0,0,0,0,0,0,0,0,0,0,0,0,0,0,0,0,0,0,0
R280702516,0,0,0,0,0,0,1,1,0,0,0,0,0,0,0,0,1,0,0,1,0
R280747972,0,0,0,0,0,0,0,0,0,0,0,0,0,0,0,0,0,0,0,0,0
R280763979,0,0,0,0,0,0,0,0,0,0,0,0,0,0,0,0,0,0,0,0,0
R280765926,0,0,0,0,0,0,0,0,0,0,0,1,0,0,0,0,0,0,0,0,0
R280770294,0,0,0,0,0,0,1,1,0,0,0,1,0,0,1,0,0,0,0,1,0
R280805419,0,0,0,0,0,0,0,0,0,0,0,0,0,0,0,0,0,0,0,0,0
R280809043,0,0,0,0,0,0,0,0,0,0,0,1,0,0,0,0,0,0,0,0,0
R280865279,0,0,0,0,0,0,0,0,0,0,0,0,0,0,0,0,0,0,0,0,0
R280904457,0,0,0,0,0,0,0,0,0,0,0,0,0,0,0,0,0,0,0,0,0
R280905204,0,0,0,0,0,0,0,0,0,0,0,0,0,0,0,0,0,0,0,0,0
R280975730,0,0,0,0,0,0,0,0,0,0,0,0,0,0,0,0,0,0,0,0,0
R280990893,0,0,0,0,0,0,0,0,0,0,0,0,0,0,0,0,0,0,0,0,0
R281004543,0,0,0,0,0,0,0,0,0,0,0,0,0,0,0,0,0,0,0,0,0
R281020656,0,0,0,0,0,0,0,0,0,0,0,0,0,0,0,0,0,0,0,0,0
R281022076,0,0,0,0,0,0,1,1,0,0,0,0,0,0,0,0,0,0,0,0,0
R281051086,0,0,0,0,0,0,0,0,0,0,0,0,0,0,0,0,0,0,0,0,0
R281055460,0,0,0,0,0,0,0,0,0,0,0,0,0,0,0,0,0,0,0,0,0
R281081141,0,0,0,0,0,0,0,0,0,0,0,0,0,0,1,1,0,0,1,0,0
R281090450,0,0,0,0,0,0,0,1,0,0,0,0,0,1,1,0,0,0,1,0,0
R281137596,0,0,0,0,0,0,0,0,0,0,0,0,0,0,0,1,0,0,0,1,0
R281144544,0,0,0,0,0,0,1,1,0,0,0,1,0,0,0,0,0,0,0,0,0
R281155041,0,0,0,0,0,0,1,1,0,0,0,0,0,0,0,0,0,0,0,0,0
R281161787,0,0,0,0,0,0,0,0,0,0,0,0,0,0,0,0,0,0,0,0,0
R281175990,0,0,0,0,0,0,0,0,0,0,0,1,0,0,0,1,0,0,0,0,0
R281179475,0,0,0,0,0,0,0,0,0,0,0,0,0,0,0,0,0,0,0,0,0
R281216178,0,0,0,0,0,0,0,0,0,0,0,1,0,0,1,1,0,0,0,0,0
R281220992,0,0,0,0,0,0,1,1,0,0,0,1,0,0,1,0,0,0,0,1,0
R281224707,0,0,0,0,0,0,0,0,0,0,0,0,0,0,0,0,0,0,0,0,0
R281253438,0,0,0,0,0,0,0,0,0,0,0,1,0,0,0,0,0,0,0,0,0
R281262391,0,0,0,0,0,0,0,0,0,0,0,0,0,0,0,0,0,0,0,0,0
R281283791,0,0,0,0,0,0,0,0,0,0,0,0,0,0,0,0,0,0,0,1,0
R281316801,0,0,0,0,0,0,0,0,0,0,0,1,0,0,0,0,0,0,0,1,0
R281322272,0,0,0,0,0,0,0,0,0,0,0,0,0,0,0,0,0,0,0,0,0
R281329648,0,0,0,0,0,0,0,0,0,0,0,0,0,0,0,0,0,0,0,0,0
R281330781,0,0,0,0,0,0,0,0,0,0,0,0,0,0,0,0,0,0,0,0,0
R281342326,0,0,0,0,0,0,0,1,0,0,0,1,0,1,0,0,0,0,0,0,0
R281343316,0,0,0,0,0,0,0,0,0,0,0,0,0,0,0,0,0,0,0,0,0
R281371465,0,0,0,0,0,0,0,0,0,0,0,0,0,0,0,0,0,0,0,0,0
R281392662,0,0,0,0,0,0,0,1,0,0,0,1,0,1,1,1,0,0,0,0,0
R281408120,0,0,0,0,0,0,0,0,0,0,0,0,0,0,0,0,0,0,0,0,0
R281413139,0,0,0,0,0,0,0,0,0,0,0,0,0,0,0,0,0,0,0,0,0
R281419832,0,0,0,0,0,0,0,0,0,0,0,0,0,0,0,0,0,0,0,0,0
R281424620,0,0,0,0,0,0,1,1,0,0,0,0,0,0,1,1,1,0,1,1,0
R281465492,0,0,0,0,0,0,1,1,0,0,0,1,0,0,0,0,0,0,0,0,0
R281485918,0,0,0,0,0,0,0,0,0,0,0,0,0,0,0,0,0,0,0,0,0
R281509693,0,0,0,0,0,0,0,0,0,0,0,1,0,0,0,1,0,0,0,0,0
R281511962,0,0,0,0,0,0,0,1,0,0,0,1,0,1,0,0,0,0,0,0,0
R281517001,0,0,0,0,0,0,0,0,0,0,0,0,0,0,0,0,0,0,0,0,0
R281530400,0,0,0,0,0,0,0,0,0,0,0,0,0,0,0,0,0,0,0,1,0
R281531933,0,0,0,0,0,0,0,1,0,0,0,0,0,0,0,0,0,0,0,0,0
R281545091,0,0,0,0,0,0,0,0,0,0,0,0,0,0,0,0,0,0,0,0,0
R281558347,0,0,0,0,0,0,0,0,0,0,0,1,0,0,1,0,0,0,0,0,0
R281575949,0,0,0,0,0,0,0,0,0,0,0,0,0,0,0,0,0,0,0,0,0
R281581264,0,0,0,0,0,0,0,0,0,0,0,0,0,0,0,0,0,0,0,0,0
R281617368,0,0,0,0,0,0,0,0,0,0,0,0,0,0,0,0,0,0,0,0,0
R281633161,0,0,0,0,0,0,0,0,0,0,0,0,0,0,0,0,0,0,0,0,0
R281666671,0,0,0,0,0,0,0,0,0,0,0,0,0,0,0,0,0,0,0,0,0
R281735906,0,0,0,0,0,0,0,0,0,0,0,1,0,0,0,0,0,0,0,0,0
R281745120,0,0,0,0,0,0,0,0,0,0,0,1,0,0,0,0,0,0,0,0,0
R281817162,0,0,0,0,0,0,0,0,0,0,0,0,0,0,0,0,0,0,0,0,0
R281820875,0,0,0,0,0,0,0,0,0,0,0,0,0,0,0,0,0,0,0,0,0
R281827253,0,0,0,0,0,0,0,0,0,0,0,0,0,0,0,1,0,0,0,0,0
R281846133,0,0,0,0,0,0,0,0,0,0,0,0,0,0,0,0,0,0,0,0,0
R281858484,0,0,0,0,0,0,0,1,0,0,0,0,0,1,0,0,0,0,0,0,0
R281874894,0,0,0,0,0,0,0,0,0,0,0,0,0,0,0,0,0,0,0,0,0
R281897443,0,0,0,0,0,0,0,0,0,0,0,0,0,0,1,0,0,0,0,0,0
R281900952,0,0,0,0,0,0,0,0,0,0,0,0,0,0,0,0,0,0,0,0,0
R281903282,0,0,0,0,0,0,0,0,0,0,0,0,0,0,0,0,0,0,0,0,0
R281921018,0,0,0,0,0,0,1,1,0,0,0,0,0,0,1,0,0,0,1,0,0
R281924523,0,0,0,0,0,0,0,0,0,0,0,0,0,0,0,1,0,0,0,0,0
R281935750,0,0,0,0,0,0,0,0,0,0,0,0,0,0,0,0,0,0,0,0,0
R281936954,0,0,0,0,0,0,0,0,0,0,0,1,0,0,1,0,0,0,1,0,0
R281941552,0,0,0,0,0,0,0,0,0,0,0,0,0,0,1,0,0,0,1,0,0
R281944031,0,0,0,0,0,0,0,1,0,0,0,0,0,0,0,0,0,0,0,0,0
R281947029,0,0,0,0,0,0,0,0,0,0,0,0,0,0,1,0,0,0,0,0,0
R281972603,0,0,0,0,0,0,0,0,0,0,0,1,0,0,1,1,0,0,0,0,0
R281976272,0,0,0,0,0,0,0,0,0,0,0,0,0,0,0,0,0,0,0,0,0
R282021132,0,0,0,0,0,0,0,0,0,0,0,1,0,0,0,0,0,0,0,0,0
R282067343,0,0,0,0,0,0,0,0,0,0,0,0,0,0,0,0,0,0,0,0,0
R282126124,0,0,0,0,0,0,0,0,0,0,0,0,0,0,0,0,0,0,0,0,0
R282137037,0,0,0,0,0,0,0,0,0,0,0,0,0,0,0,0,0,0,0,0,0
R282154171,0,0,0,0,0,0,0,0,0,0,0,0,0,0,0,0,0,0,0,0,0
R282230027,0,0,0,0,0,0,0,0,0,0,0,0,0,0,0,0,0,0,0,0,0
R282232304,0,0,0,0,0,0,0,0,0,0,0,0,0,0,0,0,0,0,0,0,0
R282251941,0,0,0,0,0,0,0,0,0,0,0,0,0,0,0,1,0,0,0,0,0
R282259228,0,0,0,0,0,0,0,0,0,0,0,0,0,0,0,0,0,0,0,0,0
R282292279,0,0,0,0,0,0,0,0,0,0,0,0,0,0,0,0,0,0,0,0,0
R282292702,0,0,0,0,0,0,0,0,0,0,0,1,0,0,0,0,0,0,0,0,0
R282348110,0,0,0,0,0,0,0,0,0,0,0,0,0,0,0,0,0,0,0,0,0
R282349620,0,0,0,0,0,0,0,0,0,0,0,0,0,0,0,0,0,0,0,0,0
R282392438,0,0,0,0,0,0,0,0,0,0,0,1,0,0,1,0,0,0,0,0,0
R282421159,0,0,0,0,0,0,0,0,0,0,0,1,0,0,0,0,0,0,0,0,0
R282474948,0,0,0,0,0,0,0,0,0,0,0,0,0,0,0,0,0,0,0,0,0
R282480779,0,0,0,0,0,0,0,0,0,0,0,0,0,0,0,0,0,0,0,0,0
R282484252,0,0,0,0,0,0,0,1,0,0,0,1,0,1,0,0,0,0,0,0,0
R282528717,0,0,0,0,0,0,0,0,0,0,0,0,0,0,0,0,0,0,0,0,0
R282547895,0,0,0,0,0,0,0,0,0,0,0,0,0,0,0,0,0,0,0,0,0
R282558009,0,0,0,0,0,0,0,0,0,0,0,0,0,0,0,0,0,0,0,0,0
R282559929,0,0,0,0,0,0,0,0,0,0,0,1,0,0,0,0,0,0,0,0,0
R282562217,0,0,0,0,0,0,0,0,0,0,0,0,0,0,0,0,0,0,0,0,0
R282597531,0,0,0,0,0,0,0,0,0,0,0,0,0,0,0,0,0,0,0,0,0
R282610804,0,0,0,0,0,0,0,0,0,0,0,0,0,0,0,0,0,0,0,0,0
R282644357,0,0,0,0,0,0,0,0,0,0,0,0,0,0,0,0,0,0,0,0,0
R282653250,0,0,0,0,0,0,0,0,0,0,0,0,0,0,0,0,0,0,0,0,0
R282655744,0,0,0,0,0,0,0,0,0,0,0,0,0,0,0,0,0,0,0,0,0
R282710387,0,0,0,0,0,0,0,0,0,0,0,0,0,0,0,0,0,0,0,0,0
R282712572,0,0,0,0,0,0,0,0,0,0,0,0,0,0,0,0,0,0,0,0,0
R282717044,0,0,0,0,0,0,0,0,0,0,0,1,0,0,0,0,0,0,0,0,0
R282718386,0,0,0,0,0,0,0,0,0,0,0,0,0,0,0,0,0,0,0,0,0
R282728180,0,0,0,0,0,0,0,0,0,0,0,1,0,0,0,0,1,0,0,1,0
R282744979,0,0,0,0,0,0,0,0,0,0,0,1,0,0,1,0,0,0,0,1,0
R282750132,0,0,0,0,0,0,0,0,0,0,0,0,0,0,0,0,0,0,0,0,0
R282759583,0,0,0,0,0,0,0,0,0,0,0,0,0,0,0,0,0,0,0,0,0
R282796274,0,0,0,0,0,0,0,0,0,0,0,0,0,0,0,0,0,0,0,0,0
R282805246,0,0,0,0,0,0,1,1,0,0,0,1,0,0,0,1,0,0,0,0,0
R282815805,0,0,0,0,0,0,0,0,0,0,0,0,0,0,0,0,0,0,0,0,0
R282872807,0,0,0,0,0,0,0,0,0,0,0,0,0,0,0,0,0,0,0,0,0
R282873007,0,0,0,0,0,0,0,0,0,0,0,0,0,0,0,0,0,0,0,0,0
R282884218,0,0,0,0,0,0,0,0,0,0,0,0,0,0,0,0,0,0,0,0,0
R282903762,0,0,0,0,0,0,0,0,0,0,0,0,0,0,1,0,0,0,0,0,0
R282914653,0,0,0,0,0,0,0,0,0,0,0,0,0,0,0,0,0,0,0,0,0
R282918374,0,0,0,0,0,0,0,0,0,0,0,0,0,0,0,0,0,0,0,0,0
R282931674,0,0,0,0,0,0,0,0,0,0,0,0,0,0,0,0,0,0,0,0,0
R282954252,0,0,0,0,0,0,0,0,0,0,0,0,0,0,0,0,0,0,0,0,0
R282987369,0,0,0,0,0,0,0,0,0,0,0,0,0,0,0,0,0,0,0,0,0
R282989804,0,0,0,0,0,0,0,0,0,0,0,0,0,0,0,0,0,0,0,0,0
R283007121,0,0,0,0,0,0,0,0,0,0,0,1,0,0,0,0,0,0,0,0,0
R283021659,0,0,0,0,0,0,0,0,0,0,0,0,0,0,0,1,0,0,0,0,0
R283033380,0,0,0,0,0,0,0,0,0,0,0,1,0,0,0,0,0,0,0,0,0
R283036894,0,0,0,0,0,0,0,0,0,0,0,0,0,0,0,0,0,0,0,0,0
R283061240,0,0,0,0,0,0,0,0,0,0,0,0,0,0,0,0,0,0,0,0,0
R283065007,0,0,0,0,0,0,0,0,0,0,0,0,0,0,1,0,0,0,1,0,0
R283066031,0,0,0,0,0,0,0,0,0,0,0,0,0,0,1,1,0,0,0,0,0
R283068343,0,0,0,0,0,0,1,1,0,0,0,0,0,0,0,0,0,0,0,0,0
R283084380,0,0,0,0,0,0,0,0,0,0,0,0,0,0,0,0,0,0,0,0,0
R283095872,0,0,0,0,0,0,0,0,0,0,0,0,0,0,1,0,0,0,0,0,0
R283096043,0,0,0,0,0,0,0,0,0,0,0,1,0,0,0,0,0,0,0,0,0
R283108579,0,0,0,0,0,0,0,0,0,0,0,0,0,0,0,0,0,0,0,0,0
R283126697,0,0,0,0,0,0,0,0,0,0,0,0,0,0,0,0,0,0,0,0,0
R283139844,0,0,0,0,0,0,0,0,0,0,0,1,0,0,0,0,0,0,0,0,0
R283155320,0,0,0,0,0,0,0,0,0,0,0,0,0,0,0,0,0,0,0,0,0
R283185892,0,0,0,0,0,0,0,0,0,0,0,0,0,0,0,1,0,0,0,0,0
R283219997,0,0,0,0,0,0,0,0,0,0,0,0,0,0,0,0,0,0,0,0,0
R283235897,0,0,0,0,0,0,0,0,0,0,0,0,0,0,0,0,0,0,0,0,0
R283335741,0,0,0,0,0,0,0,0,0,0,0,1,0,0,0,0,0,0,0,0,0
R283347510,0,0,0,0,0,0,0,0,0,0,0,0,0,0,0,0,0,0,0,0,0
R283373176,0,0,0,0,0,0,0,1,0,0,0,1,0,0,1,1,0,0,0,0,0
R283387980,0,0,0,0,0,0,0,0,0,0,0,0,0,0,0,0,0,0,0,0,0
R283395334,0,0,0,0,0,0,0,0,0,0,0,0,0,0,0,0,0,0,0,0,0
R283445708,0,0,0,0,0,0,1,1,0,0,0,0,0,0,1,0,0,0,0,0,0
R283454495,0,0,0,0,0,0,0,0,0,0,0,1,0,0,0,0,0,0,0,0,0
R283474436,0,0,0,0,0,0,0,0,0,0,0,0,0,0,0,1,0,0,0,0,0
R283501551,0,0,0,0,0,0,0,0,0,0,0,0,0,0,0,0,0,0,0,0,0
R283587035,0,0,0,0,0,0,0,0,0,0,0,0,0,0,0,0,0,0,0,0,0
R283605452,0,0,0,0,0,0,0,0,0,0,0,0,0,0,0,0,0,0,0,0,0
R283627726,0,0,0,0,0,0,0,0,0,0,0,0,0,0,1,0,0,0,1,0,0
R283636591,0,0,0,0,0,0,0,0,0,0,0,0,0,0,0,0,0,0,0,0,0
R283666303,0,0,0,0,0,0,0,0,0,0,0,1,0,0,1,1,0,1,0,0,0
R283672159,0,0,0,0,0,0,0,0,0,0,0,0,0,0,0,0,0,0,0,0,0
R283692501,0,0,0,0,0,0,0,0,0,0,0,0,0,0,0,0,0,0,0,0,0
R283737448,0,0,0,0,0,0,0,0,0,0,0,0,0,0,0,0,0,0,0,0,0
R283760623,0,0,0,0,0,0,0,0,0,0,0,0,0,0,0,0,0,0,0,1,0
R283762671,0,0,0,0,0,0,0,0,0,0,0,0,0,0,0,0,0,0,0,0,0
R283795722,0,0,0,0,0,0,0,0,0,0,0,0,0,0,0,0,0,0,0,0,0
R283802283,0,0,0,0,0,0,0,0,0,0,0,0,0,0,0,0,0,0,0,0,0
R283805095,0,0,0,0,0,0,0,1,0,0,0,0,0,0,0,1,0,0,0,0,0
R283856956,0,0,0,0,0,0,0,0,0,0,0,0,0,0,0,0,0,0,0,0,0
R283886924,0,0,0,0,0,0,0,0,0,0,0,0,0,0,1,0,0,0,1,0,0
R283904038,0,0,0,0,0,0,0,0,0,0,0,0,0,0,0,0,0,0,0,0,0
R283904102,0,0,0,0,0,0,1,1,0,0,0,1,0,0,0,0,0,0,0,0,0
R283922812,0,0,0,0,0,0,0,0,0,0,0,0,0,0,0,0,0,0,0,0,0
R283933660,0,0,0,0,0,0,0,0,0,0,0,0,0,0,0,0,0,0,0,0,0
R283982151,0,0,0,0,0,0,0,0,0,0,0,0,0,0,0,1,0,0,0,0,0
R283984502,0,0,0,0,0,0,0,1,0,0,0,1,0,0,0,0,0,0,0,0,0
R284007847,0,0,0,0,0,0,0,0,0,0,0,1,0,0,0,0,0,0,0,1,0
R284014438,0,0,0,0,0,0,0,0,0,0,0,0,0,0,0,0,0,0,0,0,0
R284031265,0,0,0,0,0,0,1,1,0,0,0,0,0,0,1,0,0,0,0,0,0
R284072694,0,0,0,0,0,0,0,0,0,0,0,0,0,0,0,0,0,0,0,0,0
R284078167,0,0,0,0,0,0,0,0,0,0,0,0,0,0,0,0,0,0,0,0,0
R284114247,0,0,0,0,0,0,0,0,0,0,0,0,0,0,0,0,0,0,0,0,0
R284151398,0,0,0,0,0,0,0,0,0,0,0,0,0,0,0,0,0,0,0,0,0
R284153258,0,0,0,0,0,0,1,1,0,1,0,1,0,0,0,1,0,0,0,0,0
R284210655,0,0,0,0,0,0,1,1,0,0,0,1,0,0,1,0,0,0,1,1,0
R284269902,0,0,0,0,0,0,0,0,0,0,0,0,0,0,0,0,0,0,0,0,0
R284312565,0,0,0,0,0,0,0,0,0,0,0,0,0,0,0,0,0,0,0,0,0
R284318135,0,0,0,0,0,0,0,0,0,0,0,1,0,0,0,0,0,0,0,0,0
R284340907,0,0,0,0,0,0,0,0,0,0,0,0,0,0,1,0,0,0,0,0,0
R284391813,0,0,0,0,0,0,0,0,0,0,0,0,0,0,1,0,0,0,0,0,0
R284398986,0,0,0,0,0,0,0,0,0,0,0,0,0,0,1,0,0,0,0,0,0
R284411360,0,0,0,0,0,0,0,0,0,0,0,0,0,0,0,0,0,0,0,0,0
R284412920,0,0,0,0,0,0,0,0,0,0,0,0,0,0,0,0,0,0,0,0,0
R284416650,0,0,0,0,0,0,0,0,0,0,0,0,0,0,0,0,0,0,0,0,0
R284460296,0,0,0,0,0,0,1,1,0,0,0,0,0,0,0,0,0,0,0,0,0
R284464234,0,0,0,0,0,0,0,0,0,0,0,1,0,0,1,1,0,0,1,1,0
R284493938,0,0,0,0,0,0,0,0,0,0,0,0,0,0,0,0,0,0,0,0,0
R284494882,0,0,0,0,0,0,0,0,0,0,0,0,0,0,0,0,0,0,0,0,0
R284540519,0,0,0,0,0,0,0,0,0,0,0,0,0,0,0,0,0,0,0,0,0
R284548961,0,0,0,0,0,0,0,0,0,0,0,0,0,0,0,0,0,0,0,0,0
R284570053,0,0,0,0,0,0,0,0,0,0,0,0,0,0,0,0,0,0,0,0,0
R284605115,0,0,0,0,0,0,1,1,0,0,0,1,0,0,0,0,0,0,0,0,0
R284607190,0,0,0,0,0,0,0,0,0,0,0,0,0,0,0,0,0,0,0,0,0
R284615766,0,0,0,0,0,0,0,0,0,0,0,0,0,0,0,0,0,0,0,0,0
R284636604,0,0,0,0,0,0,0,0,0,0,0,0,0,0,0,0,0,0,0,0,0
R284648970,0,0,0,0,0,0,0,0,0,0,0,0,0,0,0,0,0,0,0,0,0
R284652092,0,0,0,0,0,0,0,0,0,0,0,0,0,0,0,0,0,0,0,0,0
R284655487,0,0,0,0,0,0,0,1,0,1,0,0,0,0,1,1,0,0,0,0,0
R284673843,0,0,0,0,0,0,0,0,0,0,0,0,0,0,0,0,0,0,0,0,0
R284710253,0,0,0,0,0,0,1,1,0,0,0,0,0,0,0,0,0,0,0,0,0
R284725539,0,0,0,0,0,0,0,0,0,0,0,1,0,0,0,1,0,0,0,0,0
R284730984,0,0,0,0,0,0,0,1,0,0,0,0,0,1,0,0,0,0,0,1,0
R284735123,0,0,0,0,0,0,0,0,0,0,0,0,0,0,0,0,0,0,0,0,0
R284746155,0,0,0,0,0,0,1,1,0,0,0,0,0,0,0,0,0,0,0,0,0
R284771040,0,0,0,0,0,0,0,0,0,0,0,0,0,0,0,0,0,0,0,0,0
R284790510,0,0,0,0,0,0,0,0,0,0,0,0,0,0,0,0,0,0,0,0,0
R284831460,0,0,0,0,0,0,0,0,0,0,0,0,0,0,0,0,0,0,0,0,0
R284887458,0,0,0,0,0,0,0,0,0,0,0,0,0,0,0,0,0,0,0,0,0
R284893933,0,0,0,0,0,0,0,0,0,0,0,0,0,0,0,0,0,0,0,0,0
R284902235,0,0,0,0,0,0,0,0,0,0,0,0,0,0,1,0,0,0,0,0,0
R284927817,0,0,0,0,0,0,0,0,0,0,0,0,0,0,0,0,0,0,0,0,0
R284948257,0,0,0,0,0,0,0,0,0,0,0,0,0,0,0,0,0,0,0,0,0
R284960552,0,0,0,0,0,0,1,1,0,1,0,1,0,0,1,1,0,0,0,1,0
R284995128,0,0,0,0,0,0,0,0,0,0,0,0,0,0,0,0,0,0,0,0,0
R285018934,0,0,0,0,0,0,0,0,0,0,0,0,0,0,0,0,0,0,0,1,0
R285032981,0,0,0,0,0,0,0,0,0,0,0,0,0,0,0,0,0,0,0,0,0
R285073820,0,0,0,0,0,0,0,0,0,0,0,0,0,0,0,0,0,0,0,0,0
R285082263,0,0,0,0,0,0,0,0,0,0,0,0,0,0,0,0,0,0,0,0,0
R285130936,0,0,0,0,0,0,0,0,0,0,0,0,0,0,0,0,0,0,0,0,0
R285141789,0,0,0,0,0,0,0,0,0,0,0,0,0,0,0,0,0,0,0,0,0
R285158326,0,0,0,0,0,0,0,0,0,0,0,0,0,0,0,0,0,0,0,0,0
R285190405,0,0,0,0,0,0,0,0,0,0,0,0,0,0,0,0,0,0,0,0,0
R285191484,0,0,0,0,0,0,0,0,0,0,0,0,0,0,0,0,0,0,0,0,0
R285193011,0,0,0,0,0,0,0,0,0,0,0,0,0,0,0,0,0,0,0,0,0
R285207128,0,0,0,0,0,0,0,0,0,0,0,0,0,0,1,0,0,0,0,1,0
R285213956,0,0,0,0,0,0,0,0,1,0,0,0,0,0,1,0,0,0,1,0,0
R285217018,0,0,0,0,0,0,0,0,0,0,0,0,0,0,0,0,0,0,0,0,0
R285293717,0,0,0,0,0,0,0,0,0,0,0,0,0,0,0,0,0,0,0,0,0
R285308477,0,0,0,0,0,0,1,1,0,1,0,0,0,0,1,1,0,0,1,0,0
R285314407,0,0,0,0,0,0,0,0,0,0,0,0,0,0,0,0,0,0,0,0,0
R285354194,0,0,0,0,0,0,0,0,0,0,0,0,0,0,0,0,0,0,0,0,0
R285374358,0,0,0,0,0,0,0,0,0,0,0,0,0,0,0,0,0,0,0,0,0
R285386547,0,0,0,0,0,0,0,0,0,0,0,0,0,0,0,0,0,0,0,0,0
R285392015,0,0,0,0,0,0,0,0,0,0,0,0,0,0,0,0,0,0,0,0,0
R285409533,0,0,0,0,0,0,0,0,0,0,0,0,0,0,0,0,0,0,0,0,0
R285447748,0,0,0,0,0,0,0,0,0,0,0,0,0,0,0,0,0,0,0,1,0
R285456011,0,0,0,0,0,0,0,0,0,0,0,0,0,0,0,0,0,0,0,0,0
R285502658,0,0,0,0,0,0,0,0,0,0,0,0,0,0,0,0,0,0,0,0,0
R285518854,0,0,0,0,0,0,0,0,0,0,0,0,0,0,0,0,0,0,0,0,0
R285547113,0,0,0,0,0,0,0,0,0,0,0,1,0,0,0,0,0,0,0,0,0
R285554742,0,0,0,0,0,0,0,0,0,0,0,0,0,0,0,0,0,0,0,0,0
R285616190,0,0,0,0,0,0,0,0,0,0,0,0,0,0,0,0,0,0,0,0,0
R285644006,0,0,0,0,0,0,0,0,0,0,0,1,0,0,0,1,0,0,0,0,0
R285644024,0,0,0,0,0,0,1,1,0,0,0,1,0,0,1,0,0,0,0,1,0
R285667062,0,0,0,0,0,0,0,0,0,0,0,1,0,0,1,0,0,0,0,0,0
R285726032,0,0,0,0,0,0,0,0,0,0,0,1,0,0,0,0,0,0,0,0,0
R285773780,0,0,0,0,0,0,0,0,0,0,0,0,0,0,0,1,0,0,0,0,0
R285802615,0,0,0,0,0,0,0,0,0,0,0,0,0,0,0,0,0,0,0,0,0
R285808979,0,0,0,0,0,0,0,0,0,0,0,0,0,0,0,0,0,0,0,0,0
R285818542,0,0,0,0,0,0,1,1,0,0,0,1,0,0,0,0,0,0,0,0,0
R285823454,0,0,0,0,0,0,0,0,0,0,0,0,0,0,0,0,0,0,0,0,0
R285848301,0,0,0,0,0,0,0,0,0,0,0,0,0,0,0,0,0,0,0,0,0
R285856788,0,0,0,0,0,0,0,0,0,0,0,0,0,0,0,0,0,0,0,0,0
R285865607,0,0,0,0,0,0,1,1,0,0,0,0,0,0,1,0,0,0,0,0,0
R285867396,0,0,0,0,0,0,0,0,0,0,0,0,0,0,0,0,0,0,0,0,0
R285873083,0,0,0,0,0,0,0,0,0,0,0,0,0,0,0,0,0,0,0,0,0
R285883376,0,0,0,0,0,0,0,0,0,0,0,0,0,0,0,0,0,0,0,0,0
R285898027,0,0,0,0,0,0,0,0,0,0,0,0,0,0,0,0,0,0,0,0,0
R285917598,0,0,0,0,0,0,0,0,0,0,0,0,0,0,0,0,0,0,0,0,0
R285947291,0,0,0,0,0,0,0,1,0,0,0,1,0,1,0,0,0,0,0,0,0
R285973919,0,0,0,0,0,0,0,0,0,0,0,0,0,0,0,0,0,0,0,0,0
R285986447,0,0,0,0,0,0,0,0,0,0,0,0,0,0,0,0,0,0,0,0,0
R285996060,0,0,0,0,0,0,0,1,0,0,0,0,0,0,0,1,0,0,0,0,0
R285997403,0,0,0,0,0,0,0,0,0,0,0,0,0,0,0,0,0,0,0,0,0
R286032424,0,0,0,0,0,0,0,0,0,0,0,0,0,0,0,0,0,0,0,0,0
R286036678,0,0,0,0,0,0,0,0,0,0,0,0,0,0,0,0,0,0,0,0,0
R286052830,0,0,0,0,0,0,0,0,0,0,0,0,0,0,0,0,0,0,0,0,0
R286052848,0,0,0,0,0,0,1,1,0,0,0,0,0,0,1,0,0,0,0,1,0
R286054944,0,0,0,0,0,0,0,0,0,0,0,0,0,0,0,0,0,0,0,0,0
R286055981,0,0,0,0,0,0,1,1,0,0,0,1,0,0,0,0,0,0,0,0,0
R286063786,0,0,0,0,0,0,0,0,0,0,0,1,0,0,0,0,0,0,0,0,0
R286072190,0,0,0,0,0,0,0,0,0,0,0,0,0,0,0,0,0,0,0,0,0
R286125210,0,0,0,0,0,0,0,0,0,0,0,0,0,0,0,0,0,0,0,0,0
R286137958,0,0,0,0,0,0,0,0,0,0,0,1,0,0,0,0,0,0,0,0,0
R286141181,0,0,0,0,0,0,0,0,0,0,0,0,0,0,0,1,0,0,0,0,0
R286159543,0,0,0,0,0,0,0,0,0,0,0,0,0,0,0,0,0,0,0,0,0
R286162708,0,0,0,0,0,0,0,0,0,0,0,0,0,0,0,0,0,0,0,0,0
R286165875,0,0,0,0,0,0,0,0,0,0,0,0,0,0,0,0,0,0,0,0,0
R286175477,0,0,0,0,0,0,0,1,0,0,0,1,0,1,0,0,0,0,0,0,0
R286203973,0,0,0,0,0,0,0,0,0,0,0,0,0,0,0,0,0,0,0,0,0
R286205823,0,0,0,0,0,0,0,0,0,0,0,0,0,0,0,0,0,0,0,0,0
R286220788,0,0,0,0,0,0,0,0,0,0,0,0,0,0,0,0,0,0,0,0,0
R286226744,0,0,0,0,0,0,0,0,0,0,0,0,0,0,0,0,0,0,0,0,0
R286235229,0,0,0,0,0,0,0,0,0,0,0,0,0,0,0,0,0,0,0,1,0
R286335409,0,0,0,0,0,0,0,0,0,0,0,0,0,0,0,0,0,0,0,0,0
R286341399,0,0,0,0,0,0,1,1,0,0,0,0,0,0,1,0,0,0,0,0,0
R286358153,0,0,0,0,0,0,0,1,0,1,0,0,0,0,1,1,0,0,0,0,0
R286384411,0,0,0,0,0,0,0,0,0,0,0,0,0,0,0,0,0,0,0,0,0
R286407337,0,0,0,0,0,0,0,0,0,0,0,0,0,0,0,0,0,0,0,0,0
R286488208,0,0,0,0,0,0,0,0,0,0,0,0,0,0,0,0,0,0,0,0,0
R286513639,0,0,0,0,0,0,0,0,0,0,0,0,0,0,0,1,0,0,0,0,0
R286522379,0,0,0,0,0,0,0,0,0,0,0,0,0,0,0,0,0,0,0,0,0
R286540336,0,0,0,0,0,0,0,0,0,0,0,0,0,0,0,0,0,0,0,0,0
R286541797,0,0,0,0,0,0,0,0,0,0,0,0,0,0,0,0,0,0,0,0,0
R286546569,0,0,0,0,0,0,0,0,0,0,0,0,0,0,0,0,0,0,0,0,0
R286554430,0,0,0,0,0,0,0,0,0,0,0,0,0,0,0,0,0,0,0,0,0
R286563218,0,0,0,0,0,0,0,0,0,0,0,0,0,0,0,0,0,0,0,0,0
R286579599,0,0,0,0,0,0,0,0,0,0,0,0,0,0,0,0,0,0,0,0,0
R286608632,0,0,0,0,0,0,0,0,0,0,0,1,0,0,0,0,0,0,0,0,0
R286679366,0,0,0,0,0,0,0,1,0,0,0,1,0,0,1,0,0,0,1,1,0
R286701166,0,0,0,0,0,0,0,0,0,0,0,0,0,0,0,0,0,0,0,0,0
R286716224,0,0,0,0,0,0,0,0,0,0,0,0,0,0,0,0,0,0,0,0,0
R286719669,0,0,0,0,0,0,0,0,0,0,0,0,0,0,0,0,0,0,0,0,0
R286726138,0,0,0,0,0,0,0,0,0,0,0,0,0,0,0,0,0,0,0,0,0
R286727319,0,0,0,0,0,0,0,1,0,0,0,0,0,1,0,0,0,0,0,0,0
R286768512,0,0,0,0,0,0,0,0,0,0,0,0,0,0,0,0,0,0,0,0,0
R286769766,0,0,0,0,0,0,0,0,0,0,0,0,0,0,0,0,0,0,0,0,0
R286837353,0,0,0,0,0,0,0,0,0,0,0,0,0,0,0,0,0,0,0,0,0
R286897932,0,0,0,0,0,0,0,0,0,0,0,0,0,0,0,0,0,0,0,0,0
R286925438,0,0,0,0,0,0,0,0,0,0,0,1,0,0,0,0,0,0,0,0,0
R286936999,0,0,0,0,0,0,0,0,0,0,0,0,0,0,0,0,0,0,0,0,0
R286975742,0,0,0,0,0,0,0,0,0,0,0,0,0,0,0,0,0,0,0,0,0
R286980828,0,0,0,0,0,0,0,0,0,0,0,0,0,0,0,0,0,0,0,0,0
R286997240,0,0,0,0,0,0,0,0,0,0,0,0,0,0,0,0,0,0,0,0,0
R287000440,0,0,0,0,0,0,0,0,0,0,0,0,0,0,0,0,0,0,0,0,0
R287011487,0,0,0,0,0,0,0,0,0,0,0,1,0,0,0,0,0,0,0,0,0
R287021381,0,0,0,0,0,0,0,0,0,0,0,0,0,0,0,0,0,0,0,0,0
R287031275,0,0,0,0,0,0,0,0,0,0,0,0,0,0,0,0,0,0,0,0,0
R287034605,0,0,0,0,0,0,1,1,0,1,0,0,0,0,0,1,0,0,0,0,0
R287041288,0,0,0,0,0,0,0,0,0,0,0,0,0,0,0,0,0,0,0,0,0
R287060180,0,0,0,0,0,0,0,0,0,0,0,0,0,0,0,0,0,0,0,0,0
R287061606,0,0,0,0,0,0,0,0,0,0,0,0,0,0,0,0,0,0,0,0,0
R287088463,0,0,0,0,0,0,0,0,0,0,0,0,0,0,1,0,0,0,0,0,0
R287148552,0,0,0,0,0,0,0,0,0,0,0,0,0,0,0,0,0,0,0,0,0
R287160533,0,0,0,0,0,0,1,1,0,0,0,0,0,0,1,0,0,0,1,0,0
R287181754,0,0,0,0,0,0,0,0,0,0,0,0,0,0,0,1,0,0,0,0,0
R287222945,0,0,0,0,0,0,0,0,0,0,0,0,0,0,0,0,0,0,0,0,0
R287231030,0,0,0,0,0,0,0,1,0,0,0,0,0,0,0,0,0,0,0,1,0
R287258953,0,0,0,0,0,0,0,0,0,0,0,0,0,0,0,0,0,0,0,0,0
R287283955,0,0,0,0,0,0,0,0,0,0,0,0,0,0,0,0,0,0,0,0,0
R287299691,0,0,0,0,0,0,1,1,0,0,0,0,0,0,0,0,0,0,0,0,0
R287320583,0,0,0,0,0,0,0,0,0,0,0,0,0,0,0,0,0,0,0,0,0
R287331124,0,0,0,0,0,0,0,0,0,0,0,0,0,0,0,0,1,0,0,1,0
R287393462,0,0,0,0,0,0,0,0,0,0,0,0,0,0,1,0,0,0,1,0,0
R287404366,0,0,0,0,0,0,0,0,0,0,0,0,0,0,0,0,0,0,0,0,0
R287409339,0,0,0,0,0,0,0,0,0,0,0,0,0,0,0,0,0,0,0,0,0
R287421739,0,0,0,0,0,0,0,0,0,0,0,0,0,0,1,0,0,0,0,1,0
R287427009,0,0,0,0,0,0,0,0,0,0,0,0,0,0,0,0,0,0,0,0,0
R287432235,0,0,0,0,0,0,0,0,0,0,0,0,0,0,0,0,0,0,0,0,0
R287462105,0,0,0,0,0,0,0,0,0,0,0,0,0,0,0,0,0,0,0,0,0
R287474781,0,0,0,0,0,0,0,0,0,0,0,0,0,0,0,0,0,0,0,0,0
R287479586,0,0,0,0,0,0,0,0,0,0,0,0,0,0,0,0,0,0,0,0,0
R287529225,0,0,0,0,0,0,1,1,0,0,0,0,0,0,0,0,0,0,0,0,0
R287529800,0,0,0,0,0,0,0,0,0,1,0,0,0,0,0,1,0,0,0,1,0
R287533214,0,0,0,0,0,0,0,0,0,0,0,0,0,0,0,0,0,0,0,0,0
R287616460,0,0,0,0,0,0,0,0,0,0,0,0,0,0,0,0,0,0,0,0,0
R287618399,0,0,0,0,0,0,1,1,0,0,0,0,0,0,1,0,0,0,1,0,0
R287623043,0,0,0,0,0,0,0,0,0,0,0,0,0,0,0,0,0,0,0,0,0
R287625972,0,0,0,0,0,0,0,0,0,0,0,0,0,0,0,0,0,0,0,0,0
R287647866,0,0,0,0,0,0,0,0,0,0,0,0,0,0,0,0,0,0,0,0,0
R287648847,0,0,0,0,0,0,1,1,0,1,0,0,0,0,1,1,0,0,0,0,0
R287665386,0,0,0,0,0,0,0,1,0,1,0,0,0,0,0,1,0,0,0,0,0
R287672425,0,0,0,0,0,0,1,1,0,0,0,0,0,0,0,0,0,0,0,0,0
R287678111,0,0,0,0,0,0,0,0,0,0,0,1,0,0,0,0,0,0,0,0,0
R287682561,0,0,0,0,0,0,0,0,0,0,0,0,0,0,0,0,0,0,0,0,0
R287693980,0,0,0,0,0,0,0,0,0,0,0,0,0,0,0,0,0,0,0,0,0
R287696378,0,0,0,0,0,0,0,0,0,0,0,0,0,0,1,0,0,0,1,0,0
R287718330,0,0,0,0,0,0,0,0,0,0,0,0,0,0,0,0,0,0,0,0,0
R287718624,0,0,0,0,0,0,1,1,0,0,0,1,0,0,0,0,0,0,0,0,0
R287753579,0,0,0,0,0,0,0,0,0,0,0,0,0,0,0,0,0,0,0,0,0
R287757684,0,0,0,0,0,0,0,0,0,0,0,0,0,0,0,0,0,0,0,0,0
R287774615,0,0,0,0,0,0,0,0,0,0,0,1,0,0,0,0,0,0,0,0,0
R287785134,0,0,0,0,0,0,0,0,0,0,0,0,0,0,0,0,0,0,0,0,0
R287801634,0,0,0,0,0,0,0,0,0,0,0,0,0,0,1,0,0,0,1,0,0
R287814361,0,0,0,0,0,0,0,0,0,0,0,0,0,0,0,0,0,0,0,0,0
R287816964,0,0,0,0,0,0,0,0,0,0,0,0,0,0,0,0,0,0,0,0,0
R287859967,0,0,0,0,0,0,0,0,0,0,0,0,0,0,0,0,0,0,0,0,0
R287863590,0,0,0,0,0,0,0,0,0,0,0,1,0,0,0,1,0,0,0,0,0
R287874878,0,0,0,0,0,0,0,0,0,0,0,0,0,0,0,0,0,0,0,0,0
R287905568,0,0,0,0,0,0,0,0,0,0,0,0,0,0,0,0,0,0,0,0,0
R287941303,0,0,0,0,0,0,0,0,0,0,0,0,0,0,0,0,0,0,0,0,0
R287941608,0,0,0,0,0,0,0,0,0,0,0,0,0,0,0,0,0,0,0,0,0
R287957578,0,0,0,0,0,0,0,0,0,0,0,0,0,0,0,0,0,0,0,0,0
R287961920,0,0,0,0,0,0,0,0,0,0,0,0,0,0,0,0,0,0,0,0,0
R287962172,0,0,0,0,0,0,0,0,0,0,0,0,0,0,0,0,0,0,0,0,0
R287987105,0,0,0,0,0,0,1,1,0,0,0,1,0,0,0,0,0,0,0,0,0
R288019473,0,0,0,0,0,0,0,0,0,0,0,0,0,0,0,0,0,0,0,0,0
R288020594,0,0,0,0,0,0,0,0,0,0,0,0,0,0,0,0,0,0,0,1,0
R288049489,0,0,0,0,0,0,0,0,0,0,0,0,0,0,0,0,0,0,0,0,0
R288092232,0,0,0,0,0,0,0,0,0,0,0,0,0,0,0,1,0,0,0,0,0
R288127716,0,0,0,0,0,0,0,0,0,0,0,0,0,0,0,0,1,0,0,1,0
R288150362,0,0,0,0,0,0,0,0,0,0,0,0,0,0,0,0,0,0,0,0,0
R288185539,0,0,0,0,0,0,0,0,0,0,0,0,0,0,1,0,0,0,1,0,0
R288195364,0,0,0,0,0,0,0,1,0,0,0,0,0,0,0,0,0,1,0,0,0
R288204467,0,0,0,0,0,0,0,0,0,0,0,0,0,0,0,0,0,0,0,0,0
R288218206,0,0,0,0,0,0,0,0,0,0,0,0,0,0,0,0,0,0,0,0,0
R288230369,0,0,0,0,0,0,1,1,0,0,0,1,0,0,1,0,0,0,0,0,0
R288245389,0,0,0,0,0,0,0,0,0,0,0,0,0,0,0,0,0,0,0,0,0
R288282941,0,0,0,0,0,0,0,0,0,0,0,0,0,0,0,1,0,0,0,0,0
R288297625,0,0,0,0,0,0,0,0,0,0,0,1,0,0,0,0,0,0,0,0,0
R288343112,0,0,0,0,0,0,0,0,0,0,0,0,0,0,0,0,0,0,0,0,0
R288343846,0,0,0,0,0,0,0,0,0,0,0,0,0,0,0,0,0,0,0,0,0
R288363379,0,0,0,0,0,0,1,1,0,0,0,1,0,0,0,0,0,0,0,0,0
R288372876,0,0,0,0,0,0,0,0,0,0,0,0,0,0,0,0,0,0,0,0,0
R288396326,0,0,0,0,0,0,0,0,0,0,0,0,0,0,0,0,0,0,0,0,0
R288426338,0,0,0,0,0,0,0,0,0,0,0,0,0,0,0,0,0,0,0,0,0
R288456226,0,0,0,0,0,0,0,0,0,0,0,1,0,0,0,0,0,0,0,0,0
R288478198,0,0,0,0,0,0,0,0,0,0,0,0,0,0,0,0,0,0,0,0,0
R288508607,0,0,0,0,0,0,0,0,0,1,0,0,0,0,0,1,0,0,0,0,0
R288525396,0,0,0,0,0,0,0,0,0,0,0,0,0,0,0,0,0,0,0,0,0
R288538172,0,0,0,0,0,0,0,0,0,0,0,0,0,0,0,0,0,0,0,0,0
R288565765,0,0,0,0,0,0,0,0,0,0,0,0,0,0,0,0,0,0,0,0,0
R288566904,0,0,0,0,0,0,0,0,0,0,0,0,0,0,1,0,0,0,0,0,0
R288589835,0,0,0,0,0,0,0,0,0,1,0,0,0,0,0,1,0,0,0,0,0
R288600953,0,0,0,0,0,0,0,0,0,0,0,0,0,0,0,0,0,0,0,0,0
R288602150,0,0,0,0,0,0,0,0,0,0,0,0,0,0,0,0,0,0,0,0,0
R288639046,0,0,0,0,0,0,0,0,0,0,0,0,0,0,0,0,0,0,0,0,0
R288708350,0,0,0,0,0,0,0,0,0,0,0,1,0,0,0,0,0,0,0,0,0
R288716176,0,0,0,0,0,0,1,1,0,0,0,0,0,0,1,0,0,0,1,0,0
R288717883,0,0,0,0,0,0,0,1,0,0,0,0,0,0,0,1,0,0,0,0,0
R288736609,0,0,0,0,0,0,0,0,0,0,0,0,0,0,0,0,0,0,0,0,0
R288747675,0,0,0,0,0,0,0,0,0,0,0,0,0,0,0,0,0,0,0,0,0
R288793984,0,0,0,0,0,0,0,0,0,0,0,0,0,0,0,0,0,0,0,0,0
R288820269,0,0,0,0,0,0,0,0,0,0,0,0,0,0,0,0,0,0,0,0,0
R288838541,0,0,0,0,0,0,0,0,0,0,0,0,0,0,0,0,0,0,0,0,0
R288851345,0,0,0,0,0,0,1,1,0,0,0,0,0,0,0,0,0,0,0,0,0
R288862075,0,0,0,0,0,0,0,0,0,0,0,0,0,0,1,0,0,0,1,1,0
R288874356,0,0,0,0,0,0,0,0,0,0,0,0,0,0,0,0,0,0,0,0,0
R288910420,0,0,0,0,0,0,0,0,0,0,0,0,0,0,0,0,0,0,0,0,0
R288928616,0,0,0,0,0,0,0,0,0,0,0,0,0,0,0,0,0,0,0,0,0
R288961100,0,0,0,0,0,0,0,0,0,0,0,0,0,0,0,0,0,0,0,0,0
R288964258,0,0,0,0,0,0,1,1,0,0,0,1,0,0,1,0,0,0,0,0,0
R288996277,0,0,0,0,0,0,0,0,0,0,0,0,0,0,0,0,0,0,0,0,0
R289007547,0,0,0,0,0,0,0,0,0,0,0,0,0,0,0,0,0,0,0,0,0
R289013416,0,0,0,0,0,0,0,0,0,0,0,0,0,0,0,0,0,0,0,0,0
R289021483,0,0,0,0,0,0,0,0,0,0,0,0,0,0,0,0,0,0,0,0,0
R289031636,0,0,0,0,0,0,0,1,0,0,0,0,0,0,1,0,0,0,1,0,0
R289094737,0,0,0,0,0,0,0,0,0,0,0,1,0,0,0,0,0,0,0,0,0
R289109274,0,0,0,0,0,0,1,1,0,1,0,1,0,1,1,1,0,0,1,0,0
R289170414,0,0,0,0,0,0,1,1,0,0,0,1,0,0,0,0,0,0,0,0,0
R289183325,0,0,0,0,0,0,0,0,0,0,0,0,0,0,0,0,0,0,0,0,0
R289184990,0,0,0,0,0,0,0,0,0,0,0,0,0,0,0,0,0,0,0,0,0
R289206429,0,0,0,0,0,0,0,0,0,0,0,0,0,0,1,0,0,0,0,0,0
R289214236,0,0,0,0,0,0,0,0,0,0,0,0,0,0,0,0,0,0,0,0,0
R289248779,0,0,0,0,0,0,0,0,0,0,0,0,0,0,0,0,0,0,0,0,0
R289250471,0,0,0,0,0,0,0,0,0,0,0,1,0,0,0,0,0,0,0,0,0
R289261181,0,0,0,0,0,0,1,1,0,0,0,0,0,0,1,0,0,0,0,0,0
R289284494,0,0,0,0,0,0,1,1,0,0,0,0,0,0,0,0,0,0,0,0,0
R289289617,0,0,0,0,0,0,0,0,0,0,0,0,0,0,0,0,0,0,0,0,0
R289303942,0,0,0,0,0,0,0,0,0,0,0,0,0,0,0,0,0,0,0,0,0
R289332716,0,0,0,0,0,0,0,0,0,0,0,0,0,0,0,0,0,0,0,0,0
R289342757,0,0,0,0,0,0,0,0,0,0,0,0,0,0,0,0,0,0,0,0,0
R289374058,0,0,0,0,0,0,0,0,0,0,0,0,0,0,0,0,0,0,0,0,0
R289405037,0,0,0,0,0,0,0,0,0,0,0,0,0,0,0,0,0,0,0,0,0
R289444174,0,0,0,0,0,0,0,0,0,0,0,0,0,0,0,0,0,0,0,0,0
R289452189,0,0,0,0,0,0,0,0,0,0,0,0,0,0,0,0,0,0,0,0,0
R289466952,0,0,0,0,0,0,0,0,0,0,0,0,0,0,1,0,0,0,0,0,0
R289478876,0,0,0,0,0,0,0,0,0,0,0,1,0,0,1,0,0,0,0,0,0
R289480873,0,0,0,0,0,0,1,1,0,0,0,1,0,0,0,0,0,0,0,0,0
R289491956,0,0,0,0,0,0,0,0,0,0,0,0,0,0,0,0,0,0,0,0,0
R289508421,0,0,0,0,0,0,0,0,0,0,0,0,0,0,0,0,0,0,0,0,0
R289509824,0,0,0,0,0,0,0,0,0,0,0,0,0,0,0,0,0,0,0,0,0
R289512641,0,0,0,0,0,0,0,0,0,0,0,0,0,0,0,0,0,0,0,0,0
R289525057,0,0,0,0,0,0,0,0,0,0,0,0,0,0,0,0,0,0,0,0,0
R289534235,0,0,0,0,0,0,0,0,0,0,0,0,0,0,0,0,0,0,0,0,0
R289573152,0,0,0,0,0,0,0,0,0,0,0,0,0,0,0,0,0,0,0,0,0
R289578852,0,0,0,0,0,0,0,0,0,0,0,0,0,0,0,0,0,0,0,0,0
R289594708,0,0,0,0,0,0,0,0,0,0,0,1,0,0,0,0,0,0,0,0,0
R289608057,0,0,0,0,0,0,0,0,0,0,0,0,0,0,0,0,0,0,0,0,0
R289610821,0,0,0,0,0,0,0,0,0,0,0,0,0,0,0,0,0,0,0,0,0
R289625391,0,0,0,0,0,0,1,1,0,0,0,0,0,0,0,0,0,0,0,0,0
R289628635,0,0,0,0,0,0,0,0,0,0,0,0,0,0,0,0,0,0,0,0,0
R289632393,0,0,0,0,0,0,0,0,0,0,0,0,0,0,0,0,0,0,0,0,0
R289641055,0,0,0,0,0,0,0,0,0,0,0,0,0,0,0,0,0,0,0,0,0
R289646093,0,0,0,0,0,0,0,0,0,0,0,0,0,0,0,0,0,0,0,0,0
R289676450,0,0,0,0,0,0,0,0,0,0,0,0,0,0,0,0,0,0,0,0,0
R289680559,0,0,0,0,0,0,0,0,0,0,0,0,0,0,0,0,0,0,0,0,0
R289681314,0,0,0,0,0,0,0,0,0,0,0,0,0,0,0,0,0,0,0,0,0
R289688795,0,0,0,0,0,0,0,0,0,0,0,0,0,0,0,0,0,0,0,0,0
R289736536,0,0,0,0,0,0,0,0,0,0,0,0,0,0,0,0,0,0,0,0,0
R289744885,0,0,0,0,0,0,0,0,0,0,0,0,0,0,0,0,1,0,0,1,0
R289755073,0,0,0,0,0,0,1,1,0,0,0,1,0,1,0,1,0,0,0,0,0
R289759184,0,0,0,0,0,0,0,0,0,0,0,0,0,0,0,0,0,0,0,0,0
R289764415,0,0,0,0,0,0,0,0,0,0,0,1,0,0,0,0,0,0,0,0,0
R289781052,0,0,0,0,0,0,0,0,0,0,0,0,0,0,0,0,0,0,0,0,0
R289804865,0,0,0,0,0,0,0,0,0,0,0,0,0,0,0,0,0,0,0,0,0
R289813178,0,0,0,0,0,0,0,0,0,0,0,0,0,0,0,0,0,0,0,0,0
R289833983,0,0,0,0,0,0,0,0,0,0,0,0,0,0,0,0,0,0,0,1,0
R289834637,0,0,0,0,0,0,0,0,0,0,0,0,0,0,0,0,0,0,0,1,0
R289839862,0,0,0,0,0,0,0,0,0,0,0,0,0,0,0,0,0,0,0,0,0
R289846975,0,0,0,0,0,0,0,0,0,0,0,0,0,0,0,0,0,0,0,0,0
R289877464,0,0,0,0,0,0,0,0,0,0,0,0,0,0,1,0,0,0,1,0,0
R289897317,0,0,0,0,0,0,0,0,0,0,0,0,0,0,0,0,0,0,0,0,0
R289947892,0,0,0,0,0,0,0,0,0,0,0,0,0,0,1,0,0,0,1,0,0
R289997472,0,0,0,0,0,0,0,0,0,0,0,0,0,0,0,0,0,0,0,1,0
R290002927,0,0,0,0,0,0,0,0,0,0,0,0,0,0,0,0,0,0,0,0,0
R290065153,0,0,0,0,0,0,0,0,0,0,0,0,0,0,0,0,0,0,0,0,0
R290079297,0,0,0,0,0,0,0,0,0,0,0,0,0,0,0,0,0,0,0,0,0
R290088683,0,0,0,0,0,0,0,0,0,0,0,0,0,0,0,0,0,0,0,0,0
R290113768,0,0,0,0,0,0,0,0,0,0,0,0,0,0,0,0,0,0,0,0,0
R290118525,0,0,0,0,0,0,0,0,0,0,0,0,0,0,0,0,0,0,0,0,0
R290138407,0,0,0,0,0,0,0,0,0,0,0,0,0,0,0,0,0,0,0,0,0
R290166190,0,0,0,0,0,0,0,0,0,0,0,0,0,0,0,0,0,0,0,0,0
R290213737,0,0,0,0,0,0,0,0,0,0,0,0,0,0,0,0,0,0,0,0,0
R290261066,0,0,0,0,0,0,0,0,0,0,0,0,0,0,0,0,0,0,0,0,0
R290310332,0,0,0,0,0,0,0,0,0,0,0,0,0,0,0,0,0,0,0,0,0
R290323072,0,0,0,0,0,0,0,1,0,0,0,1,0,1,0,0,0,0,0,0,0
R290323133,0,0,0,0,0,0,1,1,0,0,0,0,0,0,0,0,0,0,0,0,0
R290353812,0,0,0,0,0,0,1,1,0,1,0,1,0,0,1,1,0,0,0,0,0
R290364180,0,0,0,0,0,0,0,0,0,0,0,0,0,0,0,1,0,0,0,0,0
R290366255,0,0,0,0,0,0,0,0,0,0,0,0,0,0,0,0,0,0,0,0,0
R290382816,0,0,0,0,0,0,0,0,0,0,0,0,0,0,0,0,0,0,0,0,0
R290387344,0,0,0,0,0,0,0,0,0,0,0,0,0,0,0,0,0,0,0,0,0
R290412347,0,0,0,0,0,0,1,1,0,0,0,0,0,0,1,0,0,0,0,0,0
R290435689,0,0,0,0,0,0,0,0,0,0,0,0,0,0,0,0,0,0,0,0,0
R290463654,0,0,0,0,0,0,0,0,0,0,0,0,0,0,0,0,0,0,0,0,0
R290498434,0,0,0,0,0,0,0,0,0,0,0,0,0,0,0,0,0,0,0,0,0
R290502980,0,0,0,0,0,0,0,0,0,0,0,0,0,0,0,0,0,0,0,0,0
R290530917,0,0,0,0,0,0,0,0,0,0,0,0,0,0,0,0,0,0,0,0,0
R290531704,0,0,0,0,0,0,0,0,0,0,0,0,0,0,0,0,0,0,0,0,0
R290531729,0,0,0,0,0,0,0,1,0,0,0,1,0,1,0,0,0,0,0,0,0
R290534781,0,0,0,0,0,0,0,0,0,0,0,0,0,0,0,0,0,0,0,0,0
R290535003,0,0,0,0,0,0,0,0,0,0,0,0,0,0,0,0,0,0,0,0,0
R290568126,0,0,0,0,0,0,0,0,0,0,0,0,0,0,0,0,0,0,0,0,0
R290597176,0,0,0,0,0,0,0,0,0,0,0,0,0,0,0,0,0,0,0,0,0
R290600527,0,0,0,0,0,0,0,0,0,1,0,1,0,0,0,1,0,0,0,0,0
R290609863,0,0,0,0,0,0,0,0,0,0,0,0,0,0,0,0,0,0,0,0,0
R290656562,0,0,0,0,0,0,0,0,0,0,0,0,0,0,0,0,0,0,0,0,0
R290669716,0,0,0,0,0,0,0,0,0,0,0,0,0,0,0,0,0,0,0,0,0
R290684209,0,0,0,0,0,0,0,0,0,0,0,0,0,0,0,0,0,0,0,0,0
R290710438,0,0,0,0,0,0,0,0,0,0,0,0,0,0,0,0,0,0,0,0,0
R290740251,0,0,0,0,0,0,0,0,0,0,0,0,0,0,0,0,0,0,0,1,0
R290755456,0,0,0,0,0,0,0,0,0,0,0,0,0,0,0,1,0,0,0,0,0
R290767488,0,0,0,0,0,0,0,0,0,0,0,0,0,0,0,0,0,0,0,0,0
R290769671,0,0,0,0,0,0,0,0,0,0,0,0,0,0,0,0,0,0,0,0,0
R290780511,0,0,0,0,0,0,0,0,0,0,0,0,0,0,0,0,0,0,0,0,0
R290782963,0,0,0,0,0,0,0,0,0,0,0,0,0,0,1,0,0,0,0,0,0
R290792897,0,0,0,0,0,0,0,0,0,0,0,0,0,0,0,1,0,0,0,0,0
R290806740,0,0,0,0,0,0,0,0,0,0,0,0,0,0,0,0,0,0,0,0,0
R290806775,0,0,0,0,0,0,0,0,0,0,0,0,0,0,0,0,0,0,0,0,0
R290865248,0,0,0,0,0,0,0,0,0,0,0,0,0,0,0,0,0,0,0,0,0
R290896378,0,0,0,0,0,0,0,0,0,0,0,0,0,0,0,0,0,0,0,0,0
R290909201,0,0,0,0,0,0,0,0,0,0,0,0,0,0,0,0,0,0,0,0,0
R290921426,0,0,0,0,0,0,0,0,0,0,0,1,0,0,0,1,0,0,0,0,0
R290930752,0,0,0,0,0,0,0,0,0,0,0,0,0,0,0,0,0,0,0,0,0
R290961313,0,0,0,0,0,0,0,1,0,1,0,1,0,0,0,1,0,0,0,0,0
R290994747,0,0,0,0,0,0,0,0,0,0,0,0,0,0,0,0,0,0,0,0,0
R291006218,0,0,0,0,0,0,0,0,0,0,0,0,0,0,0,0,0,0,0,0,0
R291024900,0,0,0,0,0,0,0,0,0,0,0,0,0,0,1,1,0,0,0,0,0
R291026587,0,0,0,0,0,0,0,0,0,0,0,0,0,0,1,0,0,0,0,0,0
R291026970,0,0,0,0,0,0,0,0,0,0,0,0,0,0,1,0,0,0,1,0,0
R291049314,0,0,0,0,0,0,0,0,0,0,0,0,0,0,0,0,0,0,0,0,0
R291055335,0,0,0,0,0,0,0,0,0,0,0,0,0,0,0,0,0,0,0,0,0
R291057447,0,0,0,0,0,0,0,0,0,0,0,0,0,0,0,0,0,0,0,0,0
R291065214,0,0,0,0,0,0,0,0,0,0,0,0,0,0,0,0,0,0,0,0,0
R291078491,0,0,0,0,0,0,1,1,0,0,0,1,0,0,1,0,0,0,0,0,0
R291094005,0,0,0,0,0,0,0,0,0,0,0,0,0,0,1,0,0,0,1,0,0
R291173976,0,0,0,0,0,0,0,0,0,0,0,0,0,0,0,0,0,0,0,0,0
R291196956,0,0,0,0,0,0,0,0,0,0,0,0,0,0,1,0,0,0,0,0,0
R291197985,0,0,0,0,0,0,0,0,0,0,0,0,0,0,0,0,0,0,0,0,0
R291210057,0,0,0,0,0,0,0,0,0,0,0,0,0,0,0,0,0,0,0,0,0
R291219271,0,0,0,0,0,0,0,0,0,0,0,0,0,0,0,0,0,0,0,0,0
R291223815,0,0,0,0,0,0,0,0,0,0,0,0,0,0,0,0,0,0,0,0,0
R291224231,0,0,0,0,0,0,0,0,0,0,0,0,0,0,0,0,0,0,0,0,0
R291244101,0,0,0,0,0,0,0,0,0,0,0,0,0,0,0,0,0,0,0,0,0
R291248947,0,0,0,0,0,0,0,0,0,0,0,0,0,0,0,0,0,0,0,0,0
R291308150,0,0,0,0,0,0,1,1,0,0,0,1,0,0,0,0,0,0,0,0,0
R291318687,0,0,0,0,0,0,0,0,0,0,0,0,0,0,0,0,0,0,0,0,0
R291343548,0,0,0,0,0,0,0,0,0,0,0,0,0,0,0,0,0,0,0,0,0
R291348477,0,0,0,0,0,0,0,0,0,0,0,0,0,0,1,0,0,0,0,0,0
R291357274,0,0,0,0,0,0,0,0,0,0,0,0,0,0,0,0,1,0,0,1,0
R291365266,0,0,0,0,0,0,0,0,0,0,0,0,0,0,0,0,0,0,0,0,0
R291419555,0,0,0,0,0,0,1,1,0,0,0,1,0,1,0,1,0,0,0,0,0
R291428341,0,0,0,0,0,0,0,0,0,0,0,0,0,0,1,0,0,0,1,0,0
R291468847,0,0,0,0,0,0,0,0,0,0,0,0,0,0,0,0,0,0,0,0,0
R291481191,0,0,0,0,0,0,0,0,0,0,0,0,0,0,0,0,0,0,0,0,0
R291491178,0,0,0,0,0,0,0,0,0,0,0,0,0,0,1,0,0,0,1,0,0
R291513564,0,0,0,0,0,0,0,0,0,0,0,1,0,0,0,0,0,0,0,0,0
R291514055,0,0,0,0,0,0,0,1,0,1,0,0,0,0,1,1,0,0,0,0,0
R291537881,0,0,0,0,0,0,0,0,0,0,0,0,0,0,0,0,0,0,0,0,0
R291560418,0,0,0,0,0,0,0,0,0,0,0,1,0,0,0,0,0,0,0,0,0
R291585865,0,0,0,0,0,0,0,0,0,0,0,0,0,0,0,0,0,0,0,0,0
R291595088,0,0,0,0,0,0,0,0,0,0,0,0,0,0,0,0,0,0,0,0,0
R291604096,0,0,0,0,0,0,0,0,0,0,0,0,0,0,0,0,0,0,0,0,0
R291606259,0,0,0,0,0,0,1,1,0,0,0,0,0,0,0,0,0,0,0,0,0
R291637376,0,0,0,0,0,0,1,1,0,1,0,0,0,0,0,1,0,0,0,0,0
R291667591,0,0,0,0,0,0,0,1,0,0,0,1,0,1,0,0,0,0,0,0,0
R291673214,0,0,0,0,0,0,0,1,0,0,0,1,0,1,0,0,0,0,0,0,0
R291704739,0,0,0,0,0,0,0,0,0,0,0,0,0,0,0,0,0,0,0,0,0
R291723490,0,0,0,0,0,0,0,0,0,0,0,0,0,0,0,0,0,0,0,0,0
R291741308,0,0,0,0,0,0,0,0,0,0,0,1,0,0,0,0,0,0,0,0,0
R291759709,0,0,0,0,0,0,0,0,0,0,0,0,0,0,0,0,0,0,0,0,0
R291765981,0,0,0,0,0,0,0,0,0,0,0,0,0,0,0,0,0,0,0,0,0
R291770675,0,0,0,0,0,0,0,0,0,0,0,0,0,0,0,0,0,0,0,0,0
R291779082,0,0,0,0,0,0,0,0,0,0,0,0,0,0,0,0,0,0,0,0,0
R291779835,0,0,0,0,0,0,0,0,0,0,0,0,0,0,0,1,0,0,0,0,0
R291795093,0,0,0,0,0,0,0,0,0,0,0,0,0,0,0,0,0,0,0,0,0
R291797833,0,0,0,0,0,0,0,0,0,0,0,0,0,0,0,0,0,0,0,0,0
R291801122,0,0,0,0,0,0,0,0,0,0,0,1,0,0,0,1,1,0,0,1,0
R291826120,0,0,0,0,0,0,0,0,0,0,0,0,0,0,0,0,0,0,0,0,0
R291831252,0,0,0,0,0,0,0,0,0,0,0,0,0,0,0,0,0,0,0,1,0
R291944461,0,0,0,0,0,0,0,0,0,0,0,0,0,0,0,0,0,0,0,0,0
R291951457,0,0,0,0,0,0,0,0,0,0,0,0,0,0,0,0,0,0,0,0,0
R291968047,0,0,0,0,0,0,0,0,0,0,0,0,0,0,0,0,0,0,0,0,0
R291998869,0,0,0,0,0,0,1,1,0,0,0,0,0,0,0,0,0,0,0,1,0
R292016183,0,0,0,0,0,0,0,0,0,0,0,1,0,0,0,1,0,0,0,0,0
R292016858,0,0,0,0,0,0,1,1,0,0,0,1,0,0,0,0,0,0,0,0,0
R292021798,0,0,0,0,0,0,0,0,0,0,0,0,0,0,0,0,0,0,0,0,0
R292039079,0,0,0,0,0,0,0,0,0,0,0,1,0,0,0,0,0,0,0,0,0
R292045603,0,0,0,0,0,0,0,0,0,0,0,0,0,0,0,0,0,0,0,0,0
R292084002,0,0,0,0,0,0,0,0,0,0,0,0,0,0,1,0,0,0,0,0,0
R292085427,0,0,0,0,0,0,0,0,0,0,0,0,0,0,0,0,0,0,0,0,0
R292113774,0,0,0,0,0,0,0,0,0,0,0,0,0,0,0,0,0,0,0,0,0
R292128443,0,0,0,0,0,0,0,0,0,0,0,0,0,0,0,0,0,0,0,0,0
R292138524,0,0,0,0,0,0,1,1,0,0,0,0,0,0,1,0,0,0,0,0,0
R292157310,0,0,0,0,0,0,0,0,0,0,0,0,0,0,0,0,0,0,0,0,0
R292185185,0,0,0,0,0,0,0,1,0,0,0,0,0,0,0,1,0,0,0,0,0
R292193267,0,0,0,0,0,0,0,0,0,0,0,1,0,0,0,0,0,0,0,0,0
R292200903,0,0,0,0,0,0,0,0,0,0,0,0,0,0,0,0,0,0,0,0,0
R292222600,0,0,0,0,0,0,0,0,0,0,0,0,0,0,0,0,0,0,0,0,0
R292233725,0,0,0,0,0,0,0,0,0,0,0,0,0,0,0,0,0,0,0,0,0
R292260379,0,0,0,0,0,0,0,1,0,0,0,1,0,0,1,0,0,0,1,0,0
R292265623,0,0,0,0,0,0,0,0,0,0,0,0,0,0,0,0,0,0,0,0,0
R292296974,0,0,0,0,0,0,1,1,0,0,0,0,0,0,1,0,0,0,0,0,0
R292305416,0,0,0,0,0,0,1,1,0,0,0,0,0,0,1,0,0,0,1,0,0
R292373568,0,0,0,0,0,0,0,0,0,0,0,0,0,0,0,0,0,0,0,0,0
R292381871,0,0,0,0,0,0,0,0,0,0,0,0,0,0,0,0,1,0,0,1,0
R292399717,0,0,0,0,0,0,0,0,0,0,0,1,0,0,0,0,0,0,0,0,0
R292417308,0,0,0,0,0,0,0,0,0,0,0,0,0,0,1,0,0,0,0,0,0
R292436390,0,0,0,0,0,0,0,0,0,0,0,0,0,0,1,0,0,0,0,0,0
R292446964,0,0,0,0,0,0,0,1,0,0,0,1,0,0,0,1,0,1,0,0,0
R292457722,0,0,0,0,0,0,0,0,0,0,0,0,0,0,0,0,0,0,0,0,0
R292469360,0,0,0,0,0,0,0,0,0,0,0,0,0,0,0,1,0,0,0,1,0
R292469917,0,0,0,0,0,0,1,1,0,0,0,0,0,1,0,0,0,0,0,0,0
R292540444,0,0,0,0,0,0,0,0,0,0,0,0,0,0,1,0,0,0,0,0,0
R292576005,0,0,0,0,0,0,0,1,0,0,0,1,0,0,0,0,0,0,0,0,0
R292642043,0,0,0,0,0,0,1,1,0,1,0,0,0,0,1,1,0,0,0,0,0
R292646242,0,0,0,0,0,0,0,1,0,0,0,0,0,1,0,0,0,0,0,0,0
R292657664,0,0,0,0,0,0,0,0,0,0,0,0,0,0,0,0,0,0,0,0,0
R292698090,0,0,0,0,0,0,0,0,0,0,0,0,0,0,0,0,0,0,0,0,0
R292726075,0,0,0,0,0,0,1,1,0,1,0,1,0,0,0,1,0,0,0,1,0
R292729634,0,0,0,0,0,0,0,0,0,0,0,0,0,0,0,0,0,0,0,0,0
R292744303,0,0,0,0,0,0,0,1,0,0,0,1,0,1,0,0,0,0,0,0,0
R292752550,0,0,0,0,0,0,0,0,0,0,0,0,0,0,0,0,0,0,0,1,0
R292771500,0,0,0,0,0,0,0,0,0,0,0,0,0,0,0,1,0,0,0,0,0
R292781885,0,0,0,0,0,0,0,0,0,0,0,1,0,0,0,0,0,0,0,0,0
R292787187,0,0,0,0,0,0,0,0,0,0,0,0,0,0,0,0,0,0,0,0,0
R292800871,0,0,0,0,0,0,0,0,0,0,0,0,0,0,0,0,0,0,0,0,0
R292810315,0,0,0,0,0,0,0,0,0,0,0,0,0,0,0,0,0,0,0,0,0
R292836366,0,0,0,0,0,0,0,0,0,0,0,1,0,0,0,0,0,0,0,0,0
R292876672,0,0,0,0,0,0,0,0,0,0,0,1,0,0,0,0,0,0,0,0,0
R292883690,0,0,0,0,0,0,0,0,0,0,0,0,0,0,0,0,0,0,0,0,0
R292890257,0,0,0,0,0,0,0,0,0,0,0,0,0,0,0,0,0,0,0,0,0
R292900317,0,0,0,0,0,0,0,0,0,0,0,0,0,0,0,0,0,0,0,0,0
R292915593,0,0,0,0,0,0,0,1,0,0,0,0,0,0,1,1,0,0,0,0,0
R292928409,0,0,0,0,0,0,0,0,0,0,0,1,0,0,0,0,0,0,0,0,0
R292929058,0,0,0,0,0,0,0,0,0,0,0,0,0,0,1,0,0,0,0,0,0
R293022254,0,0,0,0,0,0,1,1,0,0,0,1,0,0,1,0,0,0,0,0,0
R293055148,0,0,0,0,0,0,0,0,0,0,0,0,0,0,0,0,0,0,0,0,0
R293058205,0,0,0,0,0,0,0,0,0,0,0,1,0,0,1,0,0,0,0,0,0
R293090276,0,0,0,0,0,0,0,0,0,0,0,0,0,0,0,0,0,0,0,0,0
R293149519,0,0,0,0,0,0,0,0,0,0,0,0,0,0,0,0,0,0,0,0,0
R293240870,0,0,0,0,0,0,0,0,0,0,0,0,0,0,0,0,0,0,0,0,0
R293257858,0,0,0,0,0,0,0,0,0,0,0,0,0,0,0,1,0,0,0,0,0
R293303882,0,0,0,0,0,0,0,0,0,0,0,0,0,0,0,0,0,0,0,0,0
R293370758,0,0,0,0,0,0,0,0,0,0,0,0,0,0,0,0,0,0,0,0,0
R293378157,0,0,0,0,0,0,0,0,0,0,0,0,0,0,0,0,1,0,0,1,0
R293392792,0,0,0,0,0,0,0,0,0,0,0,1,0,0,0,0,0,0,0,0,0
R293395964,0,0,0,0,0,0,0,0,0,0,0,0,0,0,1,0,0,0,0,0,0
R293404657,0,0,0,0,0,0,0,0,0,0,0,0,0,0,0,0,0,0,0,0,0
R293423261,0,0,0,0,0,0,0,0,0,0,0,0,0,0,0,0,0,0,0,0,0
R293427598,0,0,0,0,0,0,0,0,0,0,0,0,0,0,0,0,0,0,0,0,0
R293443497,0,0,0,0,0,0,0,0,0,0,0,0,0,0,0,0,0,0,0,0,0
R293487422,0,0,0,0,0,0,0,0,0,0,0,1,0,0,0,0,1,0,0,1,0
R293523738,0,0,0,0,0,0,0,0,0,0,0,0,0,0,0,0,0,0,0,0,0
R293533924,0,0,0,0,0,0,0,0,0,0,0,0,0,0,0,0,0,0,0,0,0
R293543744,0,0,0,0,0,0,0,0,0,0,0,0,0,0,0,0,0,0,0,0,0
R293552833,0,0,0,0,0,0,1,1,0,0,0,0,0,0,0,0,0,0,0,0,0
R293557403,0,0,0,0,0,0,0,0,0,0,0,0,0,0,0,0,0,0,0,0,0
R293558305,0,0,0,0,0,0,0,0,0,0,0,0,0,0,0,0,0,0,0,0,0
R293560305,0,0,0,0,0,0,0,0,0,0,0,0,0,0,0,0,0,0,0,0,0
R293562909,0,0,0,0,0,0,1,1,0,0,0,0,0,0,0,0,0,0,0,0,0
R293583325,0,0,0,0,0,0,0,0,0,0,0,0,0,0,0,0,0,0,0,0,0
R293602506,0,0,0,0,0,0,0,0,0,0,0,0,0,0,0,0,0,0,0,0,0
R293615556,0,0,0,0,0,0,0,0,0,0,0,0,0,0,0,0,0,0,0,0,0
R293619914,0,0,0,0,0,0,0,0,0,0,0,0,0,0,0,0,0,0,0,0,0
R293695235,0,0,0,0,0,0,0,0,0,0,0,0,0,0,1,1,0,0,0,0,0
R293724934,0,0,0,0,0,0,0,0,0,0,0,0,0,0,0,0,0,0,0,0,0
R293727032,0,0,0,0,0,0,0,0,0,0,0,0,0,0,0,0,0,0,0,0,0
R293732670,0,0,0,0,0,0,0,0,0,0,0,0,0,0,0,0,0,0,0,0,0
R293746830,0,0,0,0,0,0,0,0,0,0,0,0,0,0,0,0,0,0,0,0,0
R293800908,0,0,0,0,0,0,0,0,0,0,0,0,0,0,0,0,0,0,0,0,0
R293818330,0,0,0,0,0,0,0,1,0,0,0,0,0,0,0,1,0,0,0,0,0
R293821627,0,0,0,0,0,0,0,0,0,0,0,0,0,0,0,0,0,0,0,0,0
R293834567,0,0,0,0,0,0,0,0,0,0,0,0,0,0,0,0,0,0,0,0,0
R293861198,0,0,0,0,0,0,0,0,0,0,0,0,0,0,0,0,0,0,0,0,0
R293863559,0,0,0,0,0,0,0,0,0,0,0,0,0,0,0,0,0,0,0,0,0
R293872928,0,0,0,0,0,0,0,0,0,0,0,0,0,0,0,0,0,0,0,0,0
R293882892,0,0,0,0,0,0,0,0,0,0,0,0,0,0,0,0,0,0,0,0,0
R293888264,0,0,0,0,0,0,0,0,0,0,0,0,0,0,0,0,1,0,0,1,0
R293897004,0,0,0,0,0,0,0,1,0,1,0,1,0,0,0,1,0,0,0,0,0
R294002741,0,0,0,0,0,0,0,0,0,0,0,0,0,0,0,0,0,0,0,0,0
R294029186,0,0,0,0,0,0,0,0,0,0,0,1,0,0,0,0,0,0,0,0,0
R294031938,0,0,0,0,0,0,0,0,0,0,0,0,0,0,0,0,0,0,0,0,0
R294041936,0,0,0,0,0,0,0,0,0,0,0,0,0,0,0,0,0,0,0,0,0
R294042930,0,0,0,0,0,0,0,0,0,0,0,0,0,0,0,0,0,0,0,0,0
R294049791,0,0,0,0,0,0,1,1,0,0,0,1,0,0,0,0,0,0,0,0,0
R294073253,0,0,0,0,0,0,0,0,0,0,0,0,0,0,0,0,0,0,0,1,0
R294116568,0,0,0,0,0,0,0,0,0,0,0,0,0,0,1,0,0,0,0,0,0
R294120367,0,0,0,0,0,0,0,1,0,0,0,0,0,0,0,0,0,0,0,1,0
R294128300,0,0,0,0,0,0,0,0,0,0,0,0,0,0,0,0,0,0,0,0,0
R294129228,0,0,0,0,0,0,0,0,0,0,0,0,0,0,0,0,0,0,0,0,0
R294154687,0,0,0,0,0,0,0,0,0,0,0,0,0,0,0,0,0,0,0,1,0
R294222470,0,0,0,0,0,0,0,0,0,0,0,0,0,0,0,0,0,0,0,0,0
R294234727,0,0,0,0,0,0,0,0,0,0,0,0,0,0,0,0,0,0,0,0,0
R294281702,0,0,0,0,0,0,1,1,0,0,0,1,0,0,1,0,0,0,0,0,0
R294282762,0,0,0,0,0,0,0,0,0,0,0,0,0,0,0,0,0,0,0,0,0
R294309587,0,0,0,0,0,0,0,0,0,0,0,1,0,0,0,0,0,0,0,0,0
R294343243,0,0,0,0,0,0,0,0,0,0,0,0,0,0,0,0,0,0,0,0,0
R294351414,0,0,0,0,0,0,0,0,0,0,0,0,0,0,0,0,0,0,0,0,0
R294363571,0,0,0,0,0,0,0,0,0,0,0,0,0,0,0,0,0,0,0,0,0
R294379949,0,0,0,0,0,0,1,1,0,0,0,1,0,0,0,0,0,0,0,0,0
R294383916,0,0,0,0,0,0,1,1,0,1,0,1,0,0,1,1,0,0,0,1,0
R294416929,0,0,0,0,0,0,0,0,0,0,0,1,0,0,1,0,0,0,1,0,0
R294427487,0,0,0,0,0,0,0,0,0,0,0,0,0,0,0,0,0,0,0,0,0
R294432441,0,0,0,0,0,0,0,0,0,0,0,0,0,0,0,0,0,0,0,0,0
R294476611,0,0,0,0,0,0,0,0,0,0,0,0,0,0,1,0,0,0,1,0,0
R294478456,0,0,0,0,0,0,1,1,0,0,0,0,0,0,0,0,0,0,0,0,0
R294480216,0,0,0,0,0,0,0,0,0,0,0,0,0,0,0,0,0,0,0,0,0
R294485965,0,0,0,0,0,0,0,0,0,0,0,0,0,0,0,0,0,0,0,0,0
R294564332,0,0,0,0,0,0,0,0,0,0,0,0,0,0,0,0,0,0,0,0,0
R294584703,0,0,0,0,0,0,1,1,0,1,0,1,0,0,1,1,0,1,1,0,0
R294611160,0,0,0,0,0,0,0,1,0,0,0,0,0,1,0,0,0,0,0,0,0
R294631897,0,0,0,0,0,0,0,0,0,0,0,0,0,0,1,0,0,0,0,0,0
R294684871,0,0,0,0,0,0,0,0,0,0,0,0,0,0,0,0,0,0,0,0,0
R294687012,0,0,0,0,0,0,0,0,0,0,0,0,0,0,0,0,0,0,0,1,0
R294753965,0,0,0,0,0,0,0,0,0,0,0,0,0,0,0,0,0,0,0,0,0
R294775153,0,0,0,0,0,0,0,0,0,0,0,0,0,0,0,0,0,0,0,0,0
R294786307,0,0,0,0,0,0,0,1,0,0,0,0,0,0,1,1,0,0,0,0,0
R294786482,0,0,0,0,0,0,0,0,0,0,0,0,0,0,0,1,0,0,0,0,0
R294790624,0,0,0,0,0,0,0,0,0,0,0,0,0,0,0,0,0,0,0,0,0
R294824747,0,0,0,0,0,0,0,0,0,0,0,0,0,0,0,0,0,0,0,0,0
R294834719,0,0,0,0,0,0,0,0,0,0,0,0,0,0,0,0,0,0,0,0,0
R294893963,0,0,0,0,0,0,0,0,0,0,0,0,0,0,0,0,0,0,0,0,0
R294904740,0,0,0,0,0,0,0,0,0,0,0,0,0,0,0,0,0,0,0,0,0
R294907399,0,0,0,0,0,0,0,0,0,0,0,0,0,0,0,0,0,0,0,0,0
R294908660,0,0,0,0,0,0,0,0,0,0,0,0,0,0,0,0,0,0,0,0,0
R294958999,0,0,0,0,0,0,0,0,0,0,0,1,0,0,0,0,0,0,0,0,0
R295017002,0,0,0,0,0,0,0,0,0,0,0,1,0,0,0,0,0,0,0,0,0
R295024482,0,0,0,0,0,0,0,0,0,0,0,0,0,0,0,0,0,0,0,0,0
R295026848,0,0,0,0,0,0,0,0,0,0,0,1,0,0,0,0,0,0,0,0,0
R295058846,0,0,0,0,0,0,0,0,0,0,0,1,0,0,0,1,0,0,0,0,0
R295084251,0,0,0,0,0,0,0,0,0,0,0,0,0,0,0,0,0,0,0,0,0
R295090907,0,0,0,0,0,0,0,0,0,0,0,0,0,0,0,0,1,0,0,1,0
R295107695,0,0,0,0,0,0,0,0,0,0,0,0,0,0,0,0,0,0,0,0,0
R295163699,0,0,0,0,0,0,0,0,0,0,0,0,0,0,0,0,0,0,0,0,0
R295166654,0,0,0,0,0,0,0,0,0,0,0,0,0,0,0,0,0,0,0,0,0
R295171078,0,0,0,0,0,0,0,0,0,0,0,0,0,0,0,0,0,0,0,0,0
R295182211,0,0,0,0,0,0,0,0,0,0,0,0,0,0,0,0,0,0,0,0,0
R295196853,0,0,0,0,0,0,0,0,0,0,0,0,0,0,1,0,1,0,0,1,0
R295212565,0,0,0,0,0,0,0,0,0,0,0,0,0,0,0,0,0,0,0,0,0
R295225239,0,0,0,0,0,0,0,0,0,0,0,0,0,0,0,0,0,0,0,0,0
R295238433,0,0,0,0,0,0,0,0,0,0,0,0,0,0,0,0,0,0,0,0,0
R295260689,0,0,0,0,0,0,0,0,0,0,0,0,0,0,0,0,0,0,0,0,0
R295264893,0,0,0,0,0,0,0,0,0,0,0,0,0,0,0,0,0,0,0,0,0
R295270404,0,0,0,0,0,0,0,0,0,0,0,0,0,0,0,0,0,0,0,0,0
R295274010,0,0,0,0,0,0,1,1,0,1,0,1,0,0,0,1,0,0,0,0,0
R295290723,0,0,0,0,0,0,0,0,0,0,0,0,0,0,0,0,0,0,0,0,0
R295290827,0,0,0,0,0,0,0,0,0,0,0,0,0,0,0,0,0,0,0,0,0
R295298505,0,0,0,0,0,0,0,0,0,0,0,0,0,0,0,0,0,0,0,0,0
R295305278,0,0,0,0,0,0,0,0,0,0,0,0,0,0,0,0,0,0,0,1,0
R295346831,0,0,0,0,0,0,0,0,0,0,0,0,0,0,0,0,0,0,0,0,0
R295357760,0,0,0,0,0,0,0,0,0,0,0,0,0,0,0,0,0,0,0,0,0
R295358949,0,0,0,0,0,0,0,0,0,0,0,0,0,0,0,0,0,0,0,0,0
R295359134,0,0,0,0,0,0,0,0,0,0,0,0,0,0,0,0,0,0,0,0,0
R295394972,0,0,0,0,0,0,0,0,0,0,0,1,0,0,0,0,0,0,0,0,0
R295443842,0,0,0,0,0,0,0,0,0,0,0,1,0,0,0,0,0,0,0,0,0
R295474967,0,0,0,0,0,0,0,0,0,0,0,0,0,0,0,0,0,0,0,0,0
R295510281,0,0,0,0,0,0,0,0,0,0,0,0,0,0,0,0,0,0,0,0,0
R295533982,0,0,0,0,0,0,0,0,0,1,0,0,0,0,0,1,0,0,0,0,0
R295550705,0,0,0,0,0,0,0,0,0,0,0,1,0,0,1,0,0,0,1,0,0
R295568414,0,0,0,0,0,0,0,0,0,0,0,1,0,0,0,1,0,0,0,0,0
R295642362,0,0,0,0,0,0,1,1,0,0,0,0,0,0,0,0,0,0,0,0,0
R295662555,0,0,0,0,0,0,0,0,0,0,0,1,0,0,0,0,0,0,0,0,0
R295678202,0,0,0,0,0,0,0,0,0,0,0,1,0,0,0,0,0,0,0,0,0
R295698571,0,0,0,0,0,0,0,0,0,0,0,0,0,0,0,0,0,0,0,0,0
R295704991,0,0,0,0,0,0,0,0,0,0,0,0,0,0,1,0,0,0,0,0,0
R295706009,0,0,0,0,0,0,0,0,0,0,0,0,0,0,0,0,0,0,0,0,0
R295724821,0,0,0,0,0,0,0,0,0,0,0,1,0,0,0,0,0,0,0,0,0
R295778072,0,0,0,0,0,0,0,0,0,0,0,0,0,0,0,0,0,0,0,0,0
R295779037,0,0,0,0,0,0,0,0,0,0,0,0,0,0,0,0,0,0,0,0,0
R295803461,0,0,0,0,0,0,0,0,0,0,0,0,0,0,0,0,0,0,0,0,0
R295806813,0,0,0,0,0,0,0,0,0,0,0,0,0,0,0,0,0,0,0,0,0
R295835858,0,0,0,0,0,0,0,0,0,0,0,0,0,0,0,0,0,0,0,0,0
R295857166,0,0,0,0,0,0,0,0,0,0,0,0,0,0,0,0,0,0,0,0,0
R295869816,0,0,0,0,0,0,0,0,0,0,0,0,0,0,0,0,0,0,0,0,0
R295885896,0,0,0,0,0,0,0,0,0,0,0,1,0,0,0,0,0,0,0,0,0
R295902099,0,0,0,0,0,0,0,0,0,0,0,0,0,0,0,0,0,0,0,0,0
R295920764,0,0,0,0,0,0,0,0,0,0,0,1,0,0,0,1,0,0,0,0,0
R295938904,0,0,0,0,0,0,0,0,0,0,0,0,0,0,0,0,0,0,0,0,0
R295944330,0,0,0,0,0,0,0,0,0,0,0,0,0,0,0,0,0,0,0,0,0
R295963861,0,0,0,0,0,0,0,0,0,0,0,0,0,0,0,0,0,0,0,0,0
R295968121,0,0,0,0,0,0,1,1,0,0,0,1,0,0,0,0,0,0,0,0,0
R296001363,0,0,0,0,0,0,0,0,0,0,0,0,0,0,0,0,0,0,0,0,0
R296003634,0,0,0,0,0,0,0,0,0,0,0,0,0,0,0,0,0,0,0,0,0
R296033326,0,0,0,0,0,0,0,0,0,0,0,0,0,0,0,0,0,0,0,0,0
R296033447,0,0,0,0,0,0,0,0,0,0,0,0,0,0,0,0,0,0,0,0,0
R296066965,0,0,0,0,0,0,0,1,0,0,0,1,0,1,0,1,0,0,0,0,0
R296077181,0,0,0,0,0,0,0,0,0,0,0,1,0,0,0,0,0,0,0,0,0
R296090974,0,0,0,0,0,0,0,0,0,0,0,0,0,0,1,0,0,0,1,0,0
R296099207,0,0,0,0,0,0,0,0,0,0,0,0,0,0,0,1,0,0,0,0,0
R296105087,0,0,0,0,0,0,0,0,0,0,0,0,0,0,0,0,0,0,0,0,0
R296108135,0,0,0,0,0,0,1,1,0,0,0,0,0,0,0,0,1,0,0,1,0
R296146717,0,0,0,0,0,0,0,0,0,0,0,0,0,0,0,0,0,0,0,0,0
R296180054,0,0,0,0,0,0,1,1,0,0,0,1,0,0,0,0,0,0,0,0,0
R296181348,0,0,0,0,0,0,0,0,0,0,0,0,0,0,0,0,0,0,0,0,0
R296189856,0,0,0,0,0,0,0,0,0,0,0,0,0,0,0,0,0,0,0,0,0
R296249612,0,0,0,0,0,0,1,1,0,0,0,1,0,0,0,0,1,0,0,1,0
R296250234,0,0,0,0,0,0,0,0,0,0,0,0,0,0,0,0,0,0,0,0,0
R296253662,0,0,0,0,0,0,0,0,0,0,0,0,0,0,0,0,0,0,0,0,0
R296265269,0,0,0,0,0,0,0,0,0,0,0,0,0,0,0,0,0,0,0,0,0
R296267801,0,0,0,0,0,0,0,0,0,0,0,0,0,0,0,0,0,0,0,0,0
R296269012,0,0,0,0,0,0,0,0,0,0,0,1,0,0,0,0,0,0,0,0,0
R296278257,0,0,0,0,0,0,0,0,0,0,0,0,0,0,1,0,0,0,1,0,0
R296299483,0,0,0,0,0,0,0,0,0,0,0,0,0,0,0,0,0,0,0,0,0
R296305554,0,0,0,0,0,0,1,1,0,0,0,0,0,0,0,0,0,0,0,1,0
R296408892,0,0,0,0,0,0,0,0,0,0,0,0,0,0,0,0,0,0,0,0,0
R296425451,0,0,0,0,0,0,0,0,0,0,0,0,0,0,0,0,0,0,0,0,0
R296438802,0,0,0,0,0,0,0,0,0,0,0,0,0,0,0,0,0,0,0,0,0
R296449208,0,0,0,0,0,0,0,0,0,0,0,0,0,0,0,0,0,0,0,0,0
R296476578,0,0,0,0,0,0,0,1,0,0,0,1,0,1,1,0,0,0,1,0,0
R296488094,0,0,0,0,0,0,0,0,0,0,0,0,0,0,0,0,0,0,0,0,0
R296518896,0,0,0,0,0,0,0,0,0,0,0,0,0,0,0,0,0,0,0,0,0
R296532969,0,0,0,0,0,0,0,0,0,0,0,0,0,0,0,1,0,0,0,0,0
R296536405,0,0,0,0,0,0,0,0,0,0,0,1,0,0,0,0,0,0,0,0,0
R296597379,0,0,0,0,0,0,1,1,0,0,0,1,0,0,0,0,0,0,0,0,0
R296610776,0,0,0,0,0,0,0,0,0,0,0,0,0,0,0,0,0,0,0,0,0
R296625160,0,0,0,0,0,0,0,0,0,0,0,0,0,0,0,0,0,0,0,0,0
R296633193,0,0,0,0,0,0,0,0,0,0,0,0,0,0,0,0,0,0,0,0,0
R296637287,0,0,0,0,0,0,1,1,0,0,0,1,0,0,0,0,0,0,0,0,0
R296638388,0,0,0,0,0,0,0,0,0,0,0,0,0,0,0,0,0,0,0,0,0
R296641296,0,0,0,0,0,0,0,0,0,0,0,0,0,0,0,0,0,0,0,0,0
R296643464,0,0,0,0,0,0,0,0,0,0,0,1,0,0,0,0,0,0,0,0,0
R296723909,0,0,0,0,0,0,0,0,0,0,0,0,0,0,0,0,0,0,0,0,0
R296743370,0,0,0,0,0,0,0,0,0,0,0,0,0,0,0,0,0,0,0,0,0
R296750200,0,0,0,0,0,0,0,0,0,0,0,0,0,0,1,0,0,0,0,0,0
R296750944,0,0,0,0,0,0,1,1,0,1,0,1,0,1,0,1,0,0,0,1,0
R296814547,0,0,0,0,0,0,0,0,0,0,0,0,0,0,0,0,0,0,0,0,0
R296824133,0,0,0,0,0,0,0,0,0,0,0,0,0,0,0,0,0,0,0,0,0
R296905615,0,0,0,0,0,0,0,0,0,0,0,0,0,0,0,0,0,0,0,0,0
R296912133,0,0,0,0,0,0,0,0,0,0,0,0,0,0,0,0,0,0,0,0,0
R296944911,0,0,0,0,0,0,0,0,0,0,0,0,0,0,0,0,0,0,0,0,0
R296945917,0,0,0,0,0,0,0,0,0,0,0,0,0,0,0,0,0,0,0,0,0
R296962227,0,0,0,0,0,0,0,0,0,0,0,1,0,0,1,0,0,0,1,0,0
R296985580,0,0,0,0,0,0,0,0,0,0,0,0,0,0,0,0,0,0,0,0,0
R296995801,0,0,0,0,0,0,0,0,0,0,0,0,0,0,0,0,0,0,0,0,0
R297008693,0,0,0,0,0,0,0,0,0,0,0,0,0,0,0,0,1,0,0,1,0
R297021197,0,0,0,0,0,0,0,0,0,0,0,1,0,0,0,0,0,0,0,0,0
R297023831,0,0,0,0,0,0,0,0,0,0,0,0,0,0,0,0,0,0,0,0,0
R297037054,0,0,0,0,0,0,0,0,0,0,0,0,0,0,0,1,0,0,0,0,0
R297046879,0,0,0,0,0,0,1,1,0,0,0,1,0,0,0,0,0,0,0,0,0
R297065575,0,0,0,0,0,0,0,0,0,0,0,1,0,0,0,0,0,0,0,0,0
R297076258,0,0,0,0,0,0,1,1,0,0,0,0,0,0,0,0,0,0,0,0,0
R297096907,0,0,0,0,0,0,1,1,0,0,0,0,0,0,0,0,0,0,0,0,0
R297106120,0,0,0,0,0,0,0,0,0,0,0,0,0,0,0,0,0,0,0,0,0
R297133148,0,0,0,0,0,0,0,0,0,0,0,0,0,0,0,0,0,0,0,0,0
R297152156,0,0,0,0,0,0,0,0,0,0,0,0,0,0,0,0,0,0,0,0,0
R297155888,0,0,0,0,0,0,0,0,0,0,0,0,0,0,0,0,0,0,0,0,0
R297175671,0,0,0,0,0,0,0,0,0,0,0,1,0,0,0,0,0,0,0,0,0
R297290731,0,0,0,0,0,0,1,1,0,0,0,1,0,0,1,0,0,0,0,0,0
R297314112,0,0,0,0,0,0,0,0,0,0,0,1,0,0,0,0,0,0,0,0,0
R297319393,0,0,0,0,0,0,0,1,0,0,0,1,0,1,0,1,0,0,0,0,0
R297330532,0,0,0,0,0,0,0,0,0,0,0,0,0,0,0,0,0,0,0,0,0
R297332764,0,0,0,0,0,0,0,0,0,0,0,0,0,0,0,0,0,0,0,0,0
R297333600,0,0,0,0,0,0,0,0,0,0,0,0,0,0,0,0,0,0,0,0,0
R297339431,0,0,0,0,0,0,0,0,0,0,0,0,0,0,0,0,0,0,0,0,0
R297348005,0,0,0,0,0,0,1,1,0,0,0,0,0,0,0,0,0,0,0,0,0
R297348781,0,0,0,0,0,0,0,0,0,0,0,0,0,0,0,0,0,0,0,0,0
R297359979,0,0,0,0,0,0,0,0,0,0,0,0,0,0,0,0,0,0,0,0,0
R297385503,0,0,0,0,0,0,0,0,0,0,0,0,0,0,0,0,0,0,0,0,0
R297395079,0,0,0,0,0,0,0,0,0,0,0,0,0,0,1,0,0,0,1,0,0
R297404146,0,0,0,0,0,0,0,0,0,0,0,0,0,0,0,1,0,0,0,1,0
R297409527,0,0,0,0,0,0,0,1,0,1,0,0,0,0,0,1,0,0,0,0,0
R297454241,0,0,0,0,0,0,0,0,0,0,0,0,0,0,0,0,0,0,0,0,0
R297497467,0,0,0,0,0,0,1,1,0,0,0,1,0,0,0,1,0,0,0,0,0
R297542552,0,0,0,0,0,0,0,0,0,0,0,0,0,0,0,1,0,0,0,0,0
R297591420,0,0,0,0,0,0,1,1,0,1,0,1,0,0,1,1,0,0,1,0,0
R297594823,0,0,0,0,0,0,0,0,0,0,0,0,0,0,0,0,0,0,0,0,0
R297624281,0,0,0,0,0,0,0,0,0,0,0,1,0,0,0,0,0,0,0,0,0
R297632471,0,0,0,0,0,0,0,0,0,0,0,0,0,0,0,0,0,0,0,0,0
R297654855,0,0,0,0,0,0,0,0,0,0,0,0,0,0,0,0,0,0,0,0,0
R297664279,0,0,0,0,0,0,0,0,0,0,0,0,0,0,1,0,0,0,1,0,0
R297671987,0,0,0,0,0,0,0,0,0,0,0,0,0,0,0,0,0,0,0,0,0
R297751270,0,0,0,0,0,0,0,0,0,0,0,0,0,0,0,0,0,0,0,0,0
R297786553,0,0,0,0,0,0,0,0,0,0,0,1,0,0,1,0,0,0,1,0,0
R297835054,0,0,0,0,0,0,0,0,0,0,0,0,0,0,0,0,0,0,0,0,0
R297894418,0,0,0,0,0,0,0,0,0,0,0,0,0,0,0,0,0,0,0,0,0
R297923817,0,0,0,0,0,0,0,0,0,0,0,0,0,0,0,0,0,0,0,0,0
R297937735,0,0,0,0,0,0,0,0,0,0,0,0,0,0,1,1,0,0,1,0,0
R297948015,0,0,0,0,0,0,0,0,0,0,0,0,0,0,1,1,0,0,1,0,0
R297974387,0,0,0,0,0,0,0,0,0,0,0,0,0,0,0,0,0,0,0,0,0
R297984684,0,0,0,0,0,0,0,0,0,0,0,0,0,0,0,0,1,0,0,1,0
R297992091,0,0,0,0,0,0,0,0,0,0,0,0,0,0,0,0,0,0,0,0,0
R298002403,0,0,0,0,0,0,0,0,0,0,0,0,0,0,0,0,0,0,0,0,0
R298057723,0,0,0,0,0,0,0,0,0,0,0,1,0,0,0,0,0,0,0,0,0
R298060222,0,0,0,0,0,0,0,0,0,0,0,1,0,0,0,0,0,0,0,0,0
R298088807,0,0,0,0,0,0,1,1,0,0,0,0,0,0,1,0,0,0,0,0,0
R298103339,0,0,0,0,0,0,1,1,0,0,0,1,0,0,1,0,0,0,1,1,0
R298116789,0,0,0,0,0,0,0,0,0,0,0,0,0,0,0,0,0,0,0,0,0
R298131673,0,0,0,0,0,0,0,0,0,0,0,0,0,0,0,0,0,0,0,0,0
R298145047,0,0,0,0,0,0,0,0,0,0,0,1,0,0,0,0,0,0,0,0,0
R298149312,0,0,0,0,0,0,0,0,0,0,0,0,0,0,0,0,0,0,0,0,0
R298157049,0,0,0,0,0,0,0,0,0,0,0,1,0,0,0,0,0,0,0,0,0
R298165684,0,0,0,0,0,0,0,0,0,1,0,1,0,0,0,1,0,0,0,0,0
R298172106,0,0,0,0,0,0,1,1,0,0,0,0,0,0,1,0,0,0,1,0,0
R298196043,0,0,0,0,0,0,0,0,0,0,0,0,0,0,0,0,0,0,0,0,0
R298214171,0,0,0,0,0,0,0,0,0,0,0,0,0,0,0,0,0,0,0,0,0
R298218663,0,0,0,0,0,0,0,0,0,0,0,0,0,0,0,0,0,0,0,0,0
R298225743,0,0,0,0,0,0,0,0,0,0,0,1,0,0,0,0,0,0,0,0,0
R298241135,0,0,0,0,0,0,0,0,0,0,0,0,0,0,0,0,0,0,0,0,0
R298263673,0,0,0,0,0,0,0,0,0,0,0,0,0,0,1,0,0,0,0,0,0
R298273913,0,0,0,0,0,0,0,0,0,0,0,0,0,0,0,0,0,0,0,0,0
R298286713,0,0,0,0,0,0,0,0,0,0,0,0,0,0,0,0,0,0,0,0,0
R298305234,0,0,0,0,0,0,0,0,0,0,0,0,0,0,0,0,0,0,0,0,0
R298306108,0,0,0,0,0,0,0,0,0,0,0,0,0,0,0,0,0,0,0,0,0
R298309542,0,0,0,0,0,0,0,0,0,0,0,0,0,0,0,0,0,0,0,0,0
R298311080,0,0,0,0,0,0,0,0,0,0,0,0,0,0,0,0,0,0,0,0,0
R298330232,0,0,0,0,0,0,0,0,0,0,0,0,0,0,0,0,0,0,0,0,0
R298388916,0,0,0,0,0,0,0,0,0,0,0,0,0,0,0,0,0,0,0,0,0
R298421605,0,0,0,0,0,0,0,0,0,0,0,1,0,0,0,0,0,0,0,0,0
R298449164,0,0,0,0,0,0,0,0,0,0,0,1,0,0,0,0,0,1,0,0,0
R298507258,0,0,0,0,0,0,0,0,0,0,0,0,0,0,0,0,0,0,0,0,0
R298511644,0,0,0,0,0,0,1,1,0,0,0,1,0,0,0,0,1,0,0,1,0
R298528134,0,0,0,0,0,0,0,0,0,0,0,1,0,0,0,0,0,0,0,0,0
R298534893,0,0,0,0,0,0,0,0,0,0,0,0,0,0,0,0,0,0,0,0,0
R298547094,0,0,0,0,0,0,1,1,0,0,0,1,0,0,0,0,0,0,0,0,0
R298558858,0,0,0,0,0,0,0,0,0,0,0,0,0,0,0,0,0,0,0,0,0
R298562741,0,0,0,0,0,0,0,0,0,0,0,0,0,0,0,0,0,0,0,0,0
R298573444,0,0,0,0,0,0,0,0,0,0,0,0,0,0,1,0,0,0,1,0,0
R298595418,0,0,0,0,0,0,0,1,0,0,0,1,0,0,0,0,0,0,0,0,0
R298596298,0,0,0,0,0,0,0,0,0,0,0,0,0,0,0,0,0,0,0,0,0
R298614615,0,0,0,0,0,0,0,0,0,0,0,0,0,0,0,0,0,0,0,0,0
R298659420,0,0,0,0,0,0,1,1,0,0,0,1,0,0,0,0,0,0,0,1,0
R298688169,0,0,0,0,0,0,0,0,0,0,0,1,0,0,0,0,0,0,0,0,0
R298700636,0,0,0,0,0,0,0,0,0,0,0,0,0,0,0,0,0,0,0,0,0
R298746331,0,0,0,0,0,0,0,0,0,0,0,0,0,0,0,0,0,0,0,0,0
R298755585,0,0,0,0,0,0,0,0,0,0,0,0,0,0,0,0,0,0,0,0,0
R298790618,0,0,0,0,0,0,0,0,0,0,0,0,0,0,0,0,0,0,0,0,0
R298808583,0,0,0,0,0,0,0,0,0,0,0,0,0,0,0,0,0,0,0,0,0
R298850956,0,0,0,0,0,0,0,0,0,0,0,0,0,0,0,0,0,0,0,0,0
R298856878,0,0,0,0,0,0,0,0,0,0,0,0,0,0,0,0,0,0,0,1,0
R298877610,0,0,0,0,0,0,0,0,0,0,0,0,0,0,0,0,0,0,0,0,0
R298880424,0,0,0,0,0,0,0,0,0,0,0,0,0,0,0,0,0,0,0,0,0
R298904689,0,0,0,0,0,0,1,1,0,0,0,0,0,0,1,0,0,0,0,0,0
R298927254,0,0,0,0,0,0,0,0,0,0,0,1,0,0,0,0,0,0,0,0,0
R298954177,0,0,0,0,0,0,1,1,0,0,0,0,0,0,1,0,0,0,0,0,0
R298958879,0,0,0,0,0,0,0,0,0,0,0,0,0,0,0,0,0,0,0,0,0
R298958912,0,0,0,0,0,0,0,0,0,0,0,1,0,0,0,0,0,0,0,0,0
R299001291,0,0,0,0,0,0,0,0,0,0,0,0,0,0,0,0,0,0,0,1,0
R299014862,0,0,0,0,0,0,0,1,0,0,0,1,0,1,0,0,0,0,0,0,0
R299016605,0,0,0,0,0,0,0,0,0,0,0,0,0,0,0,0,0,0,0,0,0
R299024902,0,0,0,0,0,0,0,0,0,0,0,0,0,0,0,0,0,0,0,0,0
R299033220,0,0,0,0,0,0,0,0,0,0,1,1,0,0,1,1,0,0,0,0,0
R299043564,0,0,0,0,0,0,0,0,0,0,0,0,0,0,0,0,0,0,0,0,0
R299055939,0,0,0,0,0,0,0,0,0,0,0,0,0,0,0,0,0,0,0,0,0
R299082880,0,0,0,0,0,0,0,0,0,0,0,0,0,0,1,0,0,0,1,0,0
R299148132,0,0,0,0,0,0,0,0,0,0,0,0,0,0,0,0,0,0,0,0,0
R299149919,0,0,0,0,0,0,0,0,0,0,0,0,0,0,0,0,0,0,0,0,0
R299242060,0,0,0,0,0,0,1,1,0,0,0,1,0,0,0,1,0,0,0,0,0
R299250134,0,0,0,0,0,0,0,0,0,0,0,0,0,0,0,0,0,0,0,0,0
R299258183,0,0,0,0,0,0,0,0,0,0,0,0,0,0,0,0,0,0,0,0,0
R299258366,0,0,0,0,0,0,0,0,0,0,0,0,0,0,0,0,0,0,0,0,0
R299264371,0,0,0,0,0,0,0,0,0,0,0,0,0,0,0,0,0,0,0,1,0
R299299210,0,0,0,0,0,0,0,0,0,0,0,0,0,0,0,0,0,0,0,0,0
R299330562,0,0,0,0,0,0,0,0,0,0,0,0,0,0,0,0,0,0,0,0,0
R299332264,0,0,0,0,0,0,0,0,0,0,0,0,0,0,0,0,0,0,0,0,0
R299368898,0,0,0,0,0,0,0,0,0,0,0,1,0,0,0,0,0,0,0,0,0
R299413745,0,0,0,0,0,0,0,0,0,0,0,0,0,0,0,0,0,0,0,0,0
R299420380,0,0,0,0,0,0,1,1,0,0,0,0,0,0,0,0,0,0,0,0,0
R299439256,0,0,0,0,0,0,0,0,0,0,0,0,0,0,0,0,0,0,0,0,0
R299445512,0,0,0,0,0,0,0,0,0,0,0,1,0,0,0,0,1,0,0,1,0
R299458492,0,0,0,0,0,0,0,0,0,0,0,0,0,0,0,0,0,0,0,0,0
R299481069,0,0,0,0,0,0,0,0,0,0,0,0,0,0,0,0,0,0,0,0,0
R299496545,0,0,0,0,0,0,0,0,0,0,0,0,0,0,0,0,0,0,0,0,0
R299527431,0,0,0,0,0,0,1,1,0,0,0,0,0,0,1,0,0,0,0,0,0
R299533564,0,0,0,0,0,0,0,0,0,0,0,0,0,0,0,0,0,0,0,0,0
R299570229,0,0,0,0,0,0,0,0,0,0,0,0,0,0,0,0,0,0,0,0,0
R299600705,0,0,0,0,0,0,0,1,0,0,0,0,0,0,1,0,0,0,1,0,0
R299606134,0,0,0,0,0,0,0,0,0,0,0,0,0,0,0,0,0,0,0,0,0
R299624798,0,0,0,0,0,0,1,1,0,0,0,1,0,0,0,0,0,0,0,0,0
R299629993,0,0,0,0,0,0,0,0,0,0,0,0,0,0,0,0,0,0,0,0,0
R299647633,0,0,0,0,0,0,0,0,0,0,0,0,0,0,0,0,0,0,0,0,0
R299659188,0,0,0,0,0,0,0,0,0,0,0,1,0,0,0,0,0,0,0,0,0
R299677808,0,0,0,0,0,0,0,0,0,1,0,1,0,0,0,1,0,0,0,0,0
R299680045,0,0,0,0,0,0,0,0,0,0,0,0,0,0,0,0,0,0,0,0,0
R299683383,0,0,0,0,0,0,0,0,0,0,0,0,0,0,0,0,0,0,0,0,0
R299691352,0,0,0,0,0,0,0,0,0,0,0,0,0,0,0,0,0,0,0,0,0
R299767279,0,0,0,0,0,0,0,0,0,0,0,0,0,0,0,0,0,0,0,0,0
R299797650,0,0,0,0,0,0,0,0,0,0,0,0,0,0,0,0,0,0,0,0,0
R299813881,0,0,0,0,0,0,0,0,0,0,0,0,0,0,0,0,0,0,0,0,0
R299869409,0,0,0,0,0,0,0,0,0,0,0,1,0,0,0,0,0,0,0,0,0
R299882604,0,0,0,0,0,0,0,0,0,0,0,0,0,0,0,0,1,0,0,1,0
R299893882,0,0,0,0,0,0,1,1,0,0,0,1,0,0,0,0,0,0,0,0,0
R299921196,0,0,0,0,0,0,0,0,0,0,0,0,0,0,0,0,0,0,0,0,0
R299945083,0,0,0,0,0,0,0,0,0,0,0,0,0,0,0,0,0,0,0,0,0
R299977408,0,0,0,0,0,0,0,0,0,0,0,0,0,0,0,0,0,0,0,0,0
R299999621,0,0,0,0,0,0,0,0,0,0,0,0,0,0,0,0,0,0,0,0,0
